# This file uses centimeters as units for non-parametric coordinates.

mtllib light.mtl
g default
v -2.556758 0.642505 0.113844
v -2.301082 0.642505 0.113844
v -2.045406 0.642505 0.113844
v -1.789731 0.642505 0.113844
v -1.534055 0.642505 0.113844
v -1.278379 0.642505 0.113844
v -1.022703 0.642505 0.113844
v -0.767027 0.642505 0.113844
v -0.511352 0.642505 0.113844
v -0.255676 0.642505 0.113844
v -0.000000 0.642505 0.113844
v 0.255676 0.642505 0.113844
v 0.511351 0.642505 0.113844
v 0.767027 0.642505 0.113844
v 1.022703 0.642505 0.113844
v 1.278379 0.642505 0.113844
v 1.534054 0.642505 0.113844
v 1.789730 0.642505 0.113844
v 2.045406 0.642505 0.113844
v 2.301082 0.642505 0.113844
v 2.556758 0.642505 0.113844
v 2.812433 0.642505 0.113844
v 3.068109 0.642505 0.113844
v 3.323785 0.642505 0.113844
v -2.556758 0.749209 0.113844
v -2.301082 0.749209 0.113844
v -2.045406 0.749209 0.113844
v -1.789731 0.749209 0.113844
v -1.534055 0.749209 0.113844
v -1.278379 0.749209 0.113844
v -1.022703 0.749209 0.113844
v -0.767027 0.749209 0.113844
v -0.511352 0.749209 0.113844
v -0.255676 0.749209 0.113844
v -0.000000 0.749209 0.113844
v 0.255676 0.749209 0.113844
v 0.511351 0.749209 0.113844
v 0.767027 0.749209 0.113844
v 1.022703 0.749209 0.113844
v 1.278379 0.749209 0.113844
v 1.534054 0.749209 0.113844
v 1.789730 0.749209 0.113844
v 2.045406 0.749209 0.113844
v 2.301082 0.749209 0.113844
v 2.556758 0.749209 0.113844
v 2.812433 0.749209 0.113844
v 3.068109 0.749209 0.113844
v 3.323785 0.749209 0.113844
v -2.556758 0.855914 0.113844
v -2.196015 0.807552 0.113844
v -2.044745 0.758831 0.113844
v -1.893728 0.808328 0.113844
v -1.534055 0.855914 0.113844
v -1.173312 0.807552 0.113844
v -1.022042 0.758831 0.113844
v -0.871025 0.808328 0.113844
v -0.511352 0.855914 0.113844
v -0.150609 0.807552 0.113844
v 0.000661 0.758830 0.113844
v 0.151678 0.808328 0.113844
v 0.612804 0.810212 0.113844
v 0.763200 0.758858 0.113844
v 0.915059 0.805713 0.113844
v 1.278379 0.855914 0.113844
v 1.639121 0.807552 0.113844
v 1.790391 0.758831 0.113844
v 1.941408 0.808328 0.113844
v 2.301082 0.855914 0.113844
v 2.661824 0.807552 0.113844
v 2.813094 0.758831 0.113844
v 2.964112 0.808328 0.113844
v 3.323785 0.855914 0.113844
v -2.556758 0.962619 0.113844
v -2.289758 0.935882 0.113844
v -2.069486 1.008300 0.042923
v -1.800647 0.937139 0.113844
v -1.534055 0.962619 0.113844
v -1.267055 0.935882 0.113844
v -1.036644 1.008300 0.042923
v -0.777944 0.937139 0.113844
v -0.511352 0.962619 0.113844
v -0.244352 0.935882 0.113844
v -0.003802 1.008300 0.042923
v 0.244760 0.937139 0.113844
v 0.521315 0.940159 0.113844
v 0.770829 1.008300 0.042923
v 1.010374 0.932879 0.113844
v 1.278379 0.962619 0.113844
v 1.545379 0.935882 0.113844
v 1.803671 1.008300 0.042923
v 2.034490 0.937139 0.113844
v 2.301082 0.962619 0.113844
v 2.568082 0.935882 0.113844
v 2.836513 1.008300 0.042923
v 3.057193 0.937139 0.113844
v 3.323785 0.962619 0.113844
v -2.556758 1.069324 0.113844
v -2.290166 1.094804 0.113844
v -2.069486 1.136878 0.042923
v -1.801055 1.096061 0.113844
v -1.534055 1.069324 0.113844
v -1.267463 1.094804 0.113844
v -1.036644 1.136878 0.042923
v -0.778352 1.096061 0.113844
v -0.511352 1.069324 0.113844
v -0.244760 1.094804 0.113844
v -0.003802 1.136878 0.042923
v 0.244351 1.096061 0.113844
v 0.523680 1.099063 0.113844
v 0.770829 1.136877 0.042923
v 1.012739 1.091784 0.113844
v 1.278379 1.069324 0.113844
v 1.544971 1.094804 0.113844
v 1.803671 1.136878 0.042923
v 2.034082 1.096061 0.113844
v 2.301082 1.069324 0.113844
v 2.567673 1.094804 0.113844
v 2.836513 1.136878 0.042923
v 3.056785 1.096061 0.113844
v 3.323785 1.069324 0.113844
v -2.556758 1.176028 0.113844
v -2.197085 1.223615 0.113844
v -2.046067 1.273113 0.113844
v -1.894797 1.224391 0.113844
v -1.534055 1.176028 0.113844
v -1.174381 1.223615 0.113844
v -1.023364 1.273113 0.113844
v -0.872094 1.224391 0.113844
v -0.511352 1.176028 0.113844
v -0.151678 1.223615 0.113844
v -0.000661 1.273113 0.113844
v 0.150609 1.224391 0.113844
v 0.618996 1.226230 0.113844
v 0.770854 1.273085 0.113844
v 0.921251 1.221731 0.113844
v 1.278379 1.176028 0.113844
v 1.638052 1.223615 0.113844
v 1.789069 1.273113 0.113844
v 1.940339 1.224391 0.113844
v 2.301082 1.176028 0.113844
v 2.660755 1.223615 0.113844
v 2.811772 1.273113 0.113844
v 2.963042 1.224391 0.113844
v 3.323785 1.176028 0.113844
v -2.556758 1.282733 0.113844
v -2.301082 1.282733 0.113844
v -2.045406 1.282733 0.113844
v -1.789731 1.282733 0.113844
v -1.534055 1.282733 0.113844
v -1.278379 1.282733 0.113844
v -1.022703 1.282733 0.113844
v -0.767027 1.282733 0.113844
v -0.511352 1.282733 0.113844
v -0.255676 1.282733 0.113844
v -0.000000 1.282733 0.113844
v 0.255676 1.282733 0.113844
v 0.511351 1.282733 0.113844
v 0.767027 1.282733 0.113844
v 1.022703 1.282733 0.113844
v 1.278379 1.282733 0.113844
v 1.534054 1.282733 0.113844
v 1.789730 1.282733 0.113844
v 2.045406 1.282733 0.113844
v 2.301082 1.282733 0.113844
v 2.556758 1.282733 0.113844
v 2.812433 1.282733 0.113844
v 3.068109 1.282733 0.113844
v 3.323785 1.282733 0.113844
v -2.556758 1.389440 0.113844
v -2.301082 1.389440 0.113844
v -2.045406 1.389440 0.113844
v -1.789731 1.389440 0.113844
v -1.534055 1.389440 0.113844
v -1.278379 1.389440 0.113844
v -1.022703 1.389440 0.113844
v -0.767027 1.389440 0.113844
v -0.511352 1.389440 0.113844
v -0.255676 1.389440 0.113844
v -0.000000 1.389440 0.113844
v 0.255676 1.389440 0.113844
v 0.511351 1.389440 0.113844
v 0.767027 1.389440 0.113844
v 1.022703 1.389440 0.113844
v 1.278379 1.389440 0.113844
v 1.534054 1.389440 0.113844
v 1.789730 1.389440 0.113844
v 2.045406 1.389440 0.113844
v 2.301082 1.389440 0.113844
v 2.556758 1.389440 0.113844
v 2.812433 1.389440 0.113844
v 3.068109 1.389440 0.113844
v 3.323785 1.389440 0.113844
v -2.556758 1.496144 0.113844
v -2.301082 1.496144 0.113844
v -2.045406 1.496144 0.113844
v -1.789731 1.496144 0.113844
v -1.534055 1.496144 0.113844
v -1.278379 1.496144 0.113844
v -1.022703 1.496144 0.113844
v -0.767027 1.496144 0.113844
v -0.511352 1.496144 0.113844
v -0.255676 1.496144 0.113844
v -0.000000 1.496144 0.113844
v 0.255676 1.496144 0.113844
v 0.511351 1.496144 0.113844
v 0.767027 1.496144 0.113844
v 1.022703 1.496144 0.113844
v 1.278379 1.496144 0.113844
v 1.534054 1.496144 0.113844
v 1.789730 1.496144 0.113844
v 2.045406 1.496144 0.113844
v 2.301082 1.496144 0.113844
v 2.556758 1.496144 0.113844
v 2.812433 1.496144 0.113844
v 3.068109 1.496144 0.113844
v 3.323785 1.496144 0.113844
v -2.556758 1.602847 0.113844
v -2.196742 1.555012 0.113844
v -2.045643 1.505764 0.113844
v -1.894454 1.554734 0.113844
v -1.534055 1.602847 0.113844
v -1.174039 1.555012 0.113844
v -1.022940 1.505764 0.113844
v -0.871751 1.554734 0.113844
v -0.511352 1.602847 0.113844
v -0.151336 1.555012 0.113844
v -0.000237 1.505764 0.113844
v 0.150953 1.554734 0.113844
v 0.610658 1.558772 0.113844
v 0.760508 1.505846 0.113844
v 0.912849 1.551108 0.113844
v 1.278379 1.602847 0.113844
v 1.638395 1.555012 0.113844
v 1.789494 1.505764 0.113844
v 1.940683 1.554734 0.113844
v 2.301082 1.602847 0.113844
v 2.661098 1.555012 0.113844
v 2.812196 1.505764 0.113844
v 2.963386 1.554734 0.113844
v 3.323785 1.602847 0.113844
v -2.556758 1.709553 0.113844
v -2.290036 1.683669 0.113844
v -2.069486 1.715601 0.042923
v -1.800923 1.683219 0.113844
v -1.534055 1.709553 0.113844
v -1.267333 1.683669 0.113844
v -1.036644 1.715601 0.042923
v -0.778220 1.683219 0.113844
v -0.511352 1.709553 0.113844
v -0.244630 1.683669 0.113844
v -0.003802 1.715601 0.042923
v 0.244483 1.683219 0.113844
v 0.520535 1.689669 0.113844
v 0.770829 1.715601 0.042923
v 1.009491 1.677270 0.113844
v 1.278379 1.709553 0.113844
v 1.545101 1.683669 0.113844
v 1.803671 1.715601 0.042923
v 2.034214 1.683219 0.113844
v 2.301082 1.709553 0.113844
v 2.567804 1.683668 0.113844
v 2.836513 1.715601 0.042923
v 3.056916 1.683219 0.113844
v 3.323785 1.709553 0.113844
v -2.556758 1.816257 0.113844
v -2.289889 1.842591 0.113844
v -2.069486 1.844179 0.042923
v -1.800777 1.842141 0.113844
v -1.534055 1.816257 0.113844
v -1.267186 1.842591 0.113844
v -1.036644 1.844179 0.042923
v -0.778074 1.842141 0.113844
v -0.511352 1.816257 0.113844
v -0.244483 1.842591 0.113844
v -0.003802 1.844179 0.042923
v 0.244629 1.842141 0.113844
v 0.524564 1.848540 0.113844
v 0.770829 1.844179 0.042923
v 1.013520 1.836141 0.113844
v 1.278379 1.816257 0.113844
v 1.545247 1.842591 0.113844
v 1.803671 1.844179 0.042923
v 2.034360 1.842141 0.113844
v 2.301082 1.816257 0.113844
v 2.567950 1.842591 0.113844
v 2.836513 1.844179 0.042923
v 3.057062 1.842141 0.113844
v 3.323785 1.816257 0.113844
v -2.556758 1.922962 0.113844
v -2.196359 1.971076 0.113844
v -2.045170 2.020047 0.113844
v -1.894071 1.970798 0.113844
v -1.534055 1.922962 0.113844
v -1.173656 1.971076 0.113844
v -1.022467 2.020046 0.113844
v -0.871368 1.970798 0.113844
v -0.511352 1.922962 0.113844
v -0.150953 1.971076 0.113844
v 0.000236 2.020047 0.113844
v 0.151335 1.970798 0.113844
v 0.621206 1.974702 0.113844
v 0.773546 2.019964 0.113844
v 0.923397 1.967038 0.113844
v 1.278379 1.922962 0.113844
v 1.638778 1.971076 0.113844
v 1.789967 2.020047 0.113844
v 1.941066 1.970798 0.113844
v 2.301082 1.922962 0.113844
v 2.661480 1.971076 0.113844
v 2.812670 2.020046 0.113844
v 2.963768 1.970798 0.113844
v 3.323785 1.922962 0.113844
v -2.556758 2.029666 0.113844
v -2.301082 2.029666 0.113844
v -2.045406 2.029666 0.113844
v -1.789731 2.029666 0.113844
v -1.534055 2.029666 0.113844
v -1.278379 2.029666 0.113844
v -1.022703 2.029666 0.113844
v -0.767027 2.029666 0.113844
v -0.511352 2.029666 0.113844
v -0.255676 2.029666 0.113844
v -0.000000 2.029666 0.113844
v 0.255676 2.029666 0.113844
v 0.511351 2.029666 0.113844
v 0.767027 2.029666 0.113844
v 1.022703 2.029666 0.113844
v 1.278379 2.029666 0.113844
v 1.534054 2.029666 0.113844
v 1.789730 2.029666 0.113844
v 2.045406 2.029666 0.113844
v 2.301082 2.029666 0.113844
v 2.556758 2.029666 0.113844
v 2.812433 2.029666 0.113844
v 3.068109 2.029666 0.113844
v 3.323785 2.029666 0.113844
v -2.556758 2.136371 0.113844
v -2.301082 2.136371 0.113844
v -2.045406 2.136371 0.113844
v -1.789731 2.136371 0.113844
v -1.534055 2.136371 0.113844
v -1.278379 2.136371 0.113844
v -1.022703 2.136371 0.113844
v -0.767027 2.136371 0.113844
v -0.511352 2.136371 0.113844
v -0.255676 2.136371 0.113844
v -0.000000 2.136371 0.113844
v 0.255676 2.136371 0.113844
v 0.511351 2.136371 0.113844
v 0.767027 2.136371 0.113844
v 1.022703 2.136371 0.113844
v 1.278379 2.136371 0.113844
v 1.534054 2.136371 0.113844
v 1.789730 2.136371 0.113844
v 2.045406 2.136371 0.113844
v 2.301082 2.136371 0.113844
v 2.556758 2.136371 0.113844
v 2.812433 2.136371 0.113844
v 3.068109 2.136371 0.113844
v 3.323785 2.136371 0.113844
v -2.556758 2.243075 0.113844
v -2.197105 2.195504 0.113844
v -2.046092 2.145992 0.113844
v -1.894817 2.194698 0.113844
v -1.534055 2.243075 0.113844
v -1.174401 2.195504 0.113844
v -1.023389 2.145992 0.113844
v -0.872114 2.194699 0.113844
v -0.511352 2.243075 0.113844
v -0.151698 2.195504 0.113844
v -0.000686 2.145992 0.113844
v 0.150589 2.194698 0.113844
v 0.611728 2.198184 0.113844
v 0.761854 2.146043 0.113844
v 0.913956 2.192102 0.113844
v 1.278379 2.243075 0.113844
v 1.638032 2.195504 0.113844
v 1.789045 2.145992 0.113844
v 1.940319 2.194698 0.113844
v 2.301082 2.243075 0.113844
v 2.660735 2.195505 0.113844
v 2.811748 2.145992 0.113844
v 2.963022 2.194699 0.113844
v 3.323785 2.243075 0.113844
v -2.556758 2.349780 0.113844
v -2.290174 2.324324 0.113844
v -2.069486 2.321859 0.042923
v -1.801063 2.323020 0.113844
v -1.534055 2.349780 0.113844
v -1.267471 2.324324 0.113844
v -1.036644 2.321859 0.042923
v -0.778360 2.323020 0.113844
v -0.511352 2.349780 0.113844
v -0.244768 2.324324 0.113844
v -0.003802 2.321859 0.042923
v 0.244343 2.323020 0.113844
v 0.520922 2.328608 0.113844
v 0.770829 2.321859 0.042923
v 1.009935 2.318768 0.113844
v 1.278379 2.349780 0.113844
v 1.544963 2.324324 0.113844
v 1.803671 2.321859 0.042923
v 2.034074 2.323020 0.113844
v 2.301082 2.349780 0.113844
v 2.567666 2.324324 0.113844
v 2.836513 2.321859 0.042923
v 3.056777 2.323020 0.113844
v 3.323785 2.349780 0.113844
v -2.556758 2.456485 0.113844
v -2.289750 2.483246 0.113844
v -2.069486 2.450437 0.042923
v -1.800639 2.481941 0.113844
v -1.534055 2.456485 0.113844
v -1.267047 2.483246 0.113844
v -1.036644 2.450437 0.042923
v -0.777936 2.481942 0.113844
v -0.511352 2.456485 0.113844
v -0.244344 2.483246 0.113844
v -0.003802 2.450437 0.042923
v 0.244767 2.481941 0.113844
v 0.524119 2.487498 0.113844
v 0.770829 2.450437 0.042923
v 1.013133 2.477658 0.113844
v 1.278379 2.456485 0.113844
v 1.545387 2.483246 0.113844
v 1.803671 2.450437 0.042923
v 2.034498 2.481941 0.113844
v 2.301082 2.456485 0.113844
v 2.568090 2.483246 0.113844
v 2.836513 2.450437 0.042923
v 3.057200 2.481942 0.113844
v 3.323785 2.456485 0.113844
v -2.556758 2.563190 0.113844
v -2.195995 2.611567 0.113844
v -2.044721 2.660274 0.113844
v -1.893708 2.610761 0.113844
v -1.534055 2.563190 0.113844
v -1.173292 2.611567 0.113844
v -1.022018 2.660274 0.113844
v -0.871005 2.610761 0.113844
v -0.511352 2.563190 0.113844
v -0.150589 2.611567 0.113844
v 0.000686 2.660274 0.113844
v 0.151698 2.610761 0.113844
v 0.620099 2.614163 0.113844
v 0.772201 2.660223 0.113844
v 0.922326 2.608082 0.113844
v 1.278379 2.563190 0.113844
v 1.639141 2.611567 0.113844
v 1.790416 2.660274 0.113844
v 1.941429 2.610761 0.113844
v 2.301082 2.563190 0.113844
v 2.661844 2.611567 0.113844
v 2.813119 2.660274 0.113844
v 2.964131 2.610761 0.113844
v 3.323785 2.563190 0.113844
v -2.556758 2.669895 0.113844
v -2.301082 2.669895 0.113844
v -2.045406 2.669895 0.113844
v -1.789731 2.669895 0.113844
v -1.534055 2.669895 0.113844
v -1.278379 2.669895 0.113844
v -1.022703 2.669895 0.113844
v -0.767027 2.669895 0.113844
v -0.511352 2.669895 0.113844
v -0.255676 2.669895 0.113844
v -0.000000 2.669895 0.113844
v 0.255676 2.669895 0.113844
v 0.511351 2.669895 0.113844
v 0.767027 2.669895 0.113844
v 1.022703 2.669895 0.113844
v 1.278379 2.669895 0.113844
v 1.534054 2.669895 0.113844
v 1.789730 2.669895 0.113844
v 2.045406 2.669895 0.113844
v 2.301082 2.669895 0.113844
v 2.556758 2.669895 0.113844
v 2.812433 2.669895 0.113844
v 3.068109 2.669895 0.113844
v 3.323785 2.669895 0.113844
v -2.556758 2.776599 0.113844
v -2.301082 2.776599 0.113844
v -2.045406 2.776599 0.113844
v -1.789731 2.776599 0.113844
v -1.534055 2.776599 0.113844
v -1.278379 2.776599 0.113844
v -1.022703 2.776599 0.113844
v -0.767027 2.776599 0.113844
v -0.511352 2.776599 0.113844
v -0.255676 2.776599 0.113844
v -0.000000 2.776599 0.113844
v 0.255676 2.776599 0.113844
v 0.511351 2.776599 0.113844
v 0.767027 2.776599 0.113844
v 1.022703 2.776599 0.113844
v 1.278379 2.776599 0.113844
v 1.534054 2.776599 0.113844
v 1.789730 2.776599 0.113844
v 2.045406 2.776599 0.113844
v 2.301082 2.776599 0.113844
v 2.556758 2.776599 0.113844
v 2.812433 2.776599 0.113844
v 3.068109 2.776599 0.113844
v 3.323785 2.776599 0.113844
v -2.556758 2.883304 0.113844
v -2.301082 2.883304 0.113844
v -2.045406 2.883304 0.113844
v -1.789731 2.883304 0.113844
v -1.534055 2.883304 0.113844
v -1.278379 2.883304 0.113844
v -1.022703 2.883304 0.113844
v -0.767027 2.883304 0.113844
v -0.511352 2.883304 0.113844
v -0.255676 2.883304 0.113844
v -0.000000 2.883304 0.113844
v 0.255676 2.883304 0.113844
v 0.511351 2.883304 0.113844
v 0.767027 2.883304 0.113844
v 1.022703 2.883304 0.113844
v 1.278379 2.883304 0.113844
v 1.534054 2.883304 0.113844
v 1.789730 2.883304 0.113844
v 2.045406 2.883304 0.113844
v 2.301082 2.883304 0.113844
v 2.556758 2.883304 0.113844
v 2.812433 2.883304 0.113844
v 3.068109 2.883304 0.113844
v 3.323785 2.883304 0.113844
v -2.556758 2.990009 0.113844
v -2.208111 2.950945 0.113844
v -2.059997 2.893338 0.113844
v -1.906310 2.933793 0.113844
v -1.534055 2.990009 0.113844
v -1.185408 2.950945 0.113844
v -1.037294 2.893338 0.113844
v -0.883607 2.933793 0.113844
v -0.511352 2.990009 0.113844
v -0.149881 2.941121 0.113844
v 0.001558 2.892929 0.113844
v 0.152402 2.942953 0.113844
v 0.604323 2.950945 0.113844
v 0.752437 2.893338 0.113844
v 0.906124 2.933793 0.113844
v 1.278379 2.990009 0.113844
v 1.627025 2.950945 0.113844
v 1.775140 2.893338 0.113844
v 1.928827 2.933793 0.113844
v 2.301082 2.990009 0.113844
v 2.649729 2.950945 0.113844
v 2.797843 2.893338 0.113844
v 2.951530 2.933793 0.113844
v 3.323785 2.990009 0.113844
v -2.556758 3.096714 0.113844
v -2.294077 3.084609 0.113844
v -2.069486 3.029160 0.042923
v -1.805753 3.056856 0.113844
v -1.534055 3.096714 0.113844
v -1.271374 3.084609 0.113844
v -1.036644 3.029160 0.042923
v -0.783050 3.056856 0.113844
v -0.511352 3.096714 0.113844
v -0.244071 3.069124 0.113844
v -0.003802 3.029160 0.042923
v 0.245033 3.072088 0.113844
v 0.518356 3.084609 0.113844
v 0.770829 3.029160 0.042923
v 1.006681 3.056856 0.113844
v 1.278379 3.096714 0.113844
v 1.541059 3.084609 0.113844
v 1.803671 3.029160 0.042923
v 2.029384 3.056856 0.113844
v 2.301082 3.096714 0.113844
v 2.563762 3.084609 0.113844
v 2.836513 3.029160 0.042923
v 3.052087 3.056856 0.113844
v 3.323785 3.096714 0.113844
v -2.556758 3.203418 0.113844
v -2.285060 3.243275 0.113844
v -2.069486 3.157737 0.042923
v -1.796735 3.215522 0.113844
v -1.534055 3.203418 0.113844
v -1.262357 3.243275 0.113844
v -1.036644 3.157737 0.042923
v -0.774032 3.215523 0.113844
v -0.511352 3.203418 0.113844
v -0.245034 3.228044 0.113844
v -0.003802 3.157737 0.042923
v 0.244070 3.231007 0.113844
v 0.527374 3.243275 0.113844
v 0.770829 3.157737 0.042923
v 1.015698 3.215522 0.113844
v 1.278379 3.203418 0.113844
v 1.550077 3.243275 0.113844
v 1.803671 3.157737 0.042923
v 2.038402 3.215522 0.113844
v 2.301082 3.203418 0.113844
v 2.572780 3.243275 0.113844
v 2.836513 3.157737 0.042923
v 3.061104 3.215523 0.113844
v 3.323785 3.203418 0.113844
v -2.556758 3.310123 0.113844
v -2.184503 3.366339 0.113844
v -2.030816 3.406793 0.113844
v -1.882702 3.349186 0.113844
v -1.534055 3.310123 0.113844
v -1.161800 3.366339 0.113844
v -1.008113 3.406793 0.113844
v -0.859999 3.349186 0.113844
v -0.511352 3.310123 0.113844
v -0.152402 3.357178 0.113844
v -0.001558 3.407203 0.113844
v 0.149881 3.359010 0.113844
v 0.627931 3.366339 0.113844
v 0.781618 3.406793 0.113844
v 0.929732 3.349186 0.113844
v 1.278379 3.310123 0.113844
v 1.650634 3.366339 0.113844
v 1.804321 3.406793 0.113844
v 1.952435 3.349186 0.113844
v 2.301082 3.310123 0.113844
v 2.673336 3.366339 0.113844
v 2.827023 3.406793 0.113844
v 2.975138 3.349186 0.113844
v 3.323785 3.310123 0.113844
v -2.556758 3.416828 0.113844
v -2.301082 3.416828 0.113844
v -2.045406 3.416828 0.113844
v -1.789731 3.416828 0.113844
v -1.534055 3.416828 0.113844
v -1.278379 3.416828 0.113844
v -1.022703 3.416828 0.113844
v -0.767027 3.416828 0.113844
v -0.511352 3.416828 0.113844
v -0.255676 3.416828 0.113844
v -0.000000 3.416828 0.113844
v 0.255676 3.416828 0.113844
v 0.511351 3.416828 0.113844
v 0.767027 3.416828 0.113844
v 1.022703 3.416828 0.113844
v 1.278379 3.416828 0.113844
v 1.534054 3.416828 0.113844
v 1.789730 3.416828 0.113844
v 2.045406 3.416828 0.113844
v 2.301082 3.416828 0.113844
v 2.556758 3.416828 0.113844
v 2.812433 3.416828 0.113844
v 3.068109 3.416828 0.113844
v 3.323785 3.416828 0.113844
v -2.556758 3.416828 -0.113844
v -2.301082 3.416828 -0.113844
v -2.045406 3.416828 -0.113844
v -1.789731 3.416828 -0.113844
v -1.534055 3.416828 -0.113844
v -1.278379 3.416828 -0.113844
v -1.022703 3.416828 -0.113844
v -0.767027 3.416828 -0.113844
v -0.511352 3.416828 -0.113844
v -0.255676 3.416828 -0.113844
v -0.000000 3.416828 -0.113844
v 0.255676 3.416828 -0.113844
v 0.511351 3.416828 -0.113844
v 0.767027 3.416828 -0.113844
v 1.022703 3.416828 -0.113844
v 1.278379 3.416828 -0.113844
v 1.534054 3.416828 -0.113844
v 1.789730 3.416828 -0.113844
v 2.045406 3.416828 -0.113844
v 2.301082 3.416828 -0.113844
v 2.556758 3.416828 -0.113844
v 2.812433 3.416828 -0.113844
v 3.068109 3.416828 -0.113844
v 3.323785 3.416828 -0.113844
v -2.556758 3.310123 -0.113844
v -2.301082 3.310123 -0.113844
v -2.045406 3.310123 -0.113844
v -1.789731 3.310123 -0.113844
v -1.534055 3.310123 -0.113844
v -1.278379 3.310123 -0.113844
v -1.022703 3.310123 -0.113844
v -0.767027 3.310123 -0.113844
v -0.511352 3.310123 -0.113844
v -0.255676 3.310123 -0.113844
v -0.000000 3.310123 -0.113844
v 0.255676 3.310123 -0.113844
v 0.511351 3.310123 -0.113844
v 0.767027 3.310123 -0.113844
v 1.022703 3.310123 -0.113844
v 1.278379 3.310123 -0.113844
v 1.534054 3.310123 -0.113844
v 1.789730 3.310123 -0.113844
v 2.045406 3.310123 -0.113844
v 2.301082 3.310123 -0.113844
v 2.556758 3.310123 -0.113844
v 2.812433 3.310123 -0.113844
v 3.068109 3.310123 -0.113844
v 3.323785 3.310123 -0.113844
v -2.556758 3.203418 -0.113844
v -2.301082 3.203418 -0.113844
v -1.800995 3.085309 -0.541238
v -1.571047 3.085309 -0.541238
v -1.341099 3.085309 -0.541238
v -1.111150 3.085309 -0.541238
v -0.881202 3.085309 -0.541238
v -0.651254 3.085309 -0.541238
v -0.421306 3.085309 -0.541238
v -0.191357 3.085309 -0.541238
v 0.038591 3.085309 -0.541238
v 0.268539 3.085309 -0.541238
v 0.498488 3.085309 -0.541238
v 0.728436 3.085309 -0.541238
v 0.958384 3.085309 -0.541238
v 1.188332 3.085309 -0.541238
v 1.418281 3.085309 -0.541238
v 1.648229 3.085309 -0.541238
v 1.878178 3.085309 -0.541238
v 2.108126 3.085309 -0.541238
v 2.338074 3.085309 -0.541238
v 2.568022 3.085309 -0.541238
v 3.068109 3.203418 -0.113844
v 3.323785 3.203418 -0.113844
v -2.556758 3.096714 -0.113844
v -2.301082 3.096714 -0.113844
v -1.800995 2.989342 -0.541238
v -1.571047 2.989342 -0.541238
v -1.341099 2.989342 -0.541238
v -1.111150 2.989342 -0.541238
v -0.881202 2.989342 -0.541238
v -0.651254 2.989342 -0.541238
v -0.421306 2.989342 -0.541238
v -0.191357 2.989342 -0.541238
v 0.038591 2.989342 -0.541238
v 0.268539 2.989342 -0.541238
v 0.498488 2.989342 -0.541238
v 0.728436 2.989342 -0.541238
v 0.958384 2.989342 -0.541238
v 1.188332 2.989342 -0.541238
v 1.418281 2.989342 -0.541238
v 1.648229 2.989342 -0.541238
v 1.878178 2.989342 -0.541238
v 2.108126 2.989342 -0.541238
v 2.338074 2.989342 -0.541238
v 2.568022 2.989342 -0.541238
v 3.068109 3.096714 -0.113844
v 3.323785 3.096714 -0.113844
v -2.556758 2.990009 -0.113844
v -2.301082 2.990009 -0.113844
v -1.800995 2.893374 -0.541238
v -1.571047 2.893374 -0.541238
v -1.341099 2.893374 -0.541238
v -1.111150 2.893374 -0.541238
v -0.881202 2.893374 -0.541238
v -0.651254 2.893374 -0.541238
v -0.421306 2.893374 -0.541238
v -0.191357 2.893374 -0.541238
v 0.038591 2.893374 -0.541238
v 0.268539 2.893374 -0.541238
v 0.498488 2.893374 -0.541238
v 0.728436 2.893374 -0.541238
v 0.958384 2.893374 -0.541238
v 1.188332 2.893374 -0.541238
v 1.418281 2.893374 -0.541238
v 1.648229 2.893374 -0.541238
v 1.878178 2.893374 -0.541238
v 2.108126 2.893374 -0.541238
v 2.338074 2.893374 -0.541238
v 2.568022 2.893374 -0.541238
v 3.068109 2.990009 -0.113844
v 3.323785 2.990009 -0.113844
v -2.556758 2.883304 -0.113844
v -2.301082 2.883304 -0.113844
v -1.800995 2.797407 -0.541238
v -1.571047 2.797407 -0.541238
v -1.341099 2.797407 -0.541238
v -1.111150 2.797407 -0.541238
v -0.881202 2.797407 -0.541238
v -0.651254 2.797407 -0.541238
v -0.421306 2.797407 -0.541238
v -0.191357 2.797407 -0.541238
v 0.038591 2.797407 -0.541238
v 0.268539 2.797407 -0.541238
v 0.498488 2.797407 -0.541238
v 0.728436 2.797407 -0.541238
v 0.958384 2.797407 -0.541238
v 1.188332 2.797407 -0.541238
v 1.418281 2.797407 -0.541238
v 1.648229 2.797407 -0.541238
v 1.878178 2.797407 -0.541238
v 2.108126 2.797407 -0.541238
v 2.338074 2.797407 -0.541238
v 2.568022 2.797407 -0.541238
v 3.068109 2.883304 -0.113844
v 3.323785 2.883304 -0.113844
v -2.556758 2.776599 -0.113844
v -2.301082 2.776599 -0.113844
v -1.800995 2.701439 -0.541238
v -1.571047 2.701439 -0.541238
v -1.341099 2.701439 -0.541238
v -1.111150 2.701439 -0.541238
v -0.881202 2.701439 -0.541238
v -0.651254 2.701439 -0.541238
v -0.421306 2.701439 -0.541238
v -0.191357 2.701439 -0.541238
v 0.038591 2.701439 -0.541238
v 0.268539 2.701439 -0.541238
v 0.498488 2.701439 -0.541238
v 0.728436 2.701439 -0.541238
v 0.958384 2.701439 -0.541238
v 1.188332 2.701439 -0.541238
v 1.418281 2.701439 -0.541238
v 1.648229 2.701439 -0.541238
v 1.878178 2.701439 -0.541238
v 2.108126 2.701439 -0.541238
v 2.338074 2.701439 -0.541238
v 2.568022 2.701439 -0.541238
v 3.068109 2.776599 -0.113844
v 3.323785 2.776599 -0.113844
v -2.556758 2.669895 -0.113844
v -2.301082 2.669895 -0.113844
v -1.800995 2.605472 -0.541238
v -1.371648 2.589408 -0.541238
v -1.280929 2.635132 -0.541238
v -1.179356 2.636966 -0.541238
v -1.087045 2.594547 -0.541238
v -0.651254 2.605472 -0.541238
v -0.421306 2.605472 -0.541238
v -0.191357 2.605472 -0.541238
v 0.038591 2.605472 -0.541238
v 0.268539 2.605472 -0.541238
v 0.498488 2.605472 -0.541238
v 0.728436 2.605472 -0.541238
v 0.958384 2.605472 -0.541238
v 1.188332 2.605472 -0.541238
v 1.418281 2.605472 -0.541238
v 1.847628 2.589408 -0.541238
v 1.938347 2.635132 -0.541238
v 2.039921 2.636966 -0.541238
v 2.132231 2.594547 -0.541238
v 2.568022 2.605472 -0.541238
v 3.068109 2.669895 -0.113844
v 3.323785 2.669895 -0.113844
v -2.556758 2.563190 -0.113844
v -2.301082 2.563190 -0.113844
v -1.800995 2.509504 -0.541238
v -1.433545 2.508851 -0.541238
v -1.308460 6.837025 -0.968156
v -1.143790 6.837025 -0.968156
v -1.022281 2.516277 -0.541238
v -0.651254 2.509504 -0.541238
v -0.421306 2.509504 -0.541238
v -0.191357 2.509504 -0.541238
v 0.038591 2.509504 -0.541238
v 0.268539 2.509504 -0.541238
v 0.498488 2.509504 -0.541238
v 0.728436 2.509504 -0.541238
v 0.958384 2.509504 -0.541238
v 1.188332 2.509504 -0.541238
v 1.418281 2.509504 -0.541238
v 1.785731 2.508851 -0.541238
v 1.910816 6.837025 -0.968156
v 2.075487 6.837025 -0.968156
v 2.196995 2.516277 -0.541238
v 2.568022 2.509504 -0.541238
v 3.068109 2.563190 -0.113844
v 3.323785 2.563190 -0.113844
v -2.556758 2.456485 -0.113844
v -2.301082 2.456485 -0.113844
v -1.800995 2.413537 -0.541238
v -1.454359 2.409415 -0.541238
v -1.306717 6.837025 -1.058192
v -1.145532 6.837025 -1.058192
v -0.997890 2.417658 -0.541238
v -0.651254 2.413537 -0.541238
v -0.421306 2.413537 -0.541238
v -0.191357 2.413537 -0.541238
v 0.038591 2.413537 -0.541238
v 0.268539 2.413537 -0.541238
v 0.498488 2.413537 -0.541238
v 0.728436 2.413537 -0.541238
v 0.958384 2.413537 -0.541238
v 1.188332 2.413537 -0.541238
v 1.418281 2.413537 -0.541238
v 1.764917 2.409415 -0.541238
v 1.912559 6.837025 -1.058192
v 2.073744 6.837025 -1.058192
v 2.221386 2.417658 -0.541238
v 2.568022 2.413537 -0.541238
v 3.068109 2.456485 -0.113844
v 3.323785 2.456485 -0.113844
v -2.556758 2.349780 -0.113844
v -2.301082 2.349780 -0.113844
v -1.800995 2.317569 -0.541238
v -1.429969 2.310797 -0.541238
v -1.308460 6.837025 -1.148228
v -1.143790 6.837025 -1.148227
v -1.018705 2.318222 -0.541238
v -0.651254 2.317569 -0.541238
v -0.421306 2.317569 -0.541238
v -0.191357 2.317569 -0.541238
v 0.038591 2.317569 -0.541238
v 0.268539 2.317569 -0.541238
v 0.498488 2.317569 -0.541238
v 0.728436 2.317569 -0.541238
v 0.958384 2.317569 -0.541238
v 1.188332 2.317569 -0.541238
v 1.418281 2.317569 -0.541238
v 1.789308 2.310797 -0.541238
v 1.910817 6.837025 -1.148228
v 2.075487 6.837025 -1.148227
v 2.200572 2.318222 -0.541238
v 2.568022 2.317569 -0.541238
v 3.068109 2.349780 -0.113844
v 3.323785 2.349780 -0.113844
v -2.556758 2.243076 -0.113844
v -2.301082 2.243076 -0.113844
v -1.800995 2.221601 -0.541238
v -1.365204 2.232526 -0.541238
v -1.272894 2.190108 -0.541238
v -1.171320 2.191942 -0.541238
v -1.080601 2.237666 -0.541238
v -0.651254 2.221601 -0.541238
v -0.421306 2.221601 -0.541238
v -0.191357 2.221601 -0.541238
v 0.038591 2.221601 -0.541238
v 0.268539 2.221601 -0.541238
v 0.498488 2.221601 -0.541238
v 0.728436 2.221601 -0.541238
v 0.958384 2.221601 -0.541238
v 1.188332 2.221601 -0.541238
v 1.418281 2.221601 -0.541238
v 1.854072 2.232526 -0.541238
v 1.946382 2.190108 -0.541238
v 2.047956 2.191942 -0.541238
v 2.138675 2.237666 -0.541238
v 2.568022 2.221601 -0.541238
v 3.068109 2.243076 -0.113844
v 3.323785 2.243076 -0.113844
v -2.556758 2.136371 -0.113844
v -2.301082 2.136371 -0.113844
v -1.800995 2.125634 -0.541238
v -1.571047 2.125634 -0.541238
v -1.341099 2.125634 -0.541238
v -1.111150 2.125634 -0.541238
v -0.881202 2.125634 -0.541238
v -0.651254 2.125634 -0.541238
v -0.421306 2.125634 -0.541238
v -0.191357 2.125634 -0.541238
v 0.038591 2.125634 -0.541238
v 0.268539 2.125634 -0.541238
v 0.498488 2.125634 -0.541238
v 0.728436 2.125634 -0.541238
v 0.958384 2.125634 -0.541238
v 1.188332 2.125634 -0.541238
v 1.418281 2.125634 -0.541238
v 1.648229 2.125634 -0.541238
v 1.878178 2.125634 -0.541238
v 2.108126 2.125634 -0.541238
v 2.338074 2.125634 -0.541238
v 2.568022 2.125634 -0.541238
v 3.068109 2.136371 -0.113844
v 3.323785 2.136371 -0.113844
v -2.556758 2.029666 -0.113844
v -2.301082 2.029666 -0.113844
v -1.800995 2.029666 -0.541238
v -1.571047 2.029666 -0.541238
v -1.341099 2.029666 -0.541238
v -1.111150 2.029666 -0.541238
v -0.881202 2.029666 -0.541238
v -0.651254 2.029666 -0.541238
v -0.421306 2.029666 -0.541238
v -0.191357 2.029666 -0.541238
v 0.038591 2.029666 -0.541238
v 0.268539 2.029666 -0.541238
v 0.498488 2.029666 -0.541238
v 0.728436 2.029666 -0.541238
v 0.958384 2.029666 -0.541238
v 1.188332 2.029666 -0.541238
v 1.418281 2.029666 -0.541238
v 1.648229 2.029666 -0.541238
v 1.878178 2.029666 -0.541238
v 2.108126 2.029666 -0.541238
v 2.338074 2.029666 -0.541238
v 2.568022 2.029666 -0.541238
v 3.068109 2.029666 -0.113844
v 3.323785 2.029666 -0.113844
v -2.556758 1.922962 -0.113844
v -2.301082 1.922962 -0.113844
v -1.800995 1.933699 -0.541238
v -1.571047 1.933699 -0.541238
v -1.341099 1.933699 -0.541238
v -1.111150 1.933699 -0.541238
v -0.881202 1.933699 -0.541238
v -0.651254 1.933699 -0.541238
v -0.421306 1.933699 -0.541238
v -0.191357 1.933699 -0.541238
v 0.038591 1.933699 -0.541238
v 0.268539 1.933699 -0.541238
v 0.498488 1.933699 -0.541238
v 0.728436 1.933699 -0.541238
v 0.958384 1.933699 -0.541238
v 1.188332 1.933699 -0.541238
v 1.418281 1.933699 -0.541238
v 1.648229 1.933699 -0.541238
v 1.878178 1.933699 -0.541238
v 2.108126 1.933699 -0.541238
v 2.338074 1.933699 -0.541238
v 2.568022 1.933699 -0.541238
v 3.068109 1.922962 -0.113844
v 3.323785 1.922962 -0.113844
v -2.556758 1.816257 -0.113844
v -2.301082 1.816257 -0.113844
v -1.800995 1.837732 -0.541238
v -1.571047 1.837732 -0.541238
v -1.341099 1.837732 -0.541238
v -1.111150 1.837732 -0.541238
v -0.881202 1.837732 -0.541238
v -0.651254 1.837732 -0.541238
v -0.421306 1.837732 -0.541238
v -0.191357 1.837732 -0.541238
v 0.038591 1.837732 -0.541238
v 0.268539 1.837732 -0.541238
v 0.498488 1.837732 -0.541238
v 0.728436 1.837732 -0.541238
v 0.958384 1.837732 -0.541238
v 1.188332 1.837732 -0.541238
v 1.418281 1.837732 -0.541238
v 1.648229 1.837732 -0.541238
v 1.878178 1.837732 -0.541238
v 2.108126 1.837732 -0.541238
v 2.338074 1.837732 -0.541238
v 2.568022 1.837732 -0.541238
v 3.068109 1.816257 -0.113844
v 3.323785 1.816257 -0.113844
v -2.556758 1.709553 -0.113844
v -2.301082 1.709553 -0.113844
v -1.800995 1.741764 -0.541238
v -1.571047 1.741764 -0.541238
v -1.341099 1.741764 -0.541238
v -1.111150 1.741764 -0.541238
v -0.881202 1.741764 -0.541238
v -0.651254 1.741764 -0.541238
v -0.421306 1.741764 -0.541238
v -0.191357 1.741764 -0.541238
v 0.038591 1.741764 -0.541238
v 0.268539 1.741764 -0.541238
v 0.498488 1.741764 -0.541238
v 0.728436 1.741764 -0.541238
v 0.958384 1.741764 -0.541238
v 1.188332 1.741764 -0.541238
v 1.418281 1.741764 -0.541238
v 1.648229 1.741764 -0.541238
v 1.878178 1.741764 -0.541238
v 2.108126 1.741764 -0.541238
v 2.338074 1.741764 -0.541238
v 2.568022 1.741764 -0.541238
v 3.068109 1.709553 -0.113844
v 3.323785 1.709553 -0.113844
v -2.556758 1.602847 -0.113844
v -2.301082 1.602847 -0.113844
v -1.800995 1.645796 -0.541238
v -1.571047 1.645796 -0.541238
v -1.341099 1.645796 -0.541238
v -1.111150 1.645796 -0.541238
v -0.881202 1.645796 -0.541238
v -0.651254 1.645796 -0.541238
v -0.421306 1.645796 -0.541238
v -0.191357 1.645796 -0.541238
v 0.038591 1.645796 -0.541238
v 0.268539 1.645796 -0.541238
v 0.498488 1.645796 -0.541238
v 0.728436 1.645796 -0.541238
v 0.958384 1.645796 -0.541238
v 1.188332 1.645796 -0.541238
v 1.418281 1.645796 -0.541238
v 1.648229 1.645796 -0.541238
v 1.878178 1.645796 -0.541238
v 2.108126 1.645796 -0.541238
v 2.338074 1.645796 -0.541238
v 2.568022 1.645796 -0.541238
v 3.068109 1.602847 -0.113844
v 3.323785 1.602847 -0.113844
v -2.556758 1.496144 -0.113844
v -2.301082 1.496144 -0.113844
v -1.800995 1.549830 -0.541238
v -1.571047 1.549830 -0.541238
v -1.341099 1.549830 -0.541238
v -1.111150 1.549830 -0.541238
v -0.881202 1.549830 -0.541238
v -0.651254 1.549830 -0.541238
v -0.421306 1.549830 -0.541238
v -0.191357 1.549830 -0.541238
v 0.038591 1.549830 -0.541238
v 0.268539 1.549830 -0.541238
v 0.498488 1.549830 -0.541238
v 0.728436 1.549830 -0.541238
v 0.958384 1.549830 -0.541238
v 1.188332 1.549830 -0.541238
v 1.418281 1.549830 -0.541238
v 1.648229 1.549830 -0.541238
v 1.878178 1.549830 -0.541238
v 2.108126 1.549830 -0.541238
v 2.338074 1.549830 -0.541238
v 2.568022 1.549830 -0.541238
v 3.068109 1.496144 -0.113844
v 3.323785 1.496144 -0.113844
v -2.556758 1.389440 -0.113844
v -2.301082 1.389440 -0.113844
v -1.800995 1.453863 -0.541238
v -1.571047 1.453863 -0.541238
v -1.341099 1.453863 -0.541238
v -1.111150 1.453863 -0.541238
v -0.881202 1.453863 -0.541238
v -0.651254 1.453863 -0.541238
v -0.421306 1.453863 -0.541238
v -0.191357 1.453863 -0.541238
v 0.038591 1.453863 -0.541238
v 0.268539 1.453863 -0.541238
v 0.498488 1.453863 -0.541238
v 0.728436 1.453863 -0.541238
v 0.958384 1.453863 -0.541238
v 1.188332 1.453863 -0.541238
v 1.418281 1.453863 -0.541238
v 1.648229 1.453863 -0.541238
v 1.878178 1.453863 -0.541238
v 2.108126 1.453863 -0.541238
v 2.338074 1.453863 -0.541238
v 2.568022 1.453863 -0.541238
v 3.068109 1.389440 -0.113844
v 3.323785 1.389440 -0.113844
v -2.556758 1.282734 -0.113844
v -2.301082 1.282734 -0.113844
v -1.800995 1.357894 -0.541238
v -1.571047 1.357894 -0.541238
v -1.341099 1.357894 -0.541238
v -1.111150 1.357894 -0.541238
v -0.881202 1.357894 -0.541238
v -0.651254 1.357894 -0.541238
v -0.421306 1.357894 -0.541238
v -0.191357 1.357894 -0.541238
v 0.038591 1.357894 -0.541238
v 0.268539 1.357894 -0.541238
v 0.498488 1.357894 -0.541238
v 0.728436 1.357894 -0.541238
v 0.958384 1.357894 -0.541238
v 1.188332 1.357894 -0.541238
v 1.418281 1.357894 -0.541238
v 1.648229 1.357894 -0.541238
v 1.878178 1.357894 -0.541238
v 2.108126 1.357894 -0.541238
v 2.338074 1.357894 -0.541238
v 2.568022 1.357894 -0.541238
v 3.068109 1.282734 -0.113844
v 3.323785 1.282734 -0.113844
v -2.556758 1.176028 -0.113844
v -2.301082 1.176028 -0.113844
v -1.800995 1.261926 -0.541238
v -1.571047 1.261926 -0.541238
v -1.341099 1.261926 -0.541238
v -1.111150 1.261926 -0.541238
v -0.881202 1.261926 -0.541238
v -0.651254 1.261926 -0.541238
v -0.421306 1.261926 -0.541238
v -0.191357 1.261926 -0.541238
v 0.038591 1.261926 -0.541238
v 0.268539 1.261926 -0.541238
v 0.498488 1.261926 -0.541238
v 0.728436 1.261926 -0.541238
v 0.958384 1.261926 -0.541238
v 1.188332 1.261926 -0.541238
v 1.418281 1.261926 -0.541238
v 1.648229 1.261926 -0.541238
v 1.878178 1.261926 -0.541238
v 2.108126 1.261926 -0.541238
v 2.338074 1.261926 -0.541238
v 2.568022 1.261926 -0.541238
v 3.068109 1.176028 -0.113844
v 3.323785 1.176028 -0.113844
v -2.556758 1.069324 -0.113844
v -2.301082 1.069324 -0.113844
v -1.800995 1.165959 -0.541238
v -1.571047 1.165959 -0.541238
v -1.341099 1.165959 -0.541238
v -1.111150 1.165959 -0.541238
v -0.881202 1.165959 -0.541238
v -0.651254 1.165959 -0.541238
v -0.421306 1.165959 -0.541238
v -0.191357 1.165959 -0.541238
v 0.038591 1.165959 -0.541238
v 0.268539 1.165959 -0.541238
v 0.498488 1.165959 -0.541238
v 0.728436 1.165959 -0.541238
v 0.958384 1.165959 -0.541238
v 1.188332 1.165959 -0.541238
v 1.418281 1.165959 -0.541238
v 1.648229 1.165959 -0.541238
v 1.878178 1.165959 -0.541238
v 2.108126 1.165959 -0.541238
v 2.338074 1.165959 -0.541238
v 2.568022 1.165959 -0.541238
v 3.068109 1.069324 -0.113844
v 3.323785 1.069324 -0.113844
v -2.556758 0.962619 -0.113844
v -2.301082 0.962619 -0.113844
v -1.800995 1.069991 -0.541238
v -1.571047 1.069991 -0.541238
v -1.341099 1.069991 -0.541238
v -1.111150 1.069991 -0.541238
v -0.881202 1.069991 -0.541238
v -0.651254 1.069991 -0.541238
v -0.421306 1.069991 -0.541238
v -0.191357 1.069991 -0.541238
v 0.038591 1.069991 -0.541238
v 0.268539 1.069991 -0.541238
v 0.498488 1.069991 -0.541238
v 0.728436 1.069991 -0.541238
v 0.958384 1.069991 -0.541238
v 1.188332 1.069991 -0.541238
v 1.418281 1.069991 -0.541238
v 1.648229 1.069991 -0.541238
v 1.878178 1.069991 -0.541238
v 2.108126 1.069991 -0.541238
v 2.338074 1.069991 -0.541238
v 2.568022 1.069991 -0.541238
v 3.068109 0.962619 -0.113844
v 3.323785 0.962619 -0.113844
v -2.556758 0.855914 -0.113844
v -2.301082 0.855914 -0.113844
v -1.800995 0.974024 -0.541238
v -1.571047 0.974024 -0.541238
v -1.341099 0.974024 -0.541238
v -1.111150 0.974024 -0.541238
v -0.881202 0.974024 -0.541238
v -0.651254 0.974024 -0.541238
v -0.421306 0.974024 -0.541238
v -0.191357 0.974024 -0.541238
v 0.038591 0.974024 -0.541238
v 0.268539 0.974024 -0.541238
v 0.498488 0.974024 -0.541238
v 0.728436 0.974024 -0.541238
v 0.958384 0.974024 -0.541238
v 1.188332 0.974024 -0.541238
v 1.418281 0.974024 -0.541238
v 1.648229 0.974024 -0.541238
v 1.878178 0.974024 -0.541238
v 2.108126 0.974024 -0.541238
v 2.338074 0.974024 -0.541238
v 2.568022 0.974024 -0.541238
v 3.068109 0.855914 -0.113844
v 3.323785 0.855914 -0.113844
v -2.556758 0.749209 -0.113844
v -2.301082 0.749209 -0.113844
v -2.045406 0.749209 -0.113844
v -1.789731 0.749209 -0.113844
v -1.534055 0.749209 -0.113844
v -1.278379 0.749209 -0.113844
v -1.022703 0.749209 -0.113844
v -0.767027 0.749209 -0.113844
v -0.511352 0.749209 -0.113844
v -0.255676 0.749209 -0.113844
v -0.000000 0.749209 -0.113844
v 0.255676 0.749209 -0.113844
v 0.511351 0.749209 -0.113844
v 0.767027 0.749209 -0.113844
v 1.022703 0.749209 -0.113844
v 1.278379 0.749209 -0.113844
v 1.534054 0.749209 -0.113844
v 1.789730 0.749209 -0.113844
v 2.045406 0.749209 -0.113844
v 2.301082 0.749209 -0.113844
v 2.556758 0.749209 -0.113844
v 2.812433 0.749209 -0.113844
v 3.068109 0.749209 -0.113844
v 3.323785 0.749209 -0.113844
v -2.556758 0.642505 -0.113844
v -2.301082 0.642505 -0.113844
v -2.045406 0.642505 -0.113844
v -1.789731 0.642505 -0.113844
v -1.534055 0.642505 -0.113844
v -1.278379 0.642505 -0.113844
v -1.022703 0.642505 -0.113844
v -0.767027 0.642505 -0.113844
v -0.511352 0.642505 -0.113844
v -0.255676 0.642505 -0.113844
v -0.000000 0.642505 -0.113844
v 0.255676 0.642505 -0.113844
v 0.511351 0.642505 -0.113844
v 0.767027 0.642505 -0.113844
v 1.022703 0.642505 -0.113844
v 1.278379 0.642505 -0.113844
v 1.534054 0.642505 -0.113844
v 1.789730 0.642505 -0.113844
v 2.045406 0.642505 -0.113844
v 2.301082 0.642505 -0.113844
v 2.556758 0.642505 -0.113844
v 2.812433 0.642505 -0.113844
v 3.068109 0.642505 -0.113844
v 3.323785 0.642505 -0.113844
v -2.221588 0.875227 0.042923
v -2.068819 0.829091 0.042923
v -2.316260 0.996749 0.042923
v -1.916304 0.875963 0.042923
v -1.822300 0.997939 0.042923
v -2.316672 1.147238 0.042923
v -1.822713 1.148428 0.042923
v -2.070154 1.316086 0.042923
v -2.222668 1.269214 0.042923
v -1.917384 1.269950 0.042923
v -1.188746 0.875227 0.042923
v -1.035977 0.829091 0.042923
v -1.283418 0.996749 0.042923
v -0.883462 0.875963 0.042923
v -0.789458 0.997939 0.042923
v -1.283830 1.147238 0.042923
v -0.789871 1.148428 0.042923
v -1.037312 1.316086 0.042923
v -1.189826 1.269214 0.042923
v -0.884542 1.269950 0.042923
v -0.155904 0.875227 0.042923
v -0.003135 0.829091 0.042923
v -0.250576 0.996749 0.042923
v 0.149380 0.875963 0.042923
v 0.243384 0.997939 0.042923
v -0.250989 1.147238 0.042923
v 0.242972 1.148428 0.042923
v -0.004470 1.316086 0.042923
v -0.156984 1.269214 0.042923
v 0.148300 1.269950 0.042923
v 0.615077 0.877746 0.042923
v 0.766964 0.829118 0.042923
v 0.522681 1.000798 0.042923
v 0.920328 0.873486 0.042923
v 1.016589 0.993906 0.042923
v 0.525070 1.151272 0.042923
v 1.018977 1.144379 0.042923
v 0.774694 1.316060 0.042923
v 0.621330 1.271691 0.042923
v 0.926582 1.267431 0.042923
v 1.651569 0.875227 0.042923
v 1.804339 0.829091 0.042923
v 1.556898 0.996749 0.042923
v 1.956853 0.875963 0.042923
v 2.050858 0.997939 0.042923
v 1.556485 1.147238 0.042923
v 2.050445 1.148428 0.042923
v 1.803004 1.316086 0.042923
v 1.650489 1.269214 0.042923
v 1.955773 1.269950 0.042923
v 2.684411 0.875228 0.042923
v 2.837181 0.829092 0.042923
v 2.589740 0.996749 0.042923
v 2.989695 0.875963 0.042923
v 3.083698 0.997939 0.042923
v 2.589327 1.147238 0.042923
v 3.083287 1.148429 0.042923
v 2.835845 1.316086 0.042923
v 2.683331 1.269214 0.042923
v 2.988615 1.269950 0.042923
v -2.222322 1.583028 0.042923
v -2.069725 1.536393 0.042923
v -2.316540 1.704859 0.042923
v -1.917037 1.582765 0.042923
v -1.822579 1.704433 0.042923
v -2.316393 1.855348 0.042923
v -1.822431 1.854922 0.042923
v -2.069247 2.023388 0.042923
v -2.221936 1.977016 0.042923
v -1.916650 1.976752 0.042923
v -1.189480 1.583028 0.042923
v -1.036883 1.536393 0.042923
v -1.283699 1.704859 0.042923
v -0.884195 1.582765 0.042923
v -0.789737 1.704433 0.042923
v -1.283551 1.855348 0.042923
v -0.789590 1.854922 0.042923
v -1.036405 2.023388 0.042923
v -1.189093 1.977016 0.042923
v -0.883809 1.976752 0.042923
v -0.156638 1.583028 0.042923
v -0.004041 1.536393 0.042923
v -0.250857 1.704859 0.042923
v 0.148647 1.582765 0.042923
v 0.243105 1.704433 0.042923
v -0.250709 1.855348 0.042923
v 0.243252 1.854922 0.042923
v -0.003563 2.023388 0.042923
v -0.156251 1.977016 0.042923
v 0.149034 1.976752 0.042923
v 0.612910 1.586588 0.042923
v 0.764246 1.536471 0.042923
v 0.521894 1.710540 0.042923
v 0.918097 1.579331 0.042923
v 1.015696 1.698799 0.042923
v 0.525962 1.860982 0.042923
v 1.019765 1.849240 0.042923
v 0.777413 2.023309 0.042923
v 0.623562 1.980449 0.042923
v 0.928749 1.973192 0.042923
v 1.650835 1.583028 0.042923
v 1.803432 1.536393 0.042923
v 1.556616 1.704859 0.042923
v 1.956120 1.582765 0.042923
v 2.050578 1.704433 0.042923
v 1.556764 1.855348 0.042923
v 2.050726 1.854922 0.042923
v 1.803910 2.023388 0.042923
v 1.651222 1.977016 0.042923
v 1.956507 1.976752 0.042923
v 2.683677 1.583028 0.042923
v 2.836274 1.536393 0.042923
v 2.589458 1.704858 0.042923
v 2.988962 1.582765 0.042923
v 3.083420 1.704433 0.042923
v 2.589606 1.855348 0.042923
v 3.083567 1.854922 0.042923
v 2.836752 2.023388 0.042923
v 2.684064 1.977015 0.042923
v 2.989348 1.976752 0.042923
v -2.222688 2.189536 0.042923
v -2.070179 2.142650 0.042923
v -2.316680 2.311520 0.042923
v -1.917404 2.188773 0.042923
v -1.822720 2.310285 0.042923
v -2.316252 2.462010 0.042923
v -1.822292 2.460775 0.042923
v -2.068794 2.629645 0.042923
v -2.221568 2.583523 0.042923
v -1.916284 2.582759 0.042923
v -1.189846 2.189536 0.042923
v -1.037336 2.142650 0.042923
v -1.283838 2.311520 0.042923
v -0.884562 2.188773 0.042923
v -0.789878 2.310285 0.042923
v -1.283410 2.462010 0.042923
v -0.789451 2.460775 0.042923
v -1.035952 2.629645 0.042923
v -1.188726 2.583523 0.042923
v -0.883442 2.582760 0.042923
v -0.157005 2.189536 0.042923
v -0.004495 2.142650 0.042923
v -0.250996 2.311520 0.042923
v 0.148279 2.188773 0.042923
v 0.242964 2.310285 0.042923
v -0.250568 2.462010 0.042923
v 0.243392 2.460775 0.042923
v -0.003110 2.629645 0.042923
v -0.155884 2.583523 0.042923
v 0.149400 2.582760 0.042923
v 0.613991 2.192073 0.042923
v 0.765605 2.142699 0.042923
v 0.522284 2.315577 0.042923
v 0.919214 2.186314 0.042923
v 1.016146 2.306259 0.042923
v 0.525513 2.466036 0.042923
v 1.019375 2.456718 0.042923
v 0.776054 2.629597 0.042923
v 0.622445 2.585981 0.042923
v 0.927668 2.580222 0.042923
v 1.650469 2.189536 0.042923
v 1.802979 2.142650 0.042923
v 1.556477 2.311520 0.042923
v 1.955753 2.188773 0.042923
v 2.050437 2.310285 0.042923
v 1.556905 2.462010 0.042923
v 2.050865 2.460775 0.042923
v 1.804364 2.629645 0.042923
v 1.651590 2.583523 0.042923
v 1.956874 2.582759 0.042923
v 2.683311 2.189536 0.042923
v 2.835821 2.142651 0.042923
v 2.589320 2.311520 0.042923
v 2.988595 2.188773 0.042923
v 3.083279 2.310285 0.042923
v 2.589747 2.462010 0.042923
v 3.083707 2.460775 0.042923
v 2.837206 2.629645 0.042923
v 2.684431 2.583523 0.042923
v 2.989715 2.582759 0.042923
v -2.233804 2.904893 0.042923
v -2.084221 2.850343 0.042923
v -2.320622 3.031465 0.042923
v -1.929010 2.888651 0.042923
v -1.827456 3.005184 0.042923
v -2.311516 3.181713 0.042923
v -1.818350 3.155432 0.042923
v -2.054751 3.336555 0.042923
v -2.209961 3.298246 0.042923
v -1.905168 3.282004 0.042923
v -1.200962 2.904893 0.042923
v -1.051379 2.850343 0.042923
v -1.287780 3.031465 0.042923
v -0.896168 2.888651 0.042923
v -0.794615 3.005185 0.042923
v -1.278674 3.181712 0.042923
v -0.785508 3.155432 0.042923
v -1.021909 3.336554 0.042923
v -1.177120 3.298246 0.042923
v -0.872327 3.282004 0.042923
v -0.155169 2.895591 0.042923
v -0.002228 2.849955 0.042923
v -0.250292 3.016802 0.042923
v 0.150111 2.897326 0.042923
v 0.243660 3.019609 0.042923
v -0.251265 3.167289 0.042923
v 0.242688 3.170096 0.042923
v -0.005376 3.336942 0.042923
v -0.157715 3.289571 0.042923
v 0.147564 3.291306 0.042923
v 0.606512 2.904893 0.042923
v 0.756094 2.850343 0.042923
v 0.519693 3.031465 0.042923
v 0.911305 2.888651 0.042923
v 1.012859 3.005185 0.042923
v 0.528800 3.181712 0.042923
v 1.021966 3.155432 0.042923
v 0.785564 3.336554 0.042923
v 0.630354 3.298246 0.042923
v 0.935147 3.282004 0.042923
v 1.639353 2.904893 0.042923
v 1.788936 2.850343 0.042923
v 1.552535 3.031465 0.042923
v 1.944147 2.888651 0.042923
v 2.045701 3.005184 0.042923
v 1.561641 3.181713 0.042923
v 2.054808 3.155432 0.042923
v 1.818406 3.336555 0.042923
v 1.663196 3.298246 0.042923
v 1.967989 3.282004 0.042923
v 2.672195 2.904893 0.042923
v 2.821778 2.850343 0.042923
v 2.585376 3.031465 0.042923
v 2.976989 2.888651 0.042923
v 3.078542 3.005185 0.042923
v 2.594483 3.181712 0.042923
v 3.087649 3.155432 0.042923
v 2.851248 3.336554 0.042923
v 2.696037 3.298246 0.042923
v 3.000830 3.282004 0.042923
v -2.586490 3.430855 0.462645
v -2.328229 3.430855 0.462645
v -2.328229 3.430855 0.232654
v -2.586490 3.430855 0.232654
v -2.069968 3.430855 0.462645
v -2.069968 3.430855 0.232654
v -1.811707 3.430855 0.462645
v -1.811707 3.430855 0.232654
v -1.553445 3.430855 0.462645
v -1.553445 3.430855 0.232654
v -1.295184 3.430855 0.462645
v -1.295184 3.430855 0.232654
v -1.036923 3.430855 0.462645
v -1.036923 3.430855 0.232654
v -0.778662 3.430855 0.462645
v -0.778662 3.430855 0.232654
v -0.520401 3.430855 0.462645
v -0.520401 3.430855 0.232654
v -0.262139 3.430855 0.462645
v -0.262139 3.430855 0.232654
v -0.003878 3.430855 0.462645
v -0.003878 3.430855 0.232654
v 0.254383 3.430855 0.462645
v 0.254383 3.430855 0.232654
v 0.512644 3.430855 0.462645
v 0.512644 3.430855 0.232654
v 0.770905 3.430855 0.462645
v 0.770905 3.430855 0.232654
v 1.029166 3.430855 0.462645
v 1.029166 3.430855 0.232654
v 1.287428 3.430855 0.462645
v 1.287428 3.430855 0.232654
v 1.545689 3.430855 0.462645
v 1.545689 3.430855 0.232654
v 1.803950 3.430855 0.462645
v 1.803950 3.430855 0.232654
v 2.062211 3.430855 0.462645
v 2.062211 3.430855 0.232654
v 2.320472 3.430855 0.462645
v 2.320472 3.430855 0.232654
v 2.578734 3.430855 0.462645
v 2.578734 3.430855 0.232654
v 2.836995 3.430855 0.462645
v 2.836995 3.430855 0.232654
v 3.095256 3.430855 0.462645
v 3.095256 3.430855 0.232654
v 3.353517 3.430855 0.462645
v 3.353517 3.430855 0.232654
v -2.586490 0.628478 0.232654
v -2.328229 0.628478 0.232654
v -2.328229 0.628478 0.462645
v -2.586490 0.628478 0.462645
v -2.069968 0.628478 0.232654
v -2.069968 0.628478 0.462645
v -1.811707 0.628478 0.232654
v -1.811707 0.628478 0.462645
v -1.553445 0.628478 0.232654
v -1.553445 0.628478 0.462645
v -1.295184 0.628478 0.232654
v -1.295184 0.628478 0.462645
v -1.036923 0.628478 0.232654
v -1.036923 0.628478 0.462645
v -0.778662 0.628478 0.232654
v -0.778662 0.628478 0.462645
v -0.520401 0.628478 0.232654
v -0.520401 0.628478 0.462645
v -0.262139 0.628478 0.232654
v -0.262139 0.628478 0.462645
v -0.003878 0.628478 0.232654
v -0.003878 0.628478 0.462645
v 0.254383 0.628478 0.232654
v 0.254383 0.628478 0.462645
v 0.512644 0.628478 0.232654
v 0.512644 0.628478 0.462645
v 0.770905 0.628478 0.232654
v 0.770905 0.628478 0.462645
v 1.029166 0.628478 0.232654
v 1.029166 0.628478 0.462645
v 1.287428 0.628478 0.232654
v 1.287428 0.628478 0.462645
v 1.545689 0.628478 0.232654
v 1.545689 0.628478 0.462645
v 1.803950 0.628478 0.232654
v 1.803950 0.628478 0.462645
v 2.062211 0.628478 0.232654
v 2.062211 0.628478 0.462645
v 2.320472 0.628478 0.232654
v 2.320472 0.628478 0.462645
v 2.578734 0.628478 0.232654
v 2.578734 0.628478 0.462645
v 2.836995 0.628478 0.232654
v 2.836995 0.628478 0.462645
v 3.095256 0.628478 0.232654
v 3.095256 0.628478 0.462645
v 3.353517 0.628478 0.232654
v 3.353517 0.628478 0.462645
v 3.353517 0.736261 0.232654
v 3.353517 0.736261 0.462645
v 3.353517 0.844045 0.232654
v 3.353517 0.844045 0.462645
v 3.353517 0.951829 0.232654
v 3.353517 0.951829 0.462645
v 3.353517 1.059613 0.232654
v 3.353517 1.059613 0.462645
v 3.353517 1.167397 0.232654
v 3.353517 1.167397 0.462645
v 3.353517 1.275180 0.232654
v 3.353517 1.275180 0.462645
v 3.353517 1.382966 0.232654
v 3.353517 1.382966 0.462645
v 3.353517 1.490749 0.232654
v 3.353517 1.490749 0.462645
v 3.353517 1.598532 0.232654
v 3.353517 1.598532 0.462645
v 3.353517 1.706316 0.232654
v 3.353517 1.706316 0.462645
v 3.353517 1.814100 0.232654
v 3.353517 1.814100 0.462645
v 3.353517 1.921883 0.232654
v 3.353517 1.921883 0.462645
v 3.353517 2.029666 0.232654
v 3.353517 2.029666 0.462645
v 3.353517 2.137450 0.232654
v 3.353517 2.137450 0.462645
v 3.353517 2.245234 0.232654
v 3.353517 2.245234 0.462645
v 3.353517 2.353017 0.232654
v 3.353517 2.353017 0.462645
v 3.353517 2.460801 0.232654
v 3.353517 2.460801 0.462645
v 3.353517 2.568585 0.232654
v 3.353517 2.568585 0.462645
v 3.353517 2.676369 0.232654
v 3.353517 2.676369 0.462645
v 3.353517 2.784152 0.232654
v 3.353517 2.784152 0.462645
v 3.353517 2.891936 0.232654
v 3.353517 2.891936 0.462645
v 3.353517 2.999720 0.232654
v 3.353517 2.999720 0.462645
v 3.353517 3.107504 0.232654
v 3.353517 3.107504 0.462645
v 3.353517 3.215287 0.232654
v 3.353517 3.215287 0.462645
v 3.353517 3.323071 0.232654
v 3.353517 3.323071 0.462645
v -2.586490 0.736261 0.462645
v -2.586490 0.736261 0.232654
v -2.586490 0.844045 0.462645
v -2.586490 0.844045 0.232654
v -2.586490 0.951829 0.462645
v -2.586490 0.951829 0.232654
v -2.586490 1.059613 0.462645
v -2.586490 1.059613 0.232654
v -2.586490 1.167397 0.462645
v -2.586490 1.167397 0.232654
v -2.586490 1.275180 0.462645
v -2.586490 1.275180 0.232654
v -2.586490 1.382966 0.462645
v -2.586490 1.382966 0.232654
v -2.586490 1.490749 0.462645
v -2.586490 1.490749 0.232654
v -2.586490 1.598532 0.462645
v -2.586490 1.598532 0.232654
v -2.586490 1.706316 0.462645
v -2.586490 1.706316 0.232654
v -2.586490 1.814100 0.462645
v -2.586490 1.814100 0.232654
v -2.586490 1.921883 0.462645
v -2.586490 1.921883 0.232654
v -2.586490 2.029666 0.462645
v -2.586490 2.029666 0.232654
v -2.586490 2.137450 0.462645
v -2.586490 2.137450 0.232654
v -2.586490 2.245234 0.462645
v -2.586490 2.245234 0.232654
v -2.586490 2.353017 0.462645
v -2.586490 2.353017 0.232654
v -2.586490 2.460801 0.462645
v -2.586490 2.460801 0.232654
v -2.586490 2.568585 0.462645
v -2.586490 2.568585 0.232654
v -2.586490 2.676369 0.462645
v -2.586490 2.676369 0.232654
v -2.586490 2.784152 0.462645
v -2.586490 2.784152 0.232654
v -2.586490 2.891936 0.462645
v -2.586490 2.891936 0.232654
v -2.586490 2.999720 0.462645
v -2.586490 2.999720 0.232654
v -2.586490 3.107504 0.462645
v -2.586490 3.107504 0.232654
v -2.586490 3.215287 0.462645
v -2.586490 3.215287 0.232654
v -2.586490 3.323071 0.462645
v -2.586490 3.323071 0.232654
v -2.030944 3.181277 -0.541238
v -1.800995 3.181277 -0.541238
v -2.030944 3.085309 -0.541238
v -1.571047 3.181277 -0.541238
v -1.341099 3.181277 -0.541238
v -1.111150 3.181277 -0.541238
v -0.881202 3.181277 -0.541238
v -0.651254 3.181277 -0.541238
v -0.421306 3.181277 -0.541238
v -0.191357 3.181277 -0.541238
v 0.038591 3.181277 -0.541238
v 0.268539 3.181277 -0.541238
v 0.498488 3.181277 -0.541238
v 0.728436 3.181277 -0.541238
v 0.958384 3.181277 -0.541238
v 1.188332 3.181277 -0.541238
v 1.418281 3.181277 -0.541238
v 1.648229 3.181277 -0.541238
v 1.878178 3.181277 -0.541238
v 2.108126 3.181277 -0.541238
v 2.338074 3.181277 -0.541238
v 2.568022 3.181277 -0.541238
v 2.797970 3.181277 -0.541238
v 2.797970 3.085309 -0.541238
v -2.030944 2.989342 -0.541238
v 2.797970 2.989342 -0.541238
v -2.030944 2.893374 -0.541238
v 2.797970 2.893374 -0.541238
v -2.030944 2.797407 -0.541238
v 2.797970 2.797407 -0.541238
v -2.030944 2.701439 -0.541238
v 2.797970 2.701439 -0.541238
v -2.030944 2.605472 -0.541238
v 2.797970 2.605472 -0.541238
v -2.030944 2.509504 -0.541238
v 2.797970 2.509504 -0.541238
v -2.030944 2.413537 -0.541238
v 2.797970 2.413537 -0.541238
v -2.030944 2.317569 -0.541238
v 2.797970 2.317569 -0.541238
v -2.030944 2.221601 -0.541238
v 2.797970 2.221601 -0.541238
v -2.030944 2.125634 -0.541238
v 2.797970 2.125634 -0.541238
v -2.030944 2.029666 -0.541238
v 2.797970 2.029666 -0.541238
v -2.030944 1.933699 -0.541238
v 2.797970 1.933699 -0.541238
v -2.030944 1.837732 -0.541238
v 2.797970 1.837732 -0.541238
v -2.030944 1.741764 -0.541238
v 2.797970 1.741764 -0.541238
v -2.030944 1.645796 -0.541238
v 2.797970 1.645796 -0.541238
v -2.030944 1.549830 -0.541238
v 2.797970 1.549830 -0.541238
v -2.030944 1.453863 -0.541238
v 2.797970 1.453863 -0.541238
v -2.030944 1.357894 -0.541238
v 2.797970 1.357894 -0.541238
v -2.030944 1.261926 -0.541238
v 2.797970 1.261926 -0.541238
v -2.030944 1.165959 -0.541238
v 2.797970 1.165959 -0.541238
v -2.030944 1.069991 -0.541238
v 2.797970 1.069991 -0.541238
v -2.030944 0.974024 -0.541238
v 2.797970 0.974024 -0.541238
v -1.800995 0.878056 -0.541238
v -2.030944 0.878056 -0.541238
v -1.571047 0.878056 -0.541238
v -1.341099 0.878056 -0.541238
v -1.111150 0.878056 -0.541238
v -0.881202 0.878056 -0.541238
v -0.651254 0.878056 -0.541238
v -0.421306 0.878056 -0.541238
v -0.191357 0.878056 -0.541238
v 0.038591 0.878056 -0.541238
v 0.268539 0.878056 -0.541238
v 0.498488 0.878056 -0.541238
v 0.728436 0.878056 -0.541238
v 0.958384 0.878056 -0.541238
v 1.188332 0.878056 -0.541238
v 1.418281 0.878056 -0.541238
v 1.648229 0.878056 -0.541238
v 1.878178 0.878056 -0.541238
v 2.108126 0.878056 -0.541238
v 2.338074 0.878056 -0.541238
v 2.568022 0.878056 -0.541238
v 2.797970 0.878056 -0.541238
v -1.371648 2.589408 -0.773417
v -1.280929 2.635132 -0.773417
v -1.433545 2.508851 -0.773417
v -1.179356 2.636966 -0.773417
v -1.087045 2.594547 -0.773417
v -1.022281 2.516277 -0.773417
v -1.454359 2.409415 -0.773417
v -0.997890 2.417658 -0.773417
v -1.429969 2.310797 -0.773417
v -1.018705 2.318222 -0.773417
v -1.272894 2.190108 -0.773417
v -1.365204 2.232526 -0.773417
v -1.171320 2.191942 -0.773417
v -1.080601 2.237666 -0.773417
v 1.847628 2.589408 -0.773417
v 1.938347 2.635132 -0.773417
v 1.785731 2.508851 -0.773417
v 2.039921 2.636966 -0.773417
v 2.132231 2.594547 -0.773417
v 2.196995 2.516277 -0.773417
v 1.764917 2.409415 -0.773417
v 2.221386 2.417658 -0.773417
v 1.789308 2.310797 -0.773417
v 2.200572 2.318222 -0.773417
v 1.946382 2.190108 -0.773417
v 1.854072 2.232526 -0.773417
v 2.047956 2.191942 -0.773417
v 2.138675 2.237666 -0.773417
v -1.371648 2.724459 -0.882321
v -1.280929 2.724459 -0.836597
v -1.433545 2.724459 -0.962878
v -1.179356 2.724459 -0.834763
v -1.087045 2.724459 -0.877181
v -1.022281 2.724459 -0.955451
v -1.454359 2.724459 -1.062313
v -0.997890 2.724459 -1.054071
v -1.429969 2.724459 -1.160932
v -1.018705 2.724459 -1.153506
v -1.272894 2.724459 -1.281621
v -1.365204 2.724459 -1.239202
v -1.171320 2.724459 -1.279787
v -1.080601 2.724459 -1.234063
v 1.847628 2.724459 -0.882321
v 1.938347 2.724459 -0.836597
v 1.785731 2.724459 -0.962878
v 2.039921 2.724459 -0.834763
v 2.132231 2.724459 -0.877181
v 2.196995 2.724459 -0.955451
v 1.764917 2.724459 -1.062313
v 2.221386 2.724459 -1.054071
v 1.789308 2.724459 -1.160932
v 2.200572 2.724459 -1.153506
v 1.946382 2.724459 -1.281621
v 1.854072 2.724459 -1.239202
v 2.047956 2.724459 -1.279787
v 2.138675 2.724459 -1.234063
v -1.371648 6.837025 -0.882321
v -1.280929 6.837025 -0.836597
v -1.433545 6.837025 -0.962878
v -1.179356 6.837025 -0.834763
v -1.087045 6.837025 -0.877181
v -1.022281 6.837025 -0.955451
v -1.454359 6.837025 -1.062313
v -0.997890 6.837025 -1.054071
v -1.429969 6.837025 -1.160932
v -1.018705 6.837025 -1.153506
v -1.272894 6.837025 -1.281621
v -1.365204 6.837025 -1.239202
v -1.171320 6.837025 -1.279787
v -1.080601 6.837025 -1.234063
v 1.847628 6.837025 -0.882321
v 1.938347 6.837025 -0.836597
v 1.785731 6.837025 -0.962878
v 2.039921 6.837025 -0.834763
v 2.132231 6.837025 -0.877181
v 2.196995 6.837025 -0.955451
v 1.764917 6.837025 -1.062313
v 2.221386 6.837025 -1.054071
v 1.789308 6.837025 -1.160932
v 2.200572 6.837025 -1.153506
v 1.946382 6.837025 -1.281621
v 1.854072 6.837025 -1.239202
v 2.047956 6.837025 -1.279787
v 2.138675 6.837025 -1.234063
v -2.859948 3.684988 0.727918
v -2.577908 3.684988 0.727918
v -2.577908 3.684988 0.495516
v -2.859948 3.684988 0.495516
v -2.295868 3.684988 0.727918
v -2.295868 3.684988 0.495516
v -2.013828 3.684988 0.727918
v -2.013828 3.684988 0.495516
v -1.731788 3.684988 0.727918
v -1.731788 3.684988 0.495516
v -1.449748 3.684988 0.727918
v -1.449748 3.684988 0.495516
v -1.167708 3.684988 0.727918
v -1.167708 3.684988 0.495516
v -0.885667 3.684988 0.727918
v -0.885667 3.684988 0.495516
v -0.603627 3.684988 0.727918
v -0.603627 3.684988 0.495516
v -0.321587 3.684988 0.727918
v -0.321587 3.684988 0.495516
v -0.039547 3.684988 0.727918
v -0.039547 3.684988 0.495516
v 0.242493 3.684988 0.727918
v 0.242493 3.684988 0.495516
v 0.524534 3.684988 0.727918
v 0.524534 3.684988 0.495516
v 0.806574 3.684988 0.727918
v 0.806574 3.684988 0.495516
v 1.088614 3.684988 0.727918
v 1.088614 3.684988 0.495516
v 1.370654 3.684988 0.727918
v 1.370654 3.684988 0.495516
v 1.652694 3.684988 0.727918
v 1.652694 3.684988 0.495516
v 1.934735 3.684988 0.727918
v 1.934735 3.684988 0.495516
v 2.216775 3.684988 0.727918
v 2.216775 3.684988 0.495516
v 2.498815 3.684988 0.727918
v 2.498815 3.684988 0.495516
v 2.780855 3.684988 0.727918
v 2.780855 3.684988 0.495516
v 3.062895 3.684988 0.727918
v 3.062895 3.684988 0.495516
v 3.344935 3.684988 0.727918
v 3.344935 3.684988 0.495516
v 3.626975 3.684988 0.727918
v 3.626975 3.684988 0.495516
v -2.859948 0.374345 0.495516
v -2.577909 0.374345 0.495516
v -2.577909 0.374345 0.727918
v -2.859948 0.374345 0.727918
v -2.295869 0.374345 0.495516
v -2.295869 0.374345 0.727918
v -2.013828 0.374345 0.495516
v -2.013828 0.374345 0.727918
v -1.731788 0.374345 0.495516
v -1.731788 0.374345 0.727918
v -1.449748 0.374345 0.495516
v -1.449748 0.374345 0.727918
v -1.167708 0.374345 0.495516
v -1.167708 0.374345 0.727918
v -0.885667 0.374345 0.495516
v -0.885667 0.374345 0.727918
v -0.603627 0.374345 0.495516
v -0.603627 0.374345 0.727918
v -0.321587 0.374345 0.495516
v -0.321587 0.374345 0.727918
v -0.039547 0.374345 0.495516
v -0.039547 0.374345 0.727918
v 0.242493 0.374345 0.495516
v 0.242493 0.374345 0.727918
v 0.524534 0.374345 0.495516
v 0.524534 0.374345 0.727918
v 0.806574 0.374345 0.495516
v 0.806574 0.374345 0.727918
v 1.088614 0.374345 0.495516
v 1.088614 0.374345 0.727918
v 1.370654 0.374345 0.495516
v 1.370654 0.374345 0.727918
v 1.652694 0.374345 0.495516
v 1.652694 0.374345 0.727918
v 1.934735 0.374345 0.495516
v 1.934735 0.374345 0.727918
v 2.216775 0.374345 0.495516
v 2.216775 0.374345 0.727918
v 2.498815 0.374345 0.495516
v 2.498815 0.374345 0.727918
v 2.780855 0.374345 0.495516
v 2.780855 0.374345 0.727918
v 3.062895 0.374345 0.495516
v 3.062895 0.374345 0.727918
v 3.344935 0.374345 0.495516
v 3.344935 0.374345 0.727918
v 3.626975 0.374345 0.495516
v 3.626975 0.374345 0.727918
v 3.626975 0.501677 0.495516
v 3.626975 0.501677 0.727918
v 3.626975 0.629009 0.495516
v 3.626975 0.629009 0.727918
v 3.626975 0.756342 0.495516
v 3.626975 0.756342 0.727918
v 3.626975 0.883674 0.495516
v 3.626975 0.883674 0.727918
v 3.626975 1.011007 0.495516
v 3.626975 1.011007 0.727918
v 3.626975 1.138339 0.495516
v 3.626975 1.138339 0.727918
v 3.626975 1.265674 0.495516
v 3.626975 1.265674 0.727918
v 3.626975 1.393006 0.495516
v 3.626975 1.393006 0.727918
v 3.626975 1.520337 0.495516
v 3.626975 1.520337 0.727918
v 3.626975 1.647670 0.495516
v 3.626975 1.647670 0.727918
v 3.626975 1.775002 0.495516
v 3.626975 1.775002 0.727918
v 3.626975 1.902334 0.495516
v 3.626975 1.902334 0.727918
v 3.626975 2.029666 0.495516
v 3.626975 2.029666 0.727918
v 3.626975 2.156999 0.495516
v 3.626975 2.156999 0.727918
v 3.626975 2.284332 0.495516
v 3.626975 2.284331 0.727918
v 3.626975 2.411664 0.495516
v 3.626975 2.411664 0.727918
v 3.626975 2.538996 0.495516
v 3.626975 2.538996 0.727918
v 3.626975 2.666329 0.495516
v 3.626975 2.666329 0.727918
v 3.626975 2.793661 0.495516
v 3.626975 2.793661 0.727918
v 3.626975 2.920993 0.495516
v 3.626975 2.920993 0.727918
v 3.626975 3.048326 0.495516
v 3.626975 3.048326 0.727918
v 3.626975 3.175658 0.495516
v 3.626975 3.175658 0.727918
v 3.626975 3.302991 0.495516
v 3.626975 3.302991 0.727918
v 3.626975 3.430323 0.495516
v 3.626975 3.430323 0.727918
v 3.626975 3.557656 0.495516
v 3.626975 3.557656 0.727918
v -2.859948 0.501677 0.727918
v -2.859948 0.501677 0.495516
v -2.859948 0.629009 0.727918
v -2.859948 0.629010 0.495516
v -2.859948 0.756342 0.727918
v -2.859948 0.756342 0.495516
v -2.859948 0.883674 0.727918
v -2.859948 0.883674 0.495516
v -2.859948 1.011007 0.727918
v -2.859948 1.011007 0.495516
v -2.859948 1.138340 0.727918
v -2.859948 1.138340 0.495516
v -2.859948 1.265674 0.727918
v -2.859948 1.265674 0.495516
v -2.859948 1.393006 0.727918
v -2.859948 1.393006 0.495516
v -2.859948 1.520337 0.727918
v -2.859948 1.520337 0.495516
v -2.859948 1.647670 0.727918
v -2.859948 1.647670 0.495516
v -2.859948 1.775002 0.727918
v -2.859948 1.775002 0.495516
v -2.859948 1.902334 0.727918
v -2.859948 1.902334 0.495516
v -2.859948 2.029666 0.727918
v -2.859948 2.029666 0.495516
v -2.859948 2.156999 0.727918
v -2.859948 2.156999 0.495516
v -2.859948 2.284331 0.727918
v -2.859948 2.284332 0.495516
v -2.859948 2.411664 0.727918
v -2.859948 2.411663 0.495516
v -2.859948 2.538996 0.727918
v -2.859948 2.538996 0.495516
v -2.859948 2.666329 0.727918
v -2.859948 2.666329 0.495516
v -2.859948 2.793661 0.727918
v -2.859948 2.793661 0.495516
v -2.859948 2.920993 0.727918
v -2.859948 2.920993 0.495516
v -2.859948 3.048326 0.727918
v -2.859948 3.048326 0.495516
v -2.859948 3.175658 0.727918
v -2.859948 3.175658 0.495516
v -2.859948 3.302991 0.727918
v -2.859948 3.302991 0.495516
v -2.859948 3.430323 0.727918
v -2.859948 3.430323 0.495516
v -2.859948 3.557656 0.727918
v -2.859948 3.557656 0.495516
vt 0.403846 0.500000
vt 0.413462 0.000000
vt 0.423077 0.000000
vt 0.432692 0.000000
vt 0.442308 0.000000
vt 0.451923 0.000000
vt 0.461539 0.000000
vt 0.471154 0.000000
vt 0.480769 0.000000
vt 0.490385 0.000000
vt 0.500000 0.000000
vt 0.509615 0.000000
vt 0.519231 0.000000
vt 0.528846 0.000000
vt 0.538462 0.000000
vt 0.548077 0.000000
vt 0.557692 0.000000
vt 0.567308 0.000000
vt 0.576923 0.000000
vt 0.586538 0.000000
vt 0.596154 0.000000
vt 0.605769 0.000000
vt 0.615384 0.000000
vt 0.625000 0.000000
vt 0.403846 0.009615
vt 0.413462 0.009615
vt 0.423077 0.009615
vt 0.432692 0.009615
vt 0.442308 0.009615
vt 0.451923 0.009615
vt 0.461539 0.009615
vt 0.471154 0.009615
vt 0.480769 0.009615
vt 0.490385 0.009615
vt 0.500000 0.009615
vt 0.509615 0.009615
vt 0.519231 0.009615
vt 0.528846 0.009615
vt 0.538462 0.009615
vt 0.548077 0.009615
vt 0.557692 0.009615
vt 0.567308 0.009615
vt 0.576923 0.009615
vt 0.586538 0.009615
vt 0.596154 0.009615
vt 0.605769 0.009615
vt 0.615384 0.009615
vt 0.625000 0.009615
vt 0.403846 0.019231
vt 0.413462 0.019231
vt 0.423077 0.019231
vt 0.432692 0.019231
vt 0.442308 0.019231
vt 0.451923 0.019231
vt 0.461539 0.019231
vt 0.471154 0.019231
vt 0.480769 0.019231
vt 0.490385 0.019231
vt 0.500000 0.019231
vt 0.509615 0.019231
vt 0.519231 0.019231
vt 0.528846 0.019231
vt 0.538462 0.019231
vt 0.548077 0.019231
vt 0.557692 0.019231
vt 0.567308 0.019231
vt 0.576923 0.019231
vt 0.586538 0.019231
vt 0.596154 0.019231
vt 0.605769 0.019231
vt 0.615384 0.019231
vt 0.625000 0.019231
vt 0.403846 0.028846
vt 0.413462 0.028846
vt 0.423077 0.028846
vt 0.432692 0.028846
vt 0.442308 0.028846
vt 0.451923 0.028846
vt 0.461539 0.028846
vt 0.471154 0.028846
vt 0.480769 0.028846
vt 0.490385 0.028846
vt 0.500000 0.028846
vt 0.509615 0.028846
vt 0.519231 0.028846
vt 0.528846 0.028846
vt 0.538462 0.028846
vt 0.548077 0.028846
vt 0.557692 0.028846
vt 0.567308 0.028846
vt 0.576923 0.028846
vt 0.586538 0.028846
vt 0.596154 0.028846
vt 0.605769 0.028846
vt 0.615384 0.028846
vt 0.625000 0.028846
vt 0.403846 0.038462
vt 0.413462 0.038462
vt 0.423077 0.038462
vt 0.432692 0.038462
vt 0.442308 0.038462
vt 0.451923 0.038462
vt 0.461539 0.038462
vt 0.471154 0.038462
vt 0.480769 0.038462
vt 0.490385 0.038462
vt 0.500000 0.038462
vt 0.509615 0.038462
vt 0.519231 0.038462
vt 0.528846 0.038462
vt 0.538462 0.038462
vt 0.548077 0.038462
vt 0.557692 0.038462
vt 0.567308 0.038462
vt 0.576923 0.038462
vt 0.586538 0.038462
vt 0.596154 0.038462
vt 0.605769 0.038462
vt 0.615384 0.038462
vt 0.625000 0.038462
vt 0.403846 0.048077
vt 0.413462 0.048077
vt 0.423077 0.048077
vt 0.432692 0.048077
vt 0.442308 0.048077
vt 0.451923 0.048077
vt 0.461539 0.048077
vt 0.471154 0.048077
vt 0.480769 0.048077
vt 0.490385 0.048077
vt 0.500000 0.048077
vt 0.509615 0.048077
vt 0.519231 0.048077
vt 0.528846 0.048077
vt 0.538462 0.048077
vt 0.548077 0.048077
vt 0.557692 0.048077
vt 0.567308 0.048077
vt 0.576923 0.048077
vt 0.586538 0.048077
vt 0.596154 0.048077
vt 0.605769 0.048077
vt 0.615384 0.048077
vt 0.625000 0.048077
vt 0.403846 0.057692
vt 0.413462 0.057692
vt 0.423077 0.057692
vt 0.432692 0.057692
vt 0.442308 0.057692
vt 0.451923 0.057692
vt 0.461539 0.057692
vt 0.471154 0.057692
vt 0.480769 0.057692
vt 0.490385 0.057692
vt 0.500000 0.057692
vt 0.509615 0.057692
vt 0.519231 0.057692
vt 0.528846 0.057692
vt 0.538462 0.057692
vt 0.548077 0.057692
vt 0.557692 0.057692
vt 0.567308 0.057692
vt 0.576923 0.057692
vt 0.586538 0.057692
vt 0.596154 0.057692
vt 0.605769 0.057692
vt 0.615384 0.057692
vt 0.625000 0.057692
vt 0.403846 0.067308
vt 0.413462 0.067308
vt 0.423077 0.067308
vt 0.432692 0.067308
vt 0.442308 0.067308
vt 0.451923 0.067308
vt 0.461539 0.067308
vt 0.471154 0.067308
vt 0.480769 0.067308
vt 0.490385 0.067308
vt 0.500000 0.067308
vt 0.509615 0.067308
vt 0.519231 0.067308
vt 0.528846 0.067308
vt 0.538462 0.067308
vt 0.548077 0.067308
vt 0.557692 0.067308
vt 0.567308 0.067308
vt 0.576923 0.067308
vt 0.586538 0.067308
vt 0.596154 0.067308
vt 0.605769 0.067308
vt 0.615384 0.067308
vt 0.625000 0.067308
vt 0.403846 0.076923
vt 0.413462 0.076923
vt 0.423077 0.076923
vt 0.432692 0.076923
vt 0.442308 0.076923
vt 0.451923 0.076923
vt 0.461539 0.076923
vt 0.471154 0.076923
vt 0.480769 0.076923
vt 0.490385 0.076923
vt 0.500000 0.076923
vt 0.509615 0.076923
vt 0.519231 0.076923
vt 0.528846 0.076923
vt 0.538462 0.076923
vt 0.548077 0.076923
vt 0.557692 0.076923
vt 0.567308 0.076923
vt 0.576923 0.076923
vt 0.586538 0.076923
vt 0.596154 0.076923
vt 0.605769 0.076923
vt 0.615384 0.076923
vt 0.625000 0.076923
vt 0.403846 0.086538
vt 0.413462 0.086538
vt 0.423077 0.086538
vt 0.432692 0.086538
vt 0.442308 0.086538
vt 0.451923 0.086538
vt 0.461539 0.086538
vt 0.471154 0.086538
vt 0.480769 0.086538
vt 0.490385 0.086538
vt 0.500000 0.086538
vt 0.509615 0.086538
vt 0.519231 0.086538
vt 0.528846 0.086538
vt 0.538462 0.086538
vt 0.548077 0.086538
vt 0.557692 0.086538
vt 0.567308 0.086538
vt 0.576923 0.086538
vt 0.586538 0.086538
vt 0.596154 0.086538
vt 0.605769 0.086538
vt 0.615384 0.086538
vt 0.625000 0.086538
vt 0.403846 0.096154
vt 0.413462 0.096154
vt 0.423077 0.096154
vt 0.432692 0.096154
vt 0.442308 0.096154
vt 0.451923 0.096154
vt 0.461539 0.096154
vt 0.471154 0.096154
vt 0.480769 0.096154
vt 0.490385 0.096154
vt 0.500000 0.096154
vt 0.509615 0.096154
vt 0.519231 0.096154
vt 0.528846 0.096154
vt 0.538462 0.096154
vt 0.548077 0.096154
vt 0.557692 0.096154
vt 0.567308 0.096154
vt 0.576923 0.096154
vt 0.586538 0.096154
vt 0.596154 0.096154
vt 0.605769 0.096154
vt 0.615384 0.096154
vt 0.625000 0.096154
vt 0.403846 0.105769
vt 0.413462 0.105769
vt 0.423077 0.105769
vt 0.432692 0.105769
vt 0.442308 0.105769
vt 0.451923 0.105769
vt 0.461539 0.105769
vt 0.471154 0.105769
vt 0.480769 0.105769
vt 0.490385 0.105769
vt 0.500000 0.105769
vt 0.509615 0.105769
vt 0.519231 0.105769
vt 0.528846 0.105769
vt 0.538462 0.105769
vt 0.548077 0.105769
vt 0.557692 0.105769
vt 0.567308 0.105769
vt 0.576923 0.105769
vt 0.586538 0.105769
vt 0.596154 0.105769
vt 0.605769 0.105769
vt 0.615384 0.105769
vt 0.625000 0.105769
vt 0.403846 0.115385
vt 0.413462 0.115385
vt 0.423077 0.115385
vt 0.432692 0.115385
vt 0.442308 0.115385
vt 0.451923 0.115385
vt 0.461539 0.115385
vt 0.471154 0.115385
vt 0.480769 0.115385
vt 0.490385 0.115385
vt 0.500000 0.115385
vt 0.509615 0.115385
vt 0.519231 0.115385
vt 0.528846 0.115385
vt 0.538462 0.115385
vt 0.548077 0.115385
vt 0.557692 0.115385
vt 0.567308 0.115385
vt 0.576923 0.115385
vt 0.586538 0.115385
vt 0.596154 0.115385
vt 0.605769 0.115385
vt 0.615384 0.115385
vt 0.625000 0.115385
vt 0.403846 0.125000
vt 0.413462 0.125000
vt 0.423077 0.125000
vt 0.432692 0.125000
vt 0.442308 0.125000
vt 0.451923 0.125000
vt 0.461539 0.125000
vt 0.471154 0.125000
vt 0.480769 0.125000
vt 0.490385 0.125000
vt 0.500000 0.125000
vt 0.509615 0.125000
vt 0.519231 0.125000
vt 0.528846 0.125000
vt 0.538462 0.125000
vt 0.548077 0.125000
vt 0.557692 0.125000
vt 0.567308 0.125000
vt 0.576923 0.125000
vt 0.586538 0.125000
vt 0.596154 0.125000
vt 0.605769 0.125000
vt 0.615384 0.125000
vt 0.625000 0.125000
vt 0.403846 0.134615
vt 0.413462 0.134615
vt 0.423077 0.134615
vt 0.432692 0.134615
vt 0.442308 0.134615
vt 0.451923 0.134615
vt 0.461539 0.134615
vt 0.471154 0.134615
vt 0.480769 0.134615
vt 0.490385 0.134615
vt 0.500000 0.134615
vt 0.509615 0.134615
vt 0.519231 0.134615
vt 0.528846 0.134615
vt 0.538462 0.134615
vt 0.548077 0.134615
vt 0.557692 0.134615
vt 0.567308 0.134615
vt 0.576923 0.134615
vt 0.586538 0.134615
vt 0.596154 0.134615
vt 0.605769 0.134615
vt 0.615384 0.134615
vt 0.625000 0.134615
vt 0.403846 0.144231
vt 0.413462 0.144231
vt 0.423077 0.144231
vt 0.432692 0.144231
vt 0.442308 0.144231
vt 0.451923 0.144231
vt 0.461539 0.144231
vt 0.471154 0.144231
vt 0.480769 0.144231
vt 0.490385 0.144231
vt 0.500000 0.144231
vt 0.509615 0.144231
vt 0.519231 0.144231
vt 0.528846 0.144231
vt 0.538462 0.144231
vt 0.548077 0.144231
vt 0.557692 0.144231
vt 0.567308 0.144231
vt 0.576923 0.144231
vt 0.586538 0.144231
vt 0.596154 0.144231
vt 0.605769 0.144231
vt 0.615384 0.144231
vt 0.625000 0.144231
vt 0.403846 0.153846
vt 0.413462 0.153846
vt 0.423077 0.153846
vt 0.432692 0.153846
vt 0.442308 0.153846
vt 0.451923 0.153846
vt 0.461539 0.153846
vt 0.471154 0.153846
vt 0.480769 0.153846
vt 0.490385 0.153846
vt 0.500000 0.153846
vt 0.509615 0.153846
vt 0.519231 0.153846
vt 0.528846 0.153846
vt 0.538462 0.153846
vt 0.548077 0.153846
vt 0.557692 0.153846
vt 0.567308 0.153846
vt 0.576923 0.153846
vt 0.586538 0.153846
vt 0.596154 0.153846
vt 0.605769 0.153846
vt 0.615384 0.153846
vt 0.625000 0.153846
vt 0.403846 0.163462
vt 0.413462 0.163462
vt 0.423077 0.163462
vt 0.432692 0.163462
vt 0.442308 0.163462
vt 0.451923 0.163462
vt 0.461539 0.163462
vt 0.471154 0.163462
vt 0.480769 0.163462
vt 0.490385 0.163462
vt 0.500000 0.163462
vt 0.509615 0.163462
vt 0.519231 0.163462
vt 0.528846 0.163462
vt 0.538462 0.163462
vt 0.548077 0.163462
vt 0.557692 0.163462
vt 0.567308 0.163462
vt 0.576923 0.163462
vt 0.586538 0.163462
vt 0.596154 0.163462
vt 0.605769 0.163462
vt 0.615384 0.163462
vt 0.625000 0.163462
vt 0.403846 0.173077
vt 0.413462 0.173077
vt 0.423077 0.173077
vt 0.432692 0.173077
vt 0.442308 0.173077
vt 0.451923 0.173077
vt 0.461539 0.173077
vt 0.471154 0.173077
vt 0.480769 0.173077
vt 0.490385 0.173077
vt 0.500000 0.173077
vt 0.509615 0.173077
vt 0.519231 0.173077
vt 0.528846 0.173077
vt 0.538462 0.173077
vt 0.548077 0.173077
vt 0.557692 0.173077
vt 0.567308 0.173077
vt 0.576923 0.173077
vt 0.586538 0.173077
vt 0.596154 0.173077
vt 0.605769 0.173077
vt 0.615384 0.173077
vt 0.625000 0.173077
vt 0.403846 0.182692
vt 0.413462 0.182692
vt 0.423077 0.182692
vt 0.432692 0.182692
vt 0.442308 0.182692
vt 0.451923 0.182692
vt 0.461539 0.182692
vt 0.471154 0.182692
vt 0.480769 0.182692
vt 0.490385 0.182692
vt 0.500000 0.182692
vt 0.509615 0.182692
vt 0.519231 0.182692
vt 0.528846 0.182692
vt 0.538462 0.182692
vt 0.548077 0.182692
vt 0.557692 0.182692
vt 0.567308 0.182692
vt 0.576923 0.182692
vt 0.586538 0.182692
vt 0.596154 0.182692
vt 0.605769 0.182692
vt 0.615384 0.182692
vt 0.625000 0.182692
vt 0.403846 0.192308
vt 0.413462 0.192308
vt 0.423077 0.192308
vt 0.432692 0.192308
vt 0.442308 0.192308
vt 0.451923 0.192308
vt 0.461539 0.192308
vt 0.471154 0.192308
vt 0.480769 0.192308
vt 0.490385 0.192308
vt 0.500000 0.192308
vt 0.509615 0.192308
vt 0.519231 0.192308
vt 0.528846 0.192308
vt 0.538462 0.192308
vt 0.548077 0.192308
vt 0.557692 0.192308
vt 0.567308 0.192308
vt 0.576923 0.192308
vt 0.586538 0.192308
vt 0.596154 0.192308
vt 0.605769 0.192308
vt 0.615384 0.192308
vt 0.625000 0.192308
vt 0.403846 0.201923
vt 0.413462 0.201923
vt 0.423077 0.201923
vt 0.432692 0.201923
vt 0.442308 0.201923
vt 0.451923 0.201923
vt 0.461539 0.201923
vt 0.471154 0.201923
vt 0.480769 0.201923
vt 0.490385 0.201923
vt 0.500000 0.201923
vt 0.509615 0.201923
vt 0.519231 0.201923
vt 0.528846 0.201923
vt 0.538462 0.201923
vt 0.548077 0.201923
vt 0.557692 0.201923
vt 0.567308 0.201923
vt 0.576923 0.201923
vt 0.586538 0.201923
vt 0.596154 0.201923
vt 0.605769 0.201923
vt 0.615384 0.201923
vt 0.625000 0.201923
vt 0.403846 0.211539
vt 0.413462 0.211539
vt 0.423077 0.211539
vt 0.432692 0.211539
vt 0.442308 0.211539
vt 0.451923 0.211539
vt 0.461539 0.211539
vt 0.471154 0.211539
vt 0.480769 0.211539
vt 0.490385 0.211539
vt 0.500000 0.211539
vt 0.509615 0.211539
vt 0.519231 0.211539
vt 0.528846 0.211539
vt 0.538462 0.211539
vt 0.548077 0.211539
vt 0.557692 0.211539
vt 0.567308 0.211539
vt 0.576923 0.211539
vt 0.586538 0.211539
vt 0.596154 0.211539
vt 0.605769 0.211539
vt 0.615384 0.211539
vt 0.625000 0.211539
vt 0.403846 0.221154
vt 0.413462 0.221154
vt 0.423077 0.221154
vt 0.432692 0.221154
vt 0.442308 0.221154
vt 0.451923 0.221154
vt 0.461539 0.221154
vt 0.471154 0.221154
vt 0.480769 0.221154
vt 0.490385 0.221154
vt 0.500000 0.221154
vt 0.509615 0.221154
vt 0.519231 0.221154
vt 0.528846 0.221154
vt 0.538462 0.221154
vt 0.548077 0.221154
vt 0.557692 0.221154
vt 0.567308 0.221154
vt 0.576923 0.221154
vt 0.586538 0.221154
vt 0.596154 0.221154
vt 0.605769 0.221154
vt 0.615384 0.221154
vt 0.625000 0.221154
vt 0.403846 0.230769
vt 0.413462 0.230769
vt 0.423077 0.230769
vt 0.432692 0.230769
vt 0.442308 0.230769
vt 0.451923 0.230769
vt 0.461539 0.230769
vt 0.471154 0.230769
vt 0.480769 0.230769
vt 0.490385 0.230769
vt 0.500000 0.230769
vt 0.509615 0.230769
vt 0.519231 0.230769
vt 0.528846 0.230769
vt 0.538462 0.230769
vt 0.548077 0.230769
vt 0.557692 0.230769
vt 0.567308 0.230769
vt 0.576923 0.230769
vt 0.586538 0.230769
vt 0.596154 0.230769
vt 0.605769 0.230769
vt 0.615384 0.230769
vt 0.625000 0.230769
vt 0.403846 0.240385
vt 0.413462 0.240385
vt 0.423077 0.240385
vt 0.432692 0.240385
vt 0.442308 0.240385
vt 0.451923 0.240385
vt 0.461539 0.240385
vt 0.471154 0.240385
vt 0.480769 0.240385
vt 0.490385 0.240385
vt 0.500000 0.240385
vt 0.509615 0.240385
vt 0.519231 0.240385
vt 0.528846 0.240385
vt 0.538462 0.240385
vt 0.548077 0.240385
vt 0.557692 0.240385
vt 0.567308 0.240385
vt 0.576923 0.240385
vt 0.586538 0.240385
vt 0.596154 0.240385
vt 0.605769 0.240385
vt 0.615384 0.240385
vt 0.625000 0.240385
vt 0.403846 0.250000
vt 0.413462 0.250000
vt 0.423077 0.250000
vt 0.432692 0.250000
vt 0.442308 0.250000
vt 0.451923 0.250000
vt 0.461539 0.250000
vt 0.471154 0.250000
vt 0.480769 0.250000
vt 0.490385 0.250000
vt 0.500000 0.250000
vt 0.509615 0.250000
vt 0.519231 0.250000
vt 0.528846 0.250000
vt 0.538462 0.250000
vt 0.548077 0.250000
vt 0.557692 0.250000
vt 0.567308 0.250000
vt 0.576923 0.250000
vt 0.586538 0.250000
vt 0.596154 0.250000
vt 0.605769 0.250000
vt 0.615384 0.250000
vt 0.625000 0.250000
vt 0.403846 0.500000
vt 0.413462 0.500000
vt 0.423077 0.500000
vt 0.432692 0.500000
vt 0.442308 0.500000
vt 0.451923 0.500000
vt 0.461539 0.500000
vt 0.471154 0.500000
vt 0.480769 0.500000
vt 0.490385 0.500000
vt 0.500000 0.500000
vt 0.509615 0.500000
vt 0.519231 0.500000
vt 0.528846 0.500000
vt 0.538462 0.500000
vt 0.548077 0.500000
vt 0.557692 0.500000
vt 0.567308 0.500000
vt 0.576923 0.500000
vt 0.586538 0.500000
vt 0.596154 0.500000
vt 0.605769 0.500000
vt 0.615384 0.500000
vt 0.625000 0.500000
vt 0.403846 0.509615
vt 0.413462 0.509615
vt 0.423077 0.509615
vt 0.432692 0.509615
vt 0.442308 0.509615
vt 0.451923 0.509615
vt 0.461539 0.509615
vt 0.471154 0.509615
vt 0.480769 0.509615
vt 0.490385 0.509615
vt 0.500000 0.509615
vt 0.509615 0.509615
vt 0.519231 0.509615
vt 0.528846 0.509615
vt 0.538462 0.509615
vt 0.548077 0.509615
vt 0.557692 0.509615
vt 0.567308 0.509615
vt 0.576923 0.509615
vt 0.586538 0.509615
vt 0.596154 0.509615
vt 0.605769 0.509615
vt 0.615384 0.509615
vt 0.625000 0.509615
vt 0.403846 0.519231
vt 0.413462 0.519231
vt 0.423077 0.519231
vt 0.432692 0.519231
vt 0.442308 0.519231
vt 0.451923 0.519231
vt 0.461539 0.519231
vt 0.471154 0.519231
vt 0.480769 0.519231
vt 0.490385 0.519231
vt 0.500000 0.519231
vt 0.509615 0.519231
vt 0.519231 0.519231
vt 0.528846 0.519231
vt 0.538462 0.519231
vt 0.548077 0.519231
vt 0.557692 0.519231
vt 0.567308 0.519231
vt 0.576923 0.519231
vt 0.586538 0.519231
vt 0.596154 0.519231
vt 0.605769 0.519231
vt 0.615384 0.519231
vt 0.625000 0.519231
vt 0.403846 0.528846
vt 0.413462 0.528846
vt 0.423077 0.528846
vt 0.432692 0.528846
vt 0.442308 0.528846
vt 0.451923 0.528846
vt 0.461539 0.528846
vt 0.471154 0.528846
vt 0.480769 0.528846
vt 0.490385 0.528846
vt 0.500000 0.528846
vt 0.509615 0.528846
vt 0.519231 0.528846
vt 0.528846 0.528846
vt 0.538462 0.528846
vt 0.548077 0.528846
vt 0.557692 0.528846
vt 0.567308 0.528846
vt 0.576923 0.528846
vt 0.586538 0.528846
vt 0.596154 0.528846
vt 0.605769 0.528846
vt 0.615384 0.528846
vt 0.625000 0.528846
vt 0.403846 0.538462
vt 0.413462 0.538462
vt 0.423077 0.538462
vt 0.432692 0.538462
vt 0.442308 0.538462
vt 0.451923 0.538462
vt 0.461539 0.538462
vt 0.471154 0.538462
vt 0.480769 0.538462
vt 0.490385 0.538462
vt 0.500000 0.538462
vt 0.509615 0.538462
vt 0.519231 0.538462
vt 0.528846 0.538462
vt 0.538462 0.538462
vt 0.548077 0.538462
vt 0.557692 0.538462
vt 0.567308 0.538462
vt 0.576923 0.538462
vt 0.586538 0.538462
vt 0.596154 0.538462
vt 0.605769 0.538462
vt 0.615384 0.538462
vt 0.625000 0.538462
vt 0.403846 0.548077
vt 0.413462 0.548077
vt 0.423077 0.548077
vt 0.432692 0.548077
vt 0.442308 0.548077
vt 0.451923 0.548077
vt 0.461539 0.548077
vt 0.471154 0.548077
vt 0.480769 0.548077
vt 0.490385 0.548077
vt 0.500000 0.548077
vt 0.509615 0.548077
vt 0.519231 0.548077
vt 0.528846 0.548077
vt 0.538462 0.548077
vt 0.548077 0.548077
vt 0.557692 0.548077
vt 0.567308 0.548077
vt 0.576923 0.548077
vt 0.586538 0.548077
vt 0.596154 0.548077
vt 0.605769 0.548077
vt 0.615384 0.548077
vt 0.625000 0.548077
vt 0.403846 0.557692
vt 0.413462 0.557692
vt 0.423077 0.557692
vt 0.432692 0.557692
vt 0.442308 0.557692
vt 0.451923 0.557692
vt 0.461539 0.557692
vt 0.471154 0.557692
vt 0.480769 0.557692
vt 0.490385 0.557692
vt 0.500000 0.557692
vt 0.509615 0.557692
vt 0.519231 0.557692
vt 0.528846 0.557692
vt 0.538462 0.557692
vt 0.548077 0.557692
vt 0.557692 0.557692
vt 0.567308 0.557692
vt 0.576923 0.557692
vt 0.586538 0.557692
vt 0.596154 0.557692
vt 0.605769 0.557692
vt 0.615384 0.557692
vt 0.625000 0.557692
vt 0.403846 0.567308
vt 0.413462 0.567308
vt 0.423077 0.567308
vt 0.432692 0.567308
vt 0.442308 0.567308
vt 0.451923 0.567308
vt 0.461539 0.567308
vt 0.471154 0.567308
vt 0.480769 0.567308
vt 0.490385 0.567308
vt 0.500000 0.567308
vt 0.509615 0.567308
vt 0.519231 0.567308
vt 0.528846 0.567308
vt 0.538462 0.567308
vt 0.548077 0.567308
vt 0.557692 0.567308
vt 0.567308 0.567308
vt 0.576923 0.567308
vt 0.586538 0.567308
vt 0.596154 0.567308
vt 0.605769 0.567308
vt 0.615384 0.567308
vt 0.625000 0.567308
vt 0.403846 0.576923
vt 0.413462 0.576923
vt 0.423077 0.576923
vt 0.432692 0.576923
vt 0.442308 0.576923
vt 0.451923 0.576923
vt 0.461539 0.576923
vt 0.471154 0.576923
vt 0.480769 0.576923
vt 0.490385 0.576923
vt 0.500000 0.576923
vt 0.509615 0.576923
vt 0.519231 0.576923
vt 0.528846 0.576923
vt 0.538462 0.576923
vt 0.548077 0.576923
vt 0.557692 0.576923
vt 0.567308 0.576923
vt 0.576923 0.576923
vt 0.586538 0.576923
vt 0.596154 0.576923
vt 0.605769 0.576923
vt 0.615384 0.576923
vt 0.625000 0.576923
vt 0.403846 0.586538
vt 0.413462 0.586538
vt 0.423077 0.586538
vt 0.432692 0.586538
vt 0.442308 0.586538
vt 0.451923 0.586538
vt 0.461539 0.586538
vt 0.471154 0.586538
vt 0.480769 0.586538
vt 0.490385 0.586538
vt 0.500000 0.586538
vt 0.509615 0.586538
vt 0.519231 0.586538
vt 0.528846 0.586538
vt 0.538462 0.586538
vt 0.548077 0.586538
vt 0.557692 0.586538
vt 0.567308 0.586538
vt 0.576923 0.586538
vt 0.586538 0.586538
vt 0.596154 0.586538
vt 0.605769 0.586538
vt 0.615384 0.586538
vt 0.625000 0.586538
vt 0.403846 0.596154
vt 0.413462 0.596154
vt 0.423077 0.596154
vt 0.432692 0.596154
vt 0.442308 0.596154
vt 0.451923 0.596154
vt 0.461539 0.596154
vt 0.471154 0.596154
vt 0.480769 0.596154
vt 0.490385 0.596154
vt 0.500000 0.596154
vt 0.509615 0.596154
vt 0.519231 0.596154
vt 0.528846 0.596154
vt 0.538462 0.596154
vt 0.548077 0.596154
vt 0.557692 0.596154
vt 0.567308 0.596154
vt 0.576923 0.596154
vt 0.586538 0.596154
vt 0.596154 0.596154
vt 0.605769 0.596154
vt 0.615384 0.596154
vt 0.625000 0.596154
vt 0.403846 0.605769
vt 0.413462 0.605769
vt 0.423077 0.605769
vt 0.432692 0.605769
vt 0.442308 0.605769
vt 0.451923 0.605769
vt 0.461539 0.605769
vt 0.471154 0.605769
vt 0.480769 0.605769
vt 0.490385 0.605769
vt 0.500000 0.605769
vt 0.509615 0.605769
vt 0.519231 0.605769
vt 0.528846 0.605769
vt 0.538462 0.605769
vt 0.548077 0.605769
vt 0.557692 0.605769
vt 0.567308 0.605769
vt 0.576923 0.605769
vt 0.586538 0.605769
vt 0.596154 0.605769
vt 0.605769 0.605769
vt 0.615384 0.605769
vt 0.625000 0.605769
vt 0.403846 0.615384
vt 0.413462 0.615384
vt 0.423077 0.615384
vt 0.432692 0.615384
vt 0.442308 0.615384
vt 0.451923 0.615384
vt 0.461539 0.615384
vt 0.471154 0.615384
vt 0.480769 0.615384
vt 0.490385 0.615384
vt 0.500000 0.615384
vt 0.509615 0.615384
vt 0.519231 0.615384
vt 0.528846 0.615384
vt 0.538462 0.615384
vt 0.548077 0.615384
vt 0.557692 0.615384
vt 0.567308 0.615384
vt 0.576923 0.615384
vt 0.586538 0.615384
vt 0.596154 0.615384
vt 0.605769 0.615384
vt 0.615384 0.615384
vt 0.625000 0.615384
vt 0.403846 0.625000
vt 0.413462 0.625000
vt 0.423077 0.625000
vt 0.432692 0.625000
vt 0.442308 0.625000
vt 0.451923 0.625000
vt 0.461539 0.625000
vt 0.471154 0.625000
vt 0.480769 0.625000
vt 0.490385 0.625000
vt 0.500000 0.625000
vt 0.509615 0.625000
vt 0.519231 0.625000
vt 0.528846 0.625000
vt 0.538462 0.625000
vt 0.548077 0.625000
vt 0.557692 0.625000
vt 0.567308 0.625000
vt 0.576923 0.625000
vt 0.586538 0.625000
vt 0.596154 0.625000
vt 0.605769 0.625000
vt 0.615384 0.625000
vt 0.625000 0.625000
vt 0.403846 0.634615
vt 0.413462 0.634615
vt 0.423077 0.634615
vt 0.432692 0.634615
vt 0.442308 0.634615
vt 0.451923 0.634615
vt 0.461539 0.634615
vt 0.471154 0.634615
vt 0.480769 0.634615
vt 0.490385 0.634615
vt 0.500000 0.634615
vt 0.509615 0.634615
vt 0.519231 0.634615
vt 0.528846 0.634615
vt 0.538462 0.634615
vt 0.548077 0.634615
vt 0.557692 0.634615
vt 0.567308 0.634615
vt 0.576923 0.634615
vt 0.586538 0.634615
vt 0.596154 0.634615
vt 0.605769 0.634615
vt 0.615384 0.634615
vt 0.625000 0.634615
vt 0.403846 0.644231
vt 0.413462 0.644231
vt 0.423077 0.644231
vt 0.432692 0.644231
vt 0.442308 0.644231
vt 0.451923 0.644231
vt 0.461539 0.644231
vt 0.471154 0.644231
vt 0.480769 0.644231
vt 0.490385 0.644231
vt 0.500000 0.644231
vt 0.509615 0.644231
vt 0.519231 0.644231
vt 0.528846 0.644231
vt 0.538462 0.644231
vt 0.548077 0.644231
vt 0.557692 0.644231
vt 0.567308 0.644231
vt 0.576923 0.644231
vt 0.586538 0.644231
vt 0.596154 0.644231
vt 0.605769 0.644231
vt 0.615384 0.644231
vt 0.625000 0.644231
vt 0.403846 0.653846
vt 0.413462 0.653846
vt 0.423077 0.653846
vt 0.432692 0.653846
vt 0.442308 0.653846
vt 0.451923 0.653846
vt 0.461539 0.653846
vt 0.471154 0.653846
vt 0.480769 0.653846
vt 0.490385 0.653846
vt 0.500000 0.653846
vt 0.509615 0.653846
vt 0.519231 0.653846
vt 0.528846 0.653846
vt 0.538462 0.653846
vt 0.548077 0.653846
vt 0.557692 0.653846
vt 0.567308 0.653846
vt 0.576923 0.653846
vt 0.586538 0.653846
vt 0.596154 0.653846
vt 0.605769 0.653846
vt 0.615384 0.653846
vt 0.625000 0.653846
vt 0.403846 0.663461
vt 0.413462 0.663461
vt 0.423077 0.663461
vt 0.432692 0.663461
vt 0.442308 0.663461
vt 0.451923 0.663461
vt 0.461539 0.663461
vt 0.471154 0.663461
vt 0.480769 0.663461
vt 0.490385 0.663461
vt 0.500000 0.663461
vt 0.509615 0.663461
vt 0.519231 0.663461
vt 0.528846 0.663461
vt 0.538462 0.663461
vt 0.548077 0.663461
vt 0.557692 0.663461
vt 0.567308 0.663461
vt 0.576923 0.663461
vt 0.586538 0.663461
vt 0.596154 0.663461
vt 0.605769 0.663461
vt 0.615384 0.663461
vt 0.625000 0.663461
vt 0.403846 0.673077
vt 0.413462 0.673077
vt 0.423077 0.673077
vt 0.432692 0.673077
vt 0.442308 0.673077
vt 0.451923 0.673077
vt 0.461539 0.673077
vt 0.471154 0.673077
vt 0.480769 0.673077
vt 0.490385 0.673077
vt 0.500000 0.673077
vt 0.509615 0.673077
vt 0.519231 0.673077
vt 0.528846 0.673077
vt 0.538462 0.673077
vt 0.548077 0.673077
vt 0.557692 0.673077
vt 0.567308 0.673077
vt 0.576923 0.673077
vt 0.586538 0.673077
vt 0.596154 0.673077
vt 0.605769 0.673077
vt 0.615384 0.673077
vt 0.625000 0.673077
vt 0.403846 0.682692
vt 0.413462 0.682692
vt 0.423077 0.682692
vt 0.432692 0.682692
vt 0.442308 0.682692
vt 0.451923 0.682692
vt 0.461539 0.682692
vt 0.471154 0.682692
vt 0.480769 0.682692
vt 0.490385 0.682692
vt 0.500000 0.682692
vt 0.509615 0.682692
vt 0.519231 0.682692
vt 0.528846 0.682692
vt 0.538462 0.682692
vt 0.548077 0.682692
vt 0.557692 0.682692
vt 0.567308 0.682692
vt 0.576923 0.682692
vt 0.586538 0.682692
vt 0.596154 0.682692
vt 0.605769 0.682692
vt 0.615384 0.682692
vt 0.625000 0.682692
vt 0.403846 0.692307
vt 0.413462 0.692307
vt 0.423077 0.692307
vt 0.432692 0.692307
vt 0.442308 0.692307
vt 0.451923 0.692307
vt 0.461539 0.692307
vt 0.471154 0.692307
vt 0.480769 0.692307
vt 0.490385 0.692307
vt 0.500000 0.692307
vt 0.509615 0.692307
vt 0.519231 0.692307
vt 0.528846 0.692307
vt 0.538462 0.692307
vt 0.548077 0.692307
vt 0.557692 0.692307
vt 0.567308 0.692307
vt 0.576923 0.692307
vt 0.586538 0.692307
vt 0.596154 0.692307
vt 0.605769 0.692307
vt 0.615384 0.692307
vt 0.625000 0.692307
vt 0.403846 0.701923
vt 0.413462 0.701923
vt 0.423077 0.701923
vt 0.432692 0.701923
vt 0.442308 0.701923
vt 0.451923 0.701923
vt 0.461539 0.701923
vt 0.471154 0.701923
vt 0.480769 0.701923
vt 0.490385 0.701923
vt 0.500000 0.701923
vt 0.509615 0.701923
vt 0.519231 0.701923
vt 0.528846 0.701923
vt 0.538462 0.701923
vt 0.548077 0.701923
vt 0.557692 0.701923
vt 0.567308 0.701923
vt 0.576923 0.701923
vt 0.586538 0.701923
vt 0.596154 0.701923
vt 0.605769 0.701923
vt 0.615384 0.701923
vt 0.625000 0.701923
vt 0.403846 0.711538
vt 0.413462 0.711538
vt 0.423077 0.711538
vt 0.432692 0.711538
vt 0.442308 0.711538
vt 0.451923 0.711538
vt 0.461539 0.711538
vt 0.471154 0.711538
vt 0.480769 0.711538
vt 0.490385 0.711538
vt 0.500000 0.711538
vt 0.509615 0.711538
vt 0.519231 0.711538
vt 0.528846 0.711538
vt 0.538462 0.711538
vt 0.548077 0.711538
vt 0.557692 0.711538
vt 0.567308 0.711538
vt 0.576923 0.711538
vt 0.586538 0.711538
vt 0.596154 0.711538
vt 0.605769 0.711538
vt 0.615384 0.711538
vt 0.625000 0.711538
vt 0.403846 0.721153
vt 0.413462 0.721153
vt 0.423077 0.721153
vt 0.432692 0.721153
vt 0.442308 0.721153
vt 0.451923 0.721153
vt 0.461539 0.721153
vt 0.471154 0.721153
vt 0.480769 0.721153
vt 0.490385 0.721153
vt 0.500000 0.721153
vt 0.509615 0.721153
vt 0.519231 0.721153
vt 0.528846 0.721153
vt 0.538462 0.721153
vt 0.548077 0.721153
vt 0.557692 0.721153
vt 0.567308 0.721153
vt 0.576923 0.721153
vt 0.586538 0.721153
vt 0.596154 0.721153
vt 0.605769 0.721153
vt 0.615384 0.721153
vt 0.625000 0.721153
vt 0.403846 0.730769
vt 0.413462 0.730769
vt 0.423077 0.730769
vt 0.432692 0.730769
vt 0.442308 0.730769
vt 0.451923 0.730769
vt 0.461539 0.730769
vt 0.471154 0.730769
vt 0.480769 0.730769
vt 0.490385 0.730769
vt 0.500000 0.730769
vt 0.509615 0.730769
vt 0.519231 0.730769
vt 0.528846 0.730769
vt 0.538462 0.730769
vt 0.548077 0.730769
vt 0.557692 0.730769
vt 0.567308 0.730769
vt 0.576923 0.730769
vt 0.586538 0.730769
vt 0.596154 0.730769
vt 0.605769 0.730769
vt 0.615384 0.730769
vt 0.625000 0.730769
vt 0.403846 0.740384
vt 0.413462 0.740384
vt 0.423077 0.740384
vt 0.432692 0.740384
vt 0.442308 0.740384
vt 0.451923 0.740384
vt 0.461539 0.740384
vt 0.471154 0.740384
vt 0.480769 0.740384
vt 0.490385 0.740384
vt 0.500000 0.740384
vt 0.509615 0.740384
vt 0.519231 0.740384
vt 0.528846 0.740384
vt 0.538462 0.740384
vt 0.548077 0.740384
vt 0.557692 0.740384
vt 0.567308 0.740384
vt 0.576923 0.740384
vt 0.586538 0.740384
vt 0.596154 0.740384
vt 0.605769 0.740384
vt 0.615384 0.740384
vt 0.625000 0.740384
vt 0.403846 0.750000
vt 0.413462 0.750000
vt 0.423077 0.750000
vt 0.432692 0.750000
vt 0.442308 0.750000
vt 0.451923 0.750000
vt 0.461539 0.750000
vt 0.471154 0.750000
vt 0.480769 0.750000
vt 0.490385 0.750000
vt 0.500000 0.750000
vt 0.509615 0.750000
vt 0.519231 0.750000
vt 0.528846 0.750000
vt 0.538462 0.750000
vt 0.548077 0.750000
vt 0.557692 0.750000
vt 0.567308 0.750000
vt 0.576923 0.750000
vt 0.586538 0.750000
vt 0.596154 0.750000
vt 0.605769 0.750000
vt 0.615384 0.750000
vt 0.625000 0.750000
vt 0.413462 1.000000
vt 0.423077 1.000000
vt 0.432692 1.000000
vt 0.442308 1.000000
vt 0.451923 1.000000
vt 0.461539 1.000000
vt 0.471154 1.000000
vt 0.480769 1.000000
vt 0.490385 1.000000
vt 0.500000 1.000000
vt 0.509615 1.000000
vt 0.519231 1.000000
vt 0.528846 1.000000
vt 0.538462 1.000000
vt 0.548077 1.000000
vt 0.557692 1.000000
vt 0.567308 1.000000
vt 0.576923 1.000000
vt 0.586538 1.000000
vt 0.596154 1.000000
vt 0.605769 1.000000
vt 0.615384 1.000000
vt 0.625000 1.000000
vt 0.875000 0.000000
vt 0.875000 0.009615
vt 0.875000 0.019231
vt 0.875000 0.028846
vt 0.875000 0.038462
vt 0.875000 0.048077
vt 0.875000 0.057692
vt 0.875000 0.067308
vt 0.875000 0.076923
vt 0.875000 0.086538
vt 0.875000 0.096154
vt 0.875000 0.105769
vt 0.875000 0.115385
vt 0.875000 0.125000
vt 0.875000 0.134615
vt 0.875000 0.144231
vt 0.875000 0.153846
vt 0.875000 0.163462
vt 0.875000 0.173077
vt 0.875000 0.182692
vt 0.875000 0.192308
vt 0.875000 0.201923
vt 0.875000 0.211539
vt 0.875000 0.221154
vt 0.875000 0.230769
vt 0.875000 0.240385
vt 0.875000 0.250000
vt 0.413462 0.019231
vt 0.423077 0.019231
vt 0.413462 0.028846
vt 0.432692 0.019231
vt 0.432692 0.028846
vt 0.413462 0.038462
vt 0.432692 0.038462
vt 0.423077 0.048077
vt 0.413462 0.048077
vt 0.432692 0.048077
vt -2.196015 0.190933
vt -2.044745 0.142212
vt -2.044745 0.142212
vt -2.196015 0.190933
vt -2.289758 0.319264
vt -2.289758 0.319264
vt -1.893728 0.191710
vt -1.893728 0.191710
vt -1.800647 0.320521
vt -1.800647 0.320521
vt -2.290166 0.478186
vt -2.290166 0.478186
vt -1.801055 0.479443
vt -1.801055 0.479443
vt -2.046067 0.656494
vt -2.197085 0.606996
vt -2.197085 0.606996
vt -2.046067 0.656494
vt -1.894797 0.607773
vt -1.894797 0.607773
vt 0.451923 0.019231
vt 0.461539 0.019231
vt 0.451923 0.028846
vt 0.471154 0.019231
vt 0.471154 0.028846
vt 0.451923 0.038462
vt 0.471154 0.038462
vt 0.461539 0.048077
vt 0.451923 0.048077
vt 0.471154 0.048077
vt -1.173312 0.190933
vt -1.022042 0.142212
vt -1.022042 0.142212
vt -1.173312 0.190933
vt -1.267055 0.319264
vt -1.267055 0.319264
vt -0.871025 0.191710
vt -0.871025 0.191710
vt -0.777944 0.320521
vt -0.777944 0.320521
vt -1.267463 0.478186
vt -1.267463 0.478186
vt -0.778352 0.479443
vt -0.778352 0.479443
vt -1.023364 0.656494
vt -1.174381 0.606996
vt -1.174381 0.606996
vt -1.023364 0.656494
vt -0.872094 0.607773
vt -0.872094 0.607773
vt 0.490385 0.019231
vt 0.500000 0.019231
vt 0.490385 0.028846
vt 0.509615 0.019231
vt 0.509615 0.028846
vt 0.490385 0.038462
vt 0.509615 0.038462
vt 0.500000 0.048077
vt 0.490385 0.048077
vt 0.509615 0.048077
vt -0.150609 0.190933
vt 0.000661 0.142212
vt 0.000661 0.142212
vt -0.150609 0.190933
vt -0.244351 0.319264
vt -0.244351 0.319264
vt 0.151678 0.191710
vt 0.151678 0.191710
vt 0.244760 0.320521
vt 0.244760 0.320521
vt -0.244760 0.478186
vt -0.244760 0.478186
vt 0.244351 0.479443
vt 0.244351 0.479443
vt -0.000661 0.656494
vt -0.151678 0.606996
vt -0.151678 0.606996
vt -0.000661 0.656494
vt 0.150609 0.607773
vt 0.150609 0.607773
vt 0.519231 0.019231
vt 0.528846 0.019231
vt 0.519231 0.028846
vt 0.538462 0.019231
vt 0.538462 0.028846
vt 0.519231 0.038462
vt 0.538462 0.038462
vt 0.528846 0.048077
vt 0.519231 0.048077
vt 0.538462 0.048077
vt 0.612804 0.193594
vt 0.763200 0.142240
vt 0.763200 0.142240
vt 0.612804 0.193594
vt 0.521315 0.323540
vt 0.521315 0.323540
vt 0.915058 0.189095
vt 0.915058 0.189095
vt 1.010374 0.316261
vt 1.010374 0.316261
vt 0.523681 0.482445
vt 0.523681 0.482445
vt 1.012739 0.475166
vt 1.012739 0.475166
vt 0.770854 0.656467
vt 0.618996 0.609612
vt 0.618996 0.609612
vt 0.770854 0.656467
vt 0.921251 0.605113
vt 0.921251 0.605113
vt 0.557692 0.019231
vt 0.567308 0.019231
vt 0.557692 0.028846
vt 0.576923 0.019231
vt 0.576923 0.028846
vt 0.557692 0.038462
vt 0.576923 0.038462
vt 0.567308 0.048077
vt 0.557692 0.048077
vt 0.576923 0.048077
vt 1.639121 0.190933
vt 1.790391 0.142212
vt 1.790391 0.142212
vt 1.639121 0.190933
vt 1.545379 0.319264
vt 1.545379 0.319264
vt 1.941408 0.191710
vt 1.941408 0.191710
vt 2.034490 0.320521
vt 2.034490 0.320521
vt 1.544971 0.478186
vt 1.544971 0.478186
vt 2.034082 0.479443
vt 2.034082 0.479443
vt 1.789069 0.656494
vt 1.638052 0.606996
vt 1.638052 0.606996
vt 1.789069 0.656494
vt 1.940339 0.607773
vt 1.940339 0.607773
vt 0.596154 0.019231
vt 0.605769 0.019231
vt 0.596154 0.028846
vt 0.615384 0.019231
vt 0.615384 0.028846
vt 0.596154 0.038462
vt 0.615384 0.038462
vt 0.605769 0.048077
vt 0.596154 0.048077
vt 0.615384 0.048077
vt 2.661824 0.190933
vt 2.813094 0.142212
vt 2.813094 0.142212
vt 2.661824 0.190933
vt 2.568082 0.319264
vt 2.568082 0.319264
vt 2.964112 0.191710
vt 2.964112 0.191710
vt 3.057193 0.320521
vt 3.057193 0.320521
vt 2.567673 0.478186
vt 2.567673 0.478186
vt 3.056785 0.479443
vt 3.056785 0.479443
vt 2.811772 0.656494
vt 2.660755 0.606996
vt 2.660755 0.606996
vt 2.811772 0.656494
vt 2.963042 0.607773
vt 2.963042 0.607773
vt 0.413462 0.086538
vt 0.423077 0.086538
vt 0.413462 0.096154
vt 0.432692 0.086538
vt 0.432692 0.096154
vt 0.413462 0.105769
vt 0.432692 0.105769
vt 0.423077 0.115385
vt 0.413462 0.115385
vt 0.432692 0.115385
vt -2.196742 0.938394
vt -2.045643 0.889145
vt -2.045643 0.889145
vt -2.196742 0.938394
vt -2.290036 1.067051
vt -2.290036 1.067051
vt -1.894454 0.938116
vt -1.894454 0.938116
vt -1.800923 1.066601
vt -1.800923 1.066601
vt -2.289889 1.225973
vt -2.289889 1.225973
vt -1.800777 1.225523
vt -1.800777 1.225523
vt -2.045170 1.403428
vt -2.196359 1.354458
vt -2.196359 1.354458
vt -2.045170 1.403428
vt -1.894071 1.354179
vt -1.894071 1.354179
vt 0.451923 0.086538
vt 0.461539 0.086538
vt 0.451923 0.096154
vt 0.471154 0.086538
vt 0.471154 0.096154
vt 0.451923 0.105769
vt 0.471154 0.105769
vt 0.461539 0.115385
vt 0.451923 0.115385
vt 0.471154 0.115385
vt -1.174039 0.938394
vt -1.022940 0.889145
vt -1.022940 0.889145
vt -1.174039 0.938394
vt -1.267333 1.067051
vt -1.267333 1.067051
vt -0.871751 0.938116
vt -0.871751 0.938116
vt -0.778220 1.066601
vt -0.778220 1.066601
vt -1.267186 1.225973
vt -1.267186 1.225973
vt -0.778074 1.225523
vt -0.778074 1.225523
vt -1.022467 1.403428
vt -1.173656 1.354458
vt -1.173656 1.354458
vt -1.022467 1.403428
vt -0.871368 1.354179
vt -0.871368 1.354179
vt 0.490385 0.086538
vt 0.500000 0.086538
vt 0.490385 0.096154
vt 0.509615 0.086538
vt 0.509615 0.096154
vt 0.490385 0.105769
vt 0.509615 0.105769
vt 0.500000 0.115385
vt 0.490385 0.115385
vt 0.509615 0.115385
vt -0.151336 0.938394
vt -0.000237 0.889145
vt -0.000237 0.889145
vt -0.151336 0.938394
vt -0.244630 1.067051
vt -0.244630 1.067051
vt 0.150953 0.938116
vt 0.150953 0.938116
vt 0.244483 1.066601
vt 0.244483 1.066601
vt -0.244483 1.225973
vt -0.244483 1.225973
vt 0.244629 1.225523
vt 0.244629 1.225523
vt 0.000236 1.403428
vt -0.150953 1.354458
vt -0.150953 1.354458
vt 0.000236 1.403428
vt 0.151335 1.354180
vt 0.151335 1.354180
vt 0.519231 0.086538
vt 0.528846 0.086538
vt 0.519231 0.096154
vt 0.538462 0.086538
vt 0.538462 0.096154
vt 0.519231 0.105769
vt 0.538462 0.105769
vt 0.528846 0.115385
vt 0.519231 0.115385
vt 0.538462 0.115385
vt 0.610658 0.942153
vt 0.760508 0.889228
vt 0.760508 0.889228
vt 0.610658 0.942153
vt 0.520535 1.073051
vt 0.520535 1.073051
vt 0.912849 0.934490
vt 0.912849 0.934490
vt 1.009490 1.060651
vt 1.009490 1.060651
vt 0.524564 1.231922
vt 0.524564 1.231922
vt 1.013520 1.219522
vt 1.013520 1.219522
vt 0.773546 1.403346
vt 0.621206 1.358084
vt 0.621206 1.358084
vt 0.773546 1.403346
vt 0.923397 1.350420
vt 0.923397 1.350420
vt 0.557692 0.086538
vt 0.567308 0.086538
vt 0.557692 0.096154
vt 0.576923 0.086538
vt 0.576923 0.096154
vt 0.557692 0.105769
vt 0.576923 0.105769
vt 0.567308 0.115385
vt 0.557692 0.115385
vt 0.576923 0.115385
vt 1.638395 0.938394
vt 1.789494 0.889145
vt 1.789494 0.889145
vt 1.638395 0.938394
vt 1.545101 1.067051
vt 1.545101 1.067051
vt 1.940683 0.938116
vt 1.940683 0.938116
vt 2.034214 1.066601
vt 2.034214 1.066601
vt 1.545247 1.225973
vt 1.545247 1.225973
vt 2.034360 1.225523
vt 2.034360 1.225523
vt 1.789967 1.403428
vt 1.638778 1.354458
vt 1.638778 1.354458
vt 1.789967 1.403428
vt 1.941066 1.354179
vt 1.941066 1.354179
vt 0.596154 0.086538
vt 0.605769 0.086538
vt 0.596154 0.096154
vt 0.615384 0.086538
vt 0.615384 0.096154
vt 0.596154 0.105769
vt 0.615384 0.105769
vt 0.605769 0.115385
vt 0.596154 0.115385
vt 0.615384 0.115385
vt 2.661098 0.938394
vt 2.812196 0.889145
vt 2.812196 0.889145
vt 2.661098 0.938394
vt 2.567804 1.067050
vt 2.567804 1.067050
vt 2.963386 0.938116
vt 2.963386 0.938116
vt 3.056916 1.066601
vt 3.056916 1.066601
vt 2.567950 1.225973
vt 2.567950 1.225973
vt 3.057062 1.225523
vt 3.057062 1.225523
vt 2.812670 1.403428
vt 2.661480 1.354458
vt 2.661480 1.354458
vt 2.812670 1.403428
vt 2.963768 1.354179
vt 2.963768 1.354179
vt 0.413462 0.144231
vt 0.423077 0.144231
vt 0.413462 0.153846
vt 0.432692 0.144231
vt 0.432692 0.153846
vt 0.413462 0.163462
vt 0.432692 0.163462
vt 0.423077 0.173077
vt 0.413462 0.173077
vt 0.432692 0.173077
vt -2.197105 1.578886
vt -2.046092 1.529374
vt -2.046092 1.529374
vt -2.197105 1.578886
vt -2.290174 1.707706
vt -2.290174 1.707706
vt -1.894817 1.578080
vt -1.894817 1.578080
vt -1.801063 1.706402
vt -1.801063 1.706402
vt -2.289750 1.866628
vt -2.289750 1.866628
vt -1.800639 1.865323
vt -1.800639 1.865323
vt -2.044721 2.043655
vt -2.195995 1.994949
vt -2.195995 1.994949
vt -2.044721 2.043655
vt -1.893708 1.994143
vt -1.893708 1.994143
vt 0.451923 0.144231
vt 0.461539 0.144231
vt 0.451923 0.153846
vt 0.471154 0.144231
vt 0.471154 0.153846
vt 0.451923 0.163462
vt 0.471154 0.163462
vt 0.461539 0.173077
vt 0.451923 0.173077
vt 0.471154 0.173077
vt -1.174401 1.578886
vt -1.023389 1.529374
vt -1.023389 1.529374
vt -1.174401 1.578886
vt -1.267471 1.707706
vt -1.267471 1.707706
vt -0.872114 1.578081
vt -0.872114 1.578081
vt -0.778360 1.706402
vt -0.778360 1.706402
vt -1.267047 1.866628
vt -1.267047 1.866628
vt -0.777936 1.865324
vt -0.777936 1.865324
vt -1.022018 2.043655
vt -1.173292 1.994949
vt -1.173292 1.994949
vt -1.022018 2.043655
vt -0.871005 1.994143
vt -0.871005 1.994143
vt 0.490385 0.144231
vt 0.500000 0.144231
vt 0.490385 0.153846
vt 0.509615 0.144231
vt 0.509615 0.153846
vt 0.490385 0.163462
vt 0.509615 0.163462
vt 0.500000 0.173077
vt 0.490385 0.173077
vt 0.509615 0.173077
vt -0.151698 1.578886
vt -0.000686 1.529374
vt -0.000686 1.529374
vt -0.151698 1.578886
vt -0.244768 1.707706
vt -0.244768 1.707706
vt 0.150589 1.578080
vt 0.150589 1.578080
vt 0.244343 1.706402
vt 0.244343 1.706402
vt -0.244344 1.866628
vt -0.244344 1.866628
vt 0.244767 1.865323
vt 0.244767 1.865323
vt 0.000686 2.043655
vt -0.150589 1.994949
vt -0.150589 1.994949
vt 0.000686 2.043655
vt 0.151698 1.994143
vt 0.151698 1.994143
vt 0.519231 0.144231
vt 0.528846 0.144231
vt 0.519231 0.153846
vt 0.538462 0.144231
vt 0.538462 0.153846
vt 0.519231 0.163462
vt 0.538462 0.163462
vt 0.528846 0.173077
vt 0.519231 0.173077
vt 0.538462 0.173077
vt 0.611728 1.581565
vt 0.761854 1.529425
vt 0.761854 1.529425
vt 0.611728 1.581565
vt 0.520922 1.711990
vt 0.520922 1.711990
vt 0.913956 1.575484
vt 0.913956 1.575484
vt 1.009935 1.702149
vt 1.009935 1.702149
vt 0.524119 1.870880
vt 0.524119 1.870880
vt 1.013133 1.861040
vt 1.013133 1.861040
vt 0.772201 2.043605
vt 0.620099 1.997545
vt 0.620099 1.997545
vt 0.772201 2.043605
vt 0.922326 1.991464
vt 0.922326 1.991464
vt 0.557692 0.144231
vt 0.567308 0.144231
vt 0.557692 0.153846
vt 0.576923 0.144231
vt 0.576923 0.153846
vt 0.557692 0.163462
vt 0.576923 0.163462
vt 0.567308 0.173077
vt 0.557692 0.173077
vt 0.576923 0.173077
vt 1.638032 1.578886
vt 1.789045 1.529374
vt 1.789045 1.529374
vt 1.638032 1.578886
vt 1.544963 1.707706
vt 1.544963 1.707706
vt 1.940319 1.578080
vt 1.940319 1.578080
vt 2.034074 1.706402
vt 2.034074 1.706402
vt 1.545387 1.866628
vt 1.545387 1.866628
vt 2.034498 1.865323
vt 2.034498 1.865323
vt 1.790416 2.043655
vt 1.639141 1.994949
vt 1.639141 1.994949
vt 1.790416 2.043655
vt 1.941429 1.994143
vt 1.941429 1.994143
vt 0.596154 0.144231
vt 0.605769 0.144231
vt 0.596154 0.153846
vt 0.615384 0.144231
vt 0.615384 0.153846
vt 0.596154 0.163462
vt 0.615384 0.163462
vt 0.605769 0.173077
vt 0.596154 0.173077
vt 0.615384 0.173077
vt 2.660735 1.578887
vt 2.811748 1.529374
vt 2.811748 1.529374
vt 2.660735 1.578887
vt 2.567666 1.707706
vt 2.567666 1.707706
vt 2.963022 1.578081
vt 2.963022 1.578081
vt 3.056777 1.706402
vt 3.056777 1.706402
vt 2.568090 1.866628
vt 2.568090 1.866628
vt 3.057200 1.865324
vt 3.057200 1.865324
vt 2.813119 2.043655
vt 2.661844 1.994949
vt 2.661844 1.994949
vt 2.813119 2.043655
vt 2.964131 1.994143
vt 2.964131 1.994143
vt 0.413462 0.211539
vt 0.423077 0.211539
vt 0.413462 0.221154
vt 0.432692 0.211539
vt 0.432692 0.221154
vt 0.413462 0.230769
vt 0.432692 0.230769
vt 0.423077 0.240385
vt 0.413462 0.240385
vt 0.432692 0.240385
vt -2.208111 2.334327
vt -2.059997 2.276720
vt -2.059997 2.276720
vt -2.208111 2.334327
vt -2.294077 2.467991
vt -2.294077 2.467991
vt -1.906309 2.317174
vt -1.906309 2.317174
vt -1.805753 2.440238
vt -1.805753 2.440238
vt -2.285060 2.626657
vt -2.285060 2.626657
vt -1.796735 2.598904
vt -1.796735 2.598904
vt -2.030816 2.790175
vt -2.184503 2.749721
vt -2.184503 2.749721
vt -2.030816 2.790175
vt -1.882702 2.732568
vt -1.882702 2.732568
vt 0.451923 0.211539
vt 0.461539 0.211539
vt 0.451923 0.221154
vt 0.471154 0.211539
vt 0.471154 0.221154
vt 0.451923 0.230769
vt 0.471154 0.230769
vt 0.461539 0.240385
vt 0.451923 0.240385
vt 0.471154 0.240385
vt -1.185408 2.334327
vt -1.037294 2.276720
vt -1.037294 2.276720
vt -1.185408 2.334327
vt -1.271374 2.467991
vt -1.271374 2.467991
vt -0.883607 2.317175
vt -0.883607 2.317175
vt -0.783050 2.440238
vt -0.783050 2.440238
vt -1.262357 2.626657
vt -1.262357 2.626657
vt -0.774032 2.598905
vt -0.774032 2.598905
vt -1.008113 2.790175
vt -1.161800 2.749721
vt -1.161800 2.749721
vt -1.008113 2.790175
vt -0.859999 2.732568
vt -0.859999 2.732568
vt 0.490385 0.211539
vt 0.500000 0.211539
vt 0.490385 0.221154
vt 0.509615 0.211539
vt 0.509615 0.221154
vt 0.490385 0.230769
vt 0.509615 0.230769
vt 0.500000 0.240385
vt 0.490385 0.240385
vt 0.509615 0.240385
vt -0.149881 2.324503
vt 0.001558 2.276310
vt 0.001558 2.276310
vt -0.149881 2.324503
vt -0.244071 2.452506
vt -0.244071 2.452506
vt 0.152402 2.326335
vt 0.152402 2.326335
vt 0.245033 2.455470
vt 0.245033 2.455470
vt -0.245034 2.611425
vt -0.245034 2.611425
vt 0.244070 2.614389
vt 0.244070 2.614389
vt -0.001558 2.790585
vt -0.152402 2.740560
vt -0.152402 2.740560
vt -0.001558 2.790585
vt 0.149881 2.742392
vt 0.149881 2.742392
vt 0.519231 0.211539
vt 0.528846 0.211539
vt 0.519231 0.221154
vt 0.538462 0.211539
vt 0.538462 0.221154
vt 0.519231 0.230769
vt 0.538462 0.230769
vt 0.528846 0.240385
vt 0.519231 0.240385
vt 0.538462 0.240385
vt 0.604323 2.334327
vt 0.752437 2.276720
vt 0.752437 2.276720
vt 0.604323 2.334327
vt 0.518356 2.467991
vt 0.518356 2.467991
vt 0.906124 2.317174
vt 0.906124 2.317174
vt 1.006681 2.440238
vt 1.006681 2.440238
vt 0.527374 2.626657
vt 0.527374 2.626657
vt 1.015698 2.598904
vt 1.015698 2.598904
vt 0.781618 2.790175
vt 0.627931 2.749721
vt 0.627931 2.749721
vt 0.781618 2.790175
vt 0.929732 2.732568
vt 0.929732 2.732568
vt 0.557692 0.211539
vt 0.567308 0.211539
vt 0.557692 0.221154
vt 0.576923 0.211539
vt 0.576923 0.221154
vt 0.557692 0.230769
vt 0.576923 0.230769
vt 0.567308 0.240385
vt 0.557692 0.240385
vt 0.576923 0.240385
vt 1.627025 2.334327
vt 1.775140 2.276720
vt 1.775140 2.276720
vt 1.627025 2.334327
vt 1.541059 2.467991
vt 1.541059 2.467991
vt 1.928827 2.317174
vt 1.928827 2.317174
vt 2.029384 2.440238
vt 2.029384 2.440238
vt 1.550077 2.626657
vt 1.550077 2.626657
vt 2.038402 2.598904
vt 2.038402 2.598904
vt 1.804321 2.790175
vt 1.650634 2.749721
vt 1.650634 2.749721
vt 1.804321 2.790175
vt 1.952435 2.732568
vt 1.952435 2.732568
vt 0.596154 0.211539
vt 0.605769 0.211539
vt 0.596154 0.221154
vt 0.615384 0.211539
vt 0.615384 0.221154
vt 0.596154 0.230769
vt 0.615384 0.230769
vt 0.605769 0.240385
vt 0.596154 0.240385
vt 0.615384 0.240385
vt 2.649729 2.334327
vt 2.797843 2.276720
vt 2.797843 2.276720
vt 2.649729 2.334327
vt 2.563762 2.467991
vt 2.563762 2.467991
vt 2.951530 2.317175
vt 2.951530 2.317175
vt 3.052087 2.440238
vt 3.052087 2.440238
vt 2.572780 2.626657
vt 2.572780 2.626657
vt 3.061104 2.598905
vt 3.061104 2.598905
vt 2.827023 2.790175
vt 2.673337 2.749721
vt 2.673337 2.749721
vt 2.827023 2.790175
vt 2.975138 2.732568
vt 2.975138 2.732568
vt 0.403846 0.250000
vt 0.413462 0.250000
vt 0.413462 0.500000
vt 0.403846 0.500000
vt 0.423077 0.250000
vt 0.423077 0.500000
vt 0.432692 0.250000
vt 0.432692 0.500000
vt 0.442308 0.250000
vt 0.442308 0.500000
vt 0.451923 0.250000
vt 0.451923 0.500000
vt 0.461539 0.250000
vt 0.461539 0.500000
vt 0.471154 0.250000
vt 0.471154 0.500000
vt 0.480769 0.250000
vt 0.480769 0.500000
vt 0.490385 0.250000
vt 0.490385 0.500000
vt 0.500000 0.250000
vt 0.500000 0.500000
vt 0.509615 0.250000
vt 0.509615 0.500000
vt 0.519231 0.250000
vt 0.519231 0.500000
vt 0.528846 0.250000
vt 0.528846 0.500000
vt 0.538462 0.250000
vt 0.538462 0.500000
vt 0.548077 0.250000
vt 0.548077 0.500000
vt 0.557692 0.250000
vt 0.557692 0.500000
vt 0.567308 0.250000
vt 0.567308 0.500000
vt 0.576923 0.250000
vt 0.576923 0.500000
vt 0.586538 0.250000
vt 0.586538 0.500000
vt 0.596154 0.250000
vt 0.596154 0.500000
vt 0.605769 0.250000
vt 0.605769 0.500000
vt 0.615384 0.250000
vt 0.615384 0.500000
vt 0.625000 0.250000
vt 0.625000 0.500000
vt 0.403846 0.750000
vt 0.413462 0.750000
vt 0.403846 0.500000
vt 0.423077 0.750000
vt 0.432692 0.750000
vt 0.442308 0.750000
vt 0.451923 0.750000
vt 0.461539 0.750000
vt 0.471154 0.750000
vt 0.480769 0.750000
vt 0.490385 0.750000
vt 0.500000 0.750000
vt 0.509615 0.750000
vt 0.519231 0.750000
vt 0.528846 0.750000
vt 0.538462 0.750000
vt 0.548077 0.750000
vt 0.557692 0.750000
vt 0.567308 0.750000
vt 0.576923 0.750000
vt 0.586538 0.750000
vt 0.596154 0.750000
vt 0.605769 0.750000
vt 0.615384 0.750000
vt 0.625000 0.750000
vt 0.625000 0.000000
vt 0.625000 0.009615
vt 0.625000 0.019231
vt 0.625000 0.028846
vt 0.625000 0.038462
vt 0.625000 0.048077
vt 0.625000 0.057692
vt 0.625000 0.067308
vt 0.625000 0.076923
vt 0.625000 0.086538
vt 0.625000 0.096154
vt 0.625000 0.105769
vt 0.625000 0.115385
vt 0.625000 0.125000
vt 0.625000 0.134615
vt 0.625000 0.144231
vt 0.625000 0.153846
vt 0.625000 0.163462
vt 0.625000 0.173077
vt 0.625000 0.182692
vt 0.625000 0.192308
vt 0.625000 0.201923
vt 0.625000 0.211539
vt 0.625000 0.221154
vt 0.625000 0.230769
vt 0.625000 0.240385
vt 0.403846 0.009615
vt 0.403846 0.740384
vt 0.403846 0.019231
vt 0.403846 0.730769
vt 0.403846 0.028846
vt 0.403846 0.721153
vt 0.403846 0.038462
vt 0.403846 0.711538
vt 0.403846 0.048077
vt 0.403846 0.701923
vt 0.403846 0.057692
vt 0.403846 0.692307
vt 0.403846 0.067308
vt 0.403846 0.682692
vt 0.403846 0.076923
vt 0.403846 0.673077
vt 0.403846 0.086538
vt 0.403846 0.663461
vt 0.403846 0.096154
vt 0.403846 0.653846
vt 0.403846 0.105769
vt 0.403846 0.644231
vt 0.403846 0.115385
vt 0.403846 0.634615
vt 0.403846 0.125000
vt 0.403846 0.625000
vt 0.403846 0.134615
vt 0.403846 0.615384
vt 0.403846 0.144231
vt 0.403846 0.605769
vt 0.403846 0.153846
vt 0.403846 0.596154
vt 0.403846 0.163462
vt 0.403846 0.586538
vt 0.403846 0.173077
vt 0.403846 0.576923
vt 0.403846 0.182692
vt 0.403846 0.567308
vt 0.403846 0.192308
vt 0.403846 0.557692
vt 0.403846 0.201923
vt 0.403846 0.548077
vt 0.403846 0.211539
vt 0.403846 0.538462
vt 0.403846 0.221154
vt 0.403846 0.528846
vt 0.403846 0.230769
vt 0.403846 0.519231
vt 0.403846 0.240385
vt 0.403846 0.509615
vt -2.556758 2.800210
vt -2.301082 2.800210
vt -2.301082 2.800210
vt -2.556758 2.800210
vt -2.301082 2.800210
vt -2.556758 2.800210
vt -2.556758 2.800210
vt -2.301082 2.800210
vt -2.045406 2.800210
vt -2.045406 2.800210
vt -2.045406 2.800210
vt -2.045406 2.800210
vt -1.789731 2.800210
vt -1.789731 2.800210
vt -1.789731 2.800210
vt -1.789731 2.800210
vt -1.534055 2.800210
vt -1.534055 2.800210
vt -1.534055 2.800210
vt -1.534055 2.800210
vt -1.278379 2.800210
vt -1.278379 2.800210
vt -1.278379 2.800210
vt -1.278379 2.800210
vt -1.022703 2.800210
vt -1.022703 2.800210
vt -1.022703 2.800210
vt -1.022703 2.800210
vt -0.767027 2.800210
vt -0.767027 2.800210
vt -0.767027 2.800210
vt -0.767027 2.800210
vt -0.511352 2.800210
vt -0.511352 2.800210
vt -0.511352 2.800210
vt -0.511352 2.800210
vt -0.255676 2.800210
vt -0.255676 2.800210
vt -0.255676 2.800210
vt -0.255676 2.800210
vt -0.000000 2.800210
vt -0.000000 2.800210
vt -0.000000 2.800210
vt -0.000000 2.800210
vt 0.255676 2.800210
vt 0.255676 2.800210
vt 0.255676 2.800210
vt 0.255676 2.800210
vt 0.511351 2.800210
vt 0.511351 2.800210
vt 0.511351 2.800210
vt 0.511351 2.800210
vt 0.767027 2.800210
vt 0.767027 2.800210
vt 0.767027 2.800210
vt 0.767027 2.800210
vt 1.022703 2.800210
vt 1.022703 2.800210
vt 1.022703 2.800210
vt 1.022703 2.800210
vt 1.278379 2.800210
vt 1.278379 2.800210
vt 1.278379 2.800210
vt 1.278379 2.800210
vt 1.534054 2.800210
vt 1.534054 2.800210
vt 1.534054 2.800210
vt 1.534054 2.800210
vt 1.789730 2.800210
vt 1.789730 2.800210
vt 1.789730 2.800210
vt 1.789730 2.800210
vt 2.045406 2.800210
vt 2.045406 2.800210
vt 2.045406 2.800210
vt 2.045406 2.800210
vt 2.301082 2.800210
vt 2.301082 2.800210
vt 2.301082 2.800210
vt 2.301082 2.800210
vt 2.556758 2.800210
vt 2.556758 2.800210
vt 2.556758 2.800210
vt 2.556758 2.800210
vt 2.812433 2.800210
vt 2.812433 2.800210
vt 2.812433 2.800210
vt 2.812433 2.800210
vt 3.068109 2.800210
vt 3.068109 2.800210
vt 3.068109 2.800210
vt 3.068109 2.800210
vt 3.323785 2.800210
vt 3.323785 2.800210
vt 3.323785 2.800210
vt 3.323785 2.800210
vt -2.556758 0.025887
vt -2.301082 0.025887
vt -2.301082 0.025887
vt -2.556758 0.025887
vt -2.301082 0.025887
vt -2.556758 0.025887
vt -2.556758 0.025887
vt -2.301082 0.025887
vt -2.045406 0.025887
vt -2.045406 0.025887
vt -2.045406 0.025887
vt -2.045406 0.025887
vt -1.789731 0.025887
vt -1.789731 0.025887
vt -1.789731 0.025887
vt -1.789731 0.025887
vt -1.534055 0.025887
vt -1.534055 0.025887
vt -1.534055 0.025887
vt -1.534055 0.025887
vt -1.278379 0.025887
vt -1.278379 0.025887
vt -1.278379 0.025887
vt -1.278379 0.025887
vt -1.022703 0.025887
vt -1.022703 0.025887
vt -1.022703 0.025887
vt -1.022703 0.025887
vt -0.767027 0.025887
vt -0.767027 0.025887
vt -0.767027 0.025887
vt -0.767027 0.025887
vt -0.511352 0.025887
vt -0.511352 0.025887
vt -0.511352 0.025887
vt -0.511352 0.025887
vt -0.255676 0.025887
vt -0.255676 0.025887
vt -0.255676 0.025887
vt -0.255676 0.025887
vt -0.000000 0.025887
vt -0.000000 0.025887
vt -0.000000 0.025887
vt -0.000000 0.025887
vt 0.255676 0.025887
vt 0.255676 0.025887
vt 0.255676 0.025887
vt 0.255676 0.025887
vt 0.511351 0.025887
vt 0.511351 0.025887
vt 0.511351 0.025887
vt 0.511351 0.025887
vt 0.767027 0.025887
vt 0.767027 0.025887
vt 0.767027 0.025887
vt 0.767027 0.025887
vt 1.022703 0.025887
vt 1.022703 0.025887
vt 1.022703 0.025887
vt 1.022703 0.025887
vt 1.278379 0.025887
vt 1.278379 0.025887
vt 1.278379 0.025887
vt 1.278379 0.025887
vt 1.534054 0.025887
vt 1.534054 0.025887
vt 1.534054 0.025887
vt 1.534054 0.025887
vt 1.789730 0.025887
vt 1.789730 0.025887
vt 1.789730 0.025887
vt 1.789730 0.025887
vt 2.045406 0.025887
vt 2.045406 0.025887
vt 2.045406 0.025887
vt 2.045406 0.025887
vt 2.301082 0.025887
vt 2.301082 0.025887
vt 2.301082 0.025887
vt 2.301082 0.025887
vt 2.556758 0.025887
vt 2.556758 0.025887
vt 2.556758 0.025887
vt 2.556758 0.025887
vt 2.812433 0.025887
vt 2.812433 0.025887
vt 2.812433 0.025887
vt 2.812433 0.025887
vt 3.068109 0.025887
vt 3.068109 0.025887
vt 3.068109 0.025887
vt 3.068109 0.025887
vt 3.323785 0.025887
vt 3.323785 0.025887
vt 3.323785 0.025887
vt 3.323785 0.025887
vt 3.323785 0.132591
vt 3.323785 0.132591
vt 3.323785 0.132591
vt 3.323785 0.132591
vt 3.323785 0.239296
vt 3.323785 0.239296
vt 3.323785 0.239296
vt 3.323785 0.239296
vt 3.323785 0.346001
vt 3.323785 0.346001
vt 3.323785 0.346001
vt 3.323785 0.346001
vt 3.323785 0.452706
vt 3.323785 0.452706
vt 3.323785 0.452706
vt 3.323785 0.452706
vt 3.323785 0.559410
vt 3.323785 0.559410
vt 3.323785 0.559410
vt 3.323785 0.559410
vt 3.323785 0.666115
vt 3.323785 0.666115
vt 3.323785 0.666115
vt 3.323785 0.666115
vt 3.323785 0.772821
vt 3.323785 0.772821
vt 3.323785 0.772821
vt 3.323785 0.772821
vt 3.323785 0.879526
vt 3.323785 0.879526
vt 3.323785 0.879526
vt 3.323785 0.879526
vt 3.323785 0.986229
vt 3.323785 0.986229
vt 3.323785 0.986229
vt 3.323785 0.986229
vt 3.323785 1.092935
vt 3.323785 1.092935
vt 3.323785 1.092935
vt 3.323785 1.092935
vt 3.323785 1.199639
vt 3.323785 1.199639
vt 3.323785 1.199639
vt 3.323785 1.199639
vt 3.323785 1.306344
vt 3.323785 1.306344
vt 3.323785 1.306344
vt 3.323785 1.306344
vt 3.323785 1.413048
vt 3.323785 1.413048
vt 3.323785 1.413048
vt 3.323785 1.413048
vt 3.323785 1.519753
vt 3.323785 1.519753
vt 3.323785 1.519753
vt 3.323785 1.519753
vt 3.323785 1.626458
vt 3.323785 1.626458
vt 3.323785 1.626457
vt 3.323785 1.626457
vt 3.323785 1.733162
vt 3.323785 1.733162
vt 3.323785 1.733162
vt 3.323785 1.733162
vt 3.323785 1.839867
vt 3.323785 1.839867
vt 3.323785 1.839867
vt 3.323785 1.839867
vt 3.323785 1.946572
vt 3.323785 1.946572
vt 3.323785 1.946572
vt 3.323785 1.946572
vt 3.323785 2.053277
vt 3.323785 2.053277
vt 3.323785 2.053277
vt 3.323785 2.053277
vt 3.323785 2.159981
vt 3.323785 2.159981
vt 3.323785 2.159981
vt 3.323785 2.159981
vt 3.323785 2.266686
vt 3.323785 2.266686
vt 3.323785 2.266686
vt 3.323785 2.266686
vt 3.323785 2.373390
vt 3.323785 2.373390
vt 3.323785 2.373390
vt 3.323785 2.373390
vt 3.323785 2.480095
vt 3.323785 2.480095
vt 3.323785 2.480095
vt 3.323785 2.480095
vt 3.323785 2.586800
vt 3.323785 2.586800
vt 3.323785 2.586800
vt 3.323785 2.586800
vt 3.323785 2.693505
vt 3.323785 2.693505
vt 3.323785 2.693505
vt 3.323785 2.693505
vt -2.556758 0.132591
vt -2.556758 0.132591
vt -2.556758 0.132591
vt -2.556758 0.132591
vt -2.556758 0.239296
vt -2.556758 0.239296
vt -2.556758 0.239296
vt -2.556758 0.239296
vt -2.556758 0.346001
vt -2.556758 0.346001
vt -2.556758 0.346001
vt -2.556758 0.346001
vt -2.556758 0.452706
vt -2.556758 0.452706
vt -2.556758 0.452706
vt -2.556758 0.452706
vt -2.556758 0.559410
vt -2.556758 0.559410
vt -2.556758 0.559410
vt -2.556758 0.559410
vt -2.556758 0.666115
vt -2.556758 0.666115
vt -2.556758 0.666115
vt -2.556758 0.666115
vt -2.556758 0.772821
vt -2.556758 0.772821
vt -2.556758 0.772821
vt -2.556758 0.772821
vt -2.556758 0.879526
vt -2.556758 0.879526
vt -2.556758 0.879526
vt -2.556758 0.879526
vt -2.556758 0.986229
vt -2.556758 0.986229
vt -2.556758 0.986229
vt -2.556758 0.986229
vt -2.556758 1.092935
vt -2.556758 1.092935
vt -2.556758 1.092935
vt -2.556758 1.092935
vt -2.556758 1.199639
vt -2.556758 1.199639
vt -2.556758 1.199639
vt -2.556758 1.199639
vt -2.556758 1.306344
vt -2.556758 1.306344
vt -2.556758 1.306344
vt -2.556758 1.306344
vt -2.556758 1.413048
vt -2.556758 1.413048
vt -2.556758 1.413048
vt -2.556758 1.413048
vt -2.556758 1.519753
vt -2.556758 1.519753
vt -2.556758 1.519753
vt -2.556758 1.519753
vt -2.556758 1.626457
vt -2.556758 1.626457
vt -2.556758 1.626458
vt -2.556758 1.626458
vt -2.556758 1.733162
vt -2.556758 1.733162
vt -2.556758 1.733162
vt -2.556758 1.733162
vt -2.556758 1.839867
vt -2.556758 1.839867
vt -2.556758 1.839867
vt -2.556758 1.839867
vt -2.556758 1.946572
vt -2.556758 1.946572
vt -2.556758 1.946572
vt -2.556758 1.946572
vt -2.556758 2.053277
vt -2.556758 2.053277
vt -2.556758 2.053277
vt -2.556758 2.053277
vt -2.556758 2.159981
vt -2.556758 2.159981
vt -2.556758 2.159981
vt -2.556758 2.159981
vt -2.556758 2.266686
vt -2.556758 2.266686
vt -2.556758 2.266686
vt -2.556758 2.266686
vt -2.556758 2.373390
vt -2.556758 2.373390
vt -2.556758 2.373390
vt -2.556758 2.373390
vt -2.556758 2.480095
vt -2.556758 2.480095
vt -2.556758 2.480095
vt -2.556758 2.480095
vt -2.556758 2.586800
vt -2.556758 2.586800
vt -2.556758 2.586800
vt -2.556758 2.586800
vt -2.556758 2.693505
vt -2.556758 2.693505
vt -2.556758 2.693505
vt -2.556758 2.693505
vt 0.413462 0.509615
vt 0.423077 0.509615
vt 0.413462 0.519231
vt 0.432692 0.509615
vt 0.442308 0.509615
vt 0.451923 0.509615
vt 0.461539 0.509615
vt 0.471154 0.509615
vt 0.480769 0.509615
vt 0.490385 0.509615
vt 0.500000 0.509615
vt 0.509615 0.509615
vt 0.519231 0.509615
vt 0.528846 0.509615
vt 0.538462 0.509615
vt 0.548077 0.509615
vt 0.557692 0.509615
vt 0.567308 0.509615
vt 0.576923 0.509615
vt 0.586538 0.509615
vt 0.596154 0.509615
vt 0.605769 0.509615
vt 0.615384 0.509615
vt 0.615384 0.519231
vt 0.413462 0.528846
vt 0.615384 0.528846
vt 0.413462 0.538462
vt 0.615384 0.538462
vt 0.413462 0.548077
vt 0.615384 0.548077
vt 0.413462 0.557692
vt 0.615384 0.557692
vt 0.413462 0.567308
vt 0.615384 0.567308
vt 0.413462 0.576923
vt 0.615384 0.576923
vt 0.413462 0.586538
vt 0.615384 0.586538
vt 0.413462 0.596154
vt 0.615384 0.596154
vt 0.413462 0.605769
vt 0.615384 0.605769
vt 0.413462 0.615384
vt 0.615384 0.615384
vt 0.413462 0.625000
vt 0.615384 0.625000
vt 0.413462 0.634615
vt 0.615384 0.634615
vt 0.413462 0.644231
vt 0.615384 0.644231
vt 0.413462 0.653846
vt 0.615384 0.653846
vt 0.413462 0.663461
vt 0.615384 0.663461
vt 0.413462 0.673077
vt 0.615384 0.673077
vt 0.413462 0.682692
vt 0.615384 0.682692
vt 0.413462 0.692307
vt 0.615384 0.692307
vt 0.413462 0.701923
vt 0.615384 0.701923
vt 0.413462 0.711538
vt 0.615384 0.711538
vt 0.413462 0.721153
vt 0.615384 0.721153
vt 0.413462 0.730769
vt 0.615384 0.730769
vt 0.423077 0.740384
vt 0.413462 0.740384
vt 0.432692 0.740384
vt 0.442308 0.740384
vt 0.451923 0.740384
vt 0.461539 0.740384
vt 0.471154 0.740384
vt 0.480769 0.740384
vt 0.490385 0.740384
vt 0.500000 0.740384
vt 0.509615 0.740384
vt 0.519231 0.740384
vt 0.528846 0.740384
vt 0.538462 0.740384
vt 0.548077 0.740384
vt 0.557692 0.740384
vt 0.567308 0.740384
vt 0.576923 0.740384
vt 0.586538 0.740384
vt 0.596154 0.740384
vt 0.605769 0.740384
vt 0.615384 0.740384
vt -2.301082 2.693505
vt -2.045406 2.693505
vt -2.045406 2.693505
vt -2.301082 2.693505
vt -2.301082 2.586800
vt -2.301082 2.586800
vt -1.789731 2.693505
vt -1.789731 2.693505
vt -1.534055 2.693505
vt -1.534055 2.693505
vt -1.278379 2.693505
vt -1.278379 2.693505
vt -1.022703 2.693505
vt -1.022703 2.693505
vt -0.767027 2.693505
vt -0.767027 2.693505
vt -0.511352 2.693505
vt -0.511352 2.693505
vt -0.255676 2.693505
vt -0.255676 2.693505
vt -0.000000 2.693505
vt -0.000000 2.693505
vt 0.255676 2.693505
vt 0.255676 2.693505
vt 0.511351 2.693505
vt 0.511351 2.693505
vt 0.767027 2.693505
vt 0.767027 2.693505
vt 1.022703 2.693505
vt 1.022703 2.693505
vt 1.278379 2.693505
vt 1.278379 2.693505
vt 1.534054 2.693505
vt 1.534054 2.693505
vt 1.789730 2.693505
vt 1.789730 2.693505
vt 2.045406 2.693505
vt 2.045406 2.693505
vt 2.301082 2.693505
vt 2.301082 2.693505
vt 2.556758 2.693505
vt 2.556758 2.693505
vt 2.812433 2.693505
vt 2.812433 2.693505
vt 3.068109 2.693505
vt 3.068109 2.693505
vt 3.068109 2.586800
vt 3.068109 2.586800
vt -2.301082 2.480095
vt -2.301082 2.480095
vt 3.068109 2.480095
vt 3.068109 2.480095
vt -2.301082 2.373390
vt -2.301082 2.373390
vt 3.068109 2.373390
vt 3.068109 2.373390
vt -2.301082 2.266686
vt -2.301082 2.266686
vt 3.068109 2.266686
vt 3.068109 2.266686
vt -2.301082 2.159981
vt -2.301082 2.159981
vt 3.068109 2.159981
vt 3.068109 2.159981
vt -2.301082 2.053277
vt -2.301082 2.053277
vt 3.068109 2.053277
vt 3.068109 2.053277
vt -2.301082 1.946572
vt -2.301082 1.946572
vt 3.068109 1.946572
vt 3.068109 1.946572
vt -2.301082 1.839867
vt -2.301082 1.839867
vt 3.068109 1.839867
vt 3.068109 1.839867
vt -2.301082 1.733162
vt -2.301082 1.733162
vt 3.068109 1.733162
vt 3.068109 1.733162
vt -2.301082 1.626458
vt -2.301082 1.626458
vt 3.068109 1.626458
vt 3.068109 1.626458
vt -2.301082 1.519753
vt -2.301082 1.519753
vt 3.068109 1.519753
vt 3.068109 1.519753
vt -2.301082 1.413048
vt -2.301082 1.413048
vt 3.068109 1.413048
vt 3.068109 1.413048
vt -2.301082 1.306344
vt -2.301082 1.306344
vt 3.068109 1.306344
vt 3.068109 1.306344
vt -2.301082 1.199639
vt -2.301082 1.199639
vt 3.068109 1.199639
vt 3.068109 1.199639
vt -2.301082 1.092935
vt -2.301082 1.092935
vt 3.068109 1.092935
vt 3.068109 1.092935
vt -2.301082 0.986229
vt -2.301082 0.986229
vt 3.068109 0.986229
vt 3.068109 0.986229
vt -2.301082 0.879526
vt -2.301082 0.879526
vt 3.068109 0.879526
vt 3.068109 0.879526
vt -2.301082 0.772821
vt -2.301082 0.772821
vt 3.068109 0.772821
vt 3.068109 0.772821
vt -2.301082 0.666115
vt -2.301082 0.666115
vt 3.068109 0.666115
vt 3.068109 0.666115
vt -2.301082 0.559410
vt -2.301082 0.559410
vt 3.068109 0.559410
vt 3.068109 0.559410
vt -2.301082 0.452706
vt -2.301082 0.452706
vt 3.068109 0.452706
vt 3.068109 0.452706
vt -2.301082 0.346001
vt -2.301082 0.346001
vt 3.068109 0.346001
vt 3.068109 0.346001
vt -2.301082 0.239296
vt -2.301082 0.239296
vt 3.068109 0.239296
vt 3.068109 0.239296
vt -2.045406 0.132591
vt -2.301082 0.132591
vt -2.301082 0.132591
vt -2.045406 0.132591
vt -1.789731 0.132591
vt -1.789731 0.132591
vt -1.534055 0.132591
vt -1.534055 0.132591
vt -1.278379 0.132591
vt -1.278379 0.132591
vt -1.022703 0.132591
vt -1.022703 0.132591
vt -0.767027 0.132591
vt -0.767027 0.132591
vt -0.511352 0.132591
vt -0.511352 0.132591
vt -0.255676 0.132591
vt -0.255676 0.132591
vt -0.000000 0.132591
vt -0.000000 0.132591
vt 0.255676 0.132591
vt 0.255676 0.132591
vt 0.511351 0.132591
vt 0.511351 0.132591
vt 0.767027 0.132591
vt 0.767027 0.132591
vt 1.022703 0.132591
vt 1.022703 0.132591
vt 1.278379 0.132591
vt 1.278379 0.132591
vt 1.534054 0.132591
vt 1.534054 0.132591
vt 1.789730 0.132591
vt 1.789730 0.132591
vt 2.045406 0.132591
vt 2.045406 0.132591
vt 2.301082 0.132591
vt 2.301082 0.132591
vt 2.556758 0.132591
vt 2.556758 0.132591
vt 2.812433 0.132591
vt 2.812433 0.132591
vt 3.068109 0.132591
vt 3.068109 0.132591
vt 0.432692 0.567308
vt 0.442308 0.567308
vt 0.432692 0.576923
vt 0.451923 0.567308
vt 0.461539 0.567308
vt 0.461539 0.576923
vt 0.432692 0.586538
vt 0.461539 0.586538
vt 0.432692 0.596154
vt 0.461539 0.596154
vt 0.442308 0.605769
vt 0.432692 0.605769
vt 0.451923 0.605769
vt 0.461539 0.605769
vt -1.371648 1.972790
vt -1.280929 2.018514
vt -1.280929 2.018514
vt -1.371648 1.972790
vt -1.433545 1.892233
vt -1.433545 1.892233
vt -1.179356 2.020348
vt -1.179356 2.020348
vt -1.087045 1.977929
vt -1.087045 1.977929
vt -1.022281 1.899659
vt -1.022281 1.899659
vt -1.454359 1.792797
vt -1.454359 1.792797
vt -0.997890 1.801040
vt -0.997890 1.801040
vt -1.429969 1.694178
vt -1.429969 1.694178
vt -1.018705 1.701604
vt -1.018705 1.701604
vt -1.272894 1.573490
vt -1.365204 1.615908
vt -1.365204 1.615908
vt -1.272894 1.573490
vt -1.171320 1.575324
vt -1.171320 1.575324
vt -1.080601 1.621047
vt -1.080601 1.621047
vt 0.567308 0.567308
vt 0.576923 0.567308
vt 0.567308 0.576923
vt 0.586538 0.567308
vt 0.596154 0.567308
vt 0.596154 0.576923
vt 0.567308 0.586538
vt 0.596154 0.586538
vt 0.567308 0.596154
vt 0.596154 0.596154
vt 0.576923 0.605769
vt 0.567308 0.605769
vt 0.586538 0.605769
vt 0.596154 0.605769
vt 1.847628 1.972790
vt 1.938347 2.018514
vt 1.938347 2.018514
vt 1.847628 1.972790
vt 1.785731 1.892233
vt 1.785731 1.892233
vt 2.039921 2.020348
vt 2.039921 2.020348
vt 2.132231 1.977929
vt 2.132231 1.977929
vt 2.196995 1.899659
vt 2.196995 1.899659
vt 1.764917 1.792797
vt 1.764917 1.792797
vt 2.221386 1.801040
vt 2.221386 1.801040
vt 1.789308 1.694178
vt 1.789308 1.694178
vt 2.200572 1.701604
vt 2.200572 1.701604
vt 1.946382 1.573490
vt 1.854072 1.615908
vt 1.854072 1.615908
vt 1.946382 1.573490
vt 2.047956 1.575324
vt 2.047956 1.575324
vt 2.138675 1.621047
vt 2.138675 1.621047
vt -1.371648 1.972790
vt -1.280929 2.018514
vt -1.280929 2.018514
vt -1.371648 1.972790
vt -1.433545 1.892233
vt -1.433545 1.892233
vt -1.179356 2.020348
vt -1.179356 2.020348
vt -1.087045 1.977929
vt -1.087045 1.977929
vt -1.022281 1.899659
vt -1.022281 1.899659
vt -1.454359 1.792797
vt -1.454359 1.792797
vt -0.997890 1.801040
vt -0.997890 1.801040
vt -1.429969 1.694179
vt -1.429969 1.694179
vt -1.018705 1.701604
vt -1.018705 1.701604
vt -1.272894 1.573490
vt -1.365204 1.615908
vt -1.365204 1.615908
vt -1.272894 1.573490
vt -1.171320 1.575324
vt -1.171320 1.575324
vt -1.080601 1.621047
vt -1.080601 1.621047
vt 1.847628 1.972790
vt 1.938347 2.018514
vt 1.938347 2.018514
vt 1.847628 1.972790
vt 1.785731 1.892233
vt 1.785731 1.892233
vt 2.039921 2.020348
vt 2.039921 2.020348
vt 2.132231 1.977929
vt 2.132231 1.977929
vt 2.196995 1.899659
vt 2.196995 1.899659
vt 1.764917 1.792797
vt 1.764917 1.792797
vt 2.221386 1.801040
vt 2.221386 1.801040
vt 1.789308 1.694179
vt 1.789308 1.694179
vt 2.200572 1.701604
vt 2.200572 1.701604
vt 1.946382 1.573490
vt 1.854072 1.615908
vt 1.854072 1.615908
vt 1.946382 1.573490
vt 2.047956 1.575324
vt 2.047956 1.575324
vt 2.138675 1.621047
vt 2.138675 1.621047
vt -1.371648 2.107841
vt -1.280929 2.107841
vt -1.280929 2.107841
vt -1.371648 2.107841
vt -1.433545 2.107841
vt -1.433545 2.107841
vt -1.179356 2.107841
vt -1.179356 2.107841
vt -1.087045 2.107841
vt -1.087045 2.107841
vt -1.022281 2.107841
vt -1.022281 2.107841
vt -1.454359 2.107841
vt -1.454359 2.107841
vt -0.997890 2.107841
vt -0.997890 2.107841
vt -1.429969 2.107841
vt -1.429969 2.107841
vt -1.018705 2.107841
vt -1.018705 2.107841
vt -1.272894 2.107841
vt -1.365204 2.107841
vt -1.365204 2.107841
vt -1.272894 2.107841
vt -1.171320 2.107841
vt -1.171320 2.107841
vt -1.080601 2.107841
vt -1.080601 2.107841
vt 1.847628 2.107841
vt 1.938347 2.107841
vt 1.938347 2.107841
vt 1.847628 2.107841
vt 1.785731 2.107841
vt 1.785731 2.107841
vt 2.039921 2.107841
vt 2.039921 2.107841
vt 2.132231 2.107841
vt 2.132231 2.107841
vt 2.196995 2.107841
vt 2.196995 2.107841
vt 1.764917 2.107841
vt 1.764917 2.107841
vt 2.221386 2.107841
vt 2.221386 2.107841
vt 1.789308 2.107841
vt 1.789308 2.107841
vt 2.200572 2.107841
vt 2.200572 2.107841
vt 1.946382 2.107841
vt 1.854072 2.107841
vt 1.854072 2.107841
vt 1.946382 2.107841
vt 2.047956 2.107841
vt 2.047956 2.107841
vt 2.138675 2.107841
vt 2.138675 2.107841
vt -2.586490 2.814237
vt -2.328229 2.814237
vt -2.328229 2.814237
vt -2.586490 2.814237
vt -2.328229 2.814237
vt -2.586490 2.814237
vt -2.586490 2.814237
vt -2.328229 2.814237
vt -2.069968 2.814237
vt -2.069968 2.814237
vt -2.069968 2.814237
vt -2.069968 2.814237
vt -1.811707 2.814237
vt -1.811707 2.814237
vt -1.811707 2.814237
vt -1.811707 2.814237
vt -1.553445 2.814237
vt -1.553445 2.814237
vt -1.553445 2.814237
vt -1.553445 2.814237
vt -1.295184 2.814237
vt -1.295184 2.814237
vt -1.295184 2.814237
vt -1.295184 2.814237
vt -1.036923 2.814237
vt -1.036923 2.814237
vt -1.036923 2.814237
vt -1.036923 2.814237
vt -0.778662 2.814237
vt -0.778662 2.814237
vt -0.778662 2.814237
vt -0.778662 2.814237
vt -0.520401 2.814237
vt -0.520401 2.814237
vt -0.520401 2.814237
vt -0.520401 2.814237
vt -0.262139 2.814237
vt -0.262139 2.814237
vt -0.262139 2.814237
vt -0.262139 2.814237
vt -0.003878 2.814237
vt -0.003878 2.814237
vt -0.003878 2.814237
vt -0.003878 2.814237
vt 0.254383 2.814237
vt 0.254383 2.814237
vt 0.254383 2.814237
vt 0.254383 2.814237
vt 0.512644 2.814237
vt 0.512644 2.814237
vt 0.512644 2.814237
vt 0.512644 2.814237
vt 0.770905 2.814237
vt 0.770905 2.814237
vt 0.770905 2.814237
vt 0.770905 2.814237
vt 1.029166 2.814237
vt 1.029166 2.814237
vt 1.029166 2.814237
vt 1.029166 2.814237
vt 1.287428 2.814237
vt 1.287428 2.814237
vt 1.287428 2.814237
vt 1.287428 2.814237
vt 1.545689 2.814237
vt 1.545689 2.814237
vt 1.545689 2.814237
vt 1.545689 2.814237
vt 1.803950 2.814237
vt 1.803950 2.814237
vt 1.803950 2.814237
vt 1.803950 2.814237
vt 2.062212 2.814237
vt 2.062212 2.814237
vt 2.062212 2.814237
vt 2.062212 2.814237
vt 2.320472 2.814237
vt 2.320472 2.814237
vt 2.320472 2.814237
vt 2.320472 2.814237
vt 2.578734 2.814237
vt 2.578734 2.814237
vt 2.578734 2.814237
vt 2.578734 2.814237
vt 2.836995 2.814237
vt 2.836995 2.814237
vt 2.836995 2.814237
vt 2.836995 2.814237
vt 3.095256 2.814237
vt 3.095256 2.814237
vt 3.095256 2.814237
vt 3.095256 2.814237
vt 3.353517 2.814237
vt 3.353517 2.814237
vt 3.353517 2.814237
vt 3.353517 2.814237
vt -2.586490 0.011860
vt -2.328229 0.011860
vt -2.328229 0.011860
vt -2.586490 0.011860
vt -2.328229 0.011860
vt -2.586490 0.011860
vt -2.586490 0.011860
vt -2.328229 0.011860
vt -2.069968 0.011860
vt -2.069968 0.011860
vt -2.069968 0.011860
vt -2.069968 0.011860
vt -1.811707 0.011860
vt -1.811707 0.011860
vt -1.811707 0.011860
vt -1.811707 0.011860
vt -1.553445 0.011860
vt -1.553445 0.011860
vt -1.553445 0.011860
vt -1.553445 0.011860
vt -1.295184 0.011860
vt -1.295184 0.011860
vt -1.295184 0.011860
vt -1.295184 0.011860
vt -1.036923 0.011860
vt -1.036923 0.011860
vt -1.036923 0.011860
vt -1.036923 0.011860
vt -0.778662 0.011860
vt -0.778662 0.011860
vt -0.778662 0.011860
vt -0.778662 0.011860
vt -0.520401 0.011860
vt -0.520401 0.011860
vt -0.520401 0.011860
vt -0.520401 0.011860
vt -0.262139 0.011860
vt -0.262139 0.011860
vt -0.262139 0.011860
vt -0.262139 0.011860
vt -0.003878 0.011860
vt -0.003878 0.011860
vt -0.003878 0.011860
vt -0.003878 0.011860
vt 0.254383 0.011860
vt 0.254383 0.011860
vt 0.254383 0.011860
vt 0.254383 0.011860
vt 0.512644 0.011860
vt 0.512644 0.011860
vt 0.512644 0.011860
vt 0.512644 0.011860
vt 0.770905 0.011860
vt 0.770905 0.011860
vt 0.770905 0.011860
vt 0.770905 0.011860
vt 1.029166 0.011860
vt 1.029166 0.011860
vt 1.029166 0.011860
vt 1.029166 0.011860
vt 1.287428 0.011860
vt 1.287428 0.011860
vt 1.287428 0.011860
vt 1.287428 0.011860
vt 1.545689 0.011860
vt 1.545689 0.011860
vt 1.545689 0.011860
vt 1.545689 0.011860
vt 1.803950 0.011860
vt 1.803950 0.011860
vt 1.803950 0.011860
vt 1.803950 0.011860
vt 2.062212 0.011860
vt 2.062212 0.011860
vt 2.062212 0.011860
vt 2.062212 0.011860
vt 2.320472 0.011860
vt 2.320472 0.011860
vt 2.320472 0.011860
vt 2.320472 0.011860
vt 2.578734 0.011860
vt 2.578734 0.011860
vt 2.578734 0.011860
vt 2.578734 0.011860
vt 2.836995 0.011860
vt 2.836995 0.011860
vt 2.836995 0.011860
vt 2.836995 0.011860
vt 3.095256 0.011860
vt 3.095256 0.011860
vt 3.095256 0.011860
vt 3.095256 0.011860
vt 3.353517 0.011860
vt 3.353517 0.011860
vt 3.353517 0.011860
vt 3.353517 0.011860
vt 3.353517 0.119643
vt 3.353517 0.119643
vt 3.353517 0.119643
vt 3.353517 0.119643
vt 3.353517 0.227427
vt 3.353517 0.227427
vt 3.353517 0.227427
vt 3.353517 0.227427
vt 3.353517 0.335211
vt 3.353517 0.335211
vt 3.353517 0.335211
vt 3.353517 0.335211
vt 3.353517 0.442995
vt 3.353517 0.442995
vt 3.353517 0.442995
vt 3.353517 0.442995
vt 3.353517 0.550779
vt 3.353517 0.550779
vt 3.353517 0.550779
vt 3.353517 0.550779
vt 3.353517 0.658562
vt 3.353517 0.658562
vt 3.353517 0.658562
vt 3.353517 0.658562
vt 3.353517 0.766347
vt 3.353517 0.766347
vt 3.353517 0.766347
vt 3.353517 0.766347
vt 3.353517 0.874131
vt 3.353517 0.874131
vt 3.353517 0.874131
vt 3.353517 0.874131
vt 3.353517 0.981914
vt 3.353517 0.981914
vt 3.353517 0.981914
vt 3.353517 0.981914
vt 3.353517 1.089698
vt 3.353517 1.089698
vt 3.353517 1.089698
vt 3.353517 1.089698
vt 3.353517 1.197482
vt 3.353517 1.197482
vt 3.353517 1.197482
vt 3.353517 1.197482
vt 3.353517 1.305265
vt 3.353517 1.305265
vt 3.353517 1.305265
vt 3.353517 1.305265
vt 3.353517 1.413048
vt 3.353517 1.413048
vt 3.353517 1.413048
vt 3.353517 1.413048
vt 3.353517 1.520832
vt 3.353517 1.520832
vt 3.353517 1.520832
vt 3.353517 1.520832
vt 3.353517 1.628616
vt 3.353517 1.628616
vt 3.353517 1.628615
vt 3.353517 1.628615
vt 3.353517 1.736399
vt 3.353517 1.736399
vt 3.353517 1.736399
vt 3.353517 1.736399
vt 3.353517 1.844183
vt 3.353517 1.844183
vt 3.353517 1.844183
vt 3.353517 1.844183
vt 3.353517 1.951967
vt 3.353517 1.951967
vt 3.353517 1.951967
vt 3.353517 1.951967
vt 3.353517 2.059751
vt 3.353517 2.059751
vt 3.353517 2.059751
vt 3.353517 2.059751
vt 3.353517 2.167534
vt 3.353517 2.167534
vt 3.353517 2.167534
vt 3.353517 2.167534
vt 3.353517 2.275318
vt 3.353517 2.275318
vt 3.353517 2.275318
vt 3.353517 2.275318
vt 3.353517 2.383101
vt 3.353517 2.383101
vt 3.353517 2.383101
vt 3.353517 2.383101
vt 3.353517 2.490885
vt 3.353517 2.490885
vt 3.353517 2.490885
vt 3.353517 2.490885
vt 3.353517 2.598669
vt 3.353517 2.598669
vt 3.353517 2.598669
vt 3.353517 2.598669
vt 3.353517 2.706453
vt 3.353517 2.706453
vt 3.353517 2.706453
vt 3.353517 2.706453
vt -2.586490 0.119643
vt -2.586490 0.119643
vt -2.586490 0.119643
vt -2.586490 0.119643
vt -2.586490 0.227427
vt -2.586490 0.227427
vt -2.586490 0.227427
vt -2.586490 0.227427
vt -2.586490 0.335211
vt -2.586490 0.335211
vt -2.586490 0.335211
vt -2.586490 0.335211
vt -2.586490 0.442995
vt -2.586490 0.442995
vt -2.586490 0.442995
vt -2.586490 0.442995
vt -2.586490 0.550779
vt -2.586490 0.550779
vt -2.586490 0.550779
vt -2.586490 0.550779
vt -2.586490 0.658562
vt -2.586490 0.658562
vt -2.586490 0.658562
vt -2.586490 0.658562
vt -2.586490 0.766347
vt -2.586490 0.766347
vt -2.586490 0.766347
vt -2.586490 0.766347
vt -2.586490 0.874131
vt -2.586490 0.874131
vt -2.586490 0.874131
vt -2.586490 0.874131
vt -2.586490 0.981914
vt -2.586490 0.981914
vt -2.586490 0.981914
vt -2.586490 0.981914
vt -2.586490 1.089698
vt -2.586490 1.089698
vt -2.586490 1.089698
vt -2.586490 1.089698
vt -2.586490 1.197482
vt -2.586490 1.197482
vt -2.586490 1.197482
vt -2.586490 1.197482
vt -2.586490 1.305265
vt -2.586490 1.305265
vt -2.586490 1.305265
vt -2.586490 1.305265
vt -2.586490 1.413048
vt -2.586490 1.413048
vt -2.586490 1.413048
vt -2.586490 1.413048
vt -2.586490 1.520832
vt -2.586490 1.520832
vt -2.586490 1.520832
vt -2.586490 1.520832
vt -2.586490 1.628615
vt -2.586490 1.628615
vt -2.586490 1.628616
vt -2.586490 1.628616
vt -2.586490 1.736399
vt -2.586490 1.736399
vt -2.586490 1.736399
vt -2.586490 1.736399
vt -2.586490 1.844183
vt -2.586490 1.844183
vt -2.586490 1.844183
vt -2.586490 1.844183
vt -2.586490 1.951967
vt -2.586490 1.951967
vt -2.586490 1.951967
vt -2.586490 1.951967
vt -2.586490 2.059751
vt -2.586490 2.059751
vt -2.586490 2.059751
vt -2.586490 2.059751
vt -2.586490 2.167534
vt -2.586490 2.167534
vt -2.586490 2.167534
vt -2.586490 2.167534
vt -2.586490 2.275318
vt -2.586490 2.275318
vt -2.586490 2.275318
vt -2.586490 2.275318
vt -2.586490 2.383101
vt -2.586490 2.383101
vt -2.586490 2.383101
vt -2.586490 2.383101
vt -2.586490 2.490885
vt -2.586490 2.490885
vt -2.586490 2.490885
vt -2.586490 2.490885
vt -2.586490 2.598669
vt -2.586490 2.598669
vt -2.586490 2.598669
vt -2.586490 2.598669
vt -2.586490 2.706453
vt -2.586490 2.706453
vt -2.586490 2.706453
vt -2.586490 2.706453
vn 0.000000 0.000000 1.000000
vn 0.000000 0.000000 1.000000
vn 0.000000 0.000000 1.000000
vn 0.000000 0.000000 1.000000
vn 0.000000 0.000000 1.000000
vn 0.000000 0.000000 1.000000
vn 0.000000 0.000000 1.000000
vn 0.000000 0.000000 1.000000
vn 0.000000 0.000000 1.000000
vn 0.000000 0.000000 1.000000
vn 0.000000 0.000000 1.000000
vn 0.000000 0.000000 1.000000
vn 0.000000 0.000000 1.000000
vn 0.000000 0.000000 1.000000
vn 0.000000 0.000000 1.000000
vn 0.000000 0.000000 1.000000
vn 0.000000 0.000000 1.000000
vn 0.000000 0.000000 1.000000
vn 0.000000 0.000000 1.000000
vn 0.000000 0.000000 1.000000
vn 0.000000 0.000000 1.000000
vn 0.000000 0.000000 1.000000
vn 0.000000 0.000000 1.000000
vn 0.000000 0.000000 1.000000
vn 0.000000 0.000000 1.000000
vn 0.000000 0.000000 1.000000
vn 0.000000 0.000000 1.000000
vn 0.000000 0.000000 1.000000
vn 0.000000 0.000000 1.000000
vn 0.000000 0.000000 1.000000
vn 0.000000 0.000000 1.000000
vn 0.000000 0.000000 1.000000
vn 0.000000 0.000000 1.000000
vn 0.000000 0.000000 1.000000
vn 0.000000 0.000000 1.000000
vn 0.000000 0.000000 1.000000
vn 0.000000 0.000000 1.000000
vn 0.000000 0.000000 1.000000
vn 0.000000 0.000000 1.000000
vn 0.000000 0.000000 1.000000
vn 0.000000 0.000000 1.000000
vn 0.000000 0.000000 1.000000
vn 0.000000 0.000000 1.000000
vn 0.000000 0.000000 1.000000
vn 0.000000 0.000000 1.000000
vn 0.000000 0.000000 1.000000
vn 0.000000 0.000000 1.000000
vn 0.000000 0.000000 1.000000
vn 0.000000 0.000000 1.000000
vn 0.000000 0.000000 1.000000
vn 0.000000 0.000000 1.000000
vn 0.000000 0.000000 1.000000
vn 0.000000 0.000000 1.000000
vn 0.000000 0.000000 1.000000
vn 0.000000 0.000000 1.000000
vn 0.000000 0.000000 1.000000
vn 0.000000 0.000000 1.000000
vn 0.000000 0.000000 1.000000
vn 0.000000 0.000000 1.000000
vn 0.000000 0.000000 1.000000
vn 0.000000 0.000000 1.000000
vn 0.000000 0.000000 1.000000
vn 0.000000 0.000000 1.000000
vn 0.000000 0.000000 1.000000
vn 0.000000 0.000000 1.000000
vn 0.000000 0.000000 1.000000
vn 0.000000 0.000000 1.000000
vn 0.000000 0.000000 1.000000
vn 0.000000 0.000000 1.000000
vn 0.000000 0.000000 1.000000
vn 0.000000 0.000000 1.000000
vn 0.000000 0.000000 1.000000
vn 0.000000 0.000000 1.000000
vn 0.000000 0.000000 1.000000
vn 0.000000 0.000000 1.000000
vn 0.000000 0.000000 1.000000
vn 0.000000 0.000000 1.000000
vn 0.000000 0.000000 1.000000
vn 0.000000 0.000000 1.000000
vn 0.000000 0.000000 1.000000
vn 0.000000 0.000000 1.000000
vn 0.000000 0.000000 1.000000
vn 0.000000 0.000000 1.000000
vn 0.000000 0.000000 1.000000
vn 0.000000 0.000000 1.000000
vn 0.000000 0.000000 1.000000
vn 0.000000 0.000000 1.000000
vn 0.000000 0.000000 1.000000
vn 0.000000 0.000000 1.000000
vn 0.000000 0.000000 1.000000
vn 0.000000 0.000000 1.000000
vn 0.000000 0.000000 1.000000
vn 0.000000 0.000000 1.000000
vn 0.000000 0.000000 1.000000
vn 0.000000 0.000000 1.000000
vn 0.000000 0.000000 1.000000
vn 0.000000 0.000000 1.000000
vn 0.000000 0.000000 1.000000
vn 0.000000 0.000000 1.000000
vn 0.000000 0.000000 1.000000
vn 0.000000 0.000000 1.000000
vn 0.000000 0.000000 1.000000
vn 0.000000 0.000000 1.000000
vn 0.000000 0.000000 1.000000
vn 0.000000 0.000000 1.000000
vn 0.000000 0.000000 1.000000
vn 0.000000 0.000000 1.000000
vn 0.000000 0.000000 1.000000
vn 0.000000 0.000000 1.000000
vn 0.000000 0.000000 1.000000
vn 0.000000 0.000000 1.000000
vn 0.000000 0.000000 1.000000
vn 0.000000 0.000000 1.000000
vn 0.000000 0.000000 1.000000
vn 0.000000 0.000000 1.000000
vn 0.000000 0.000000 1.000000
vn 0.000000 0.000000 1.000000
vn 0.000000 0.000000 1.000000
vn 0.000000 0.000000 1.000000
vn 0.000000 0.000000 1.000000
vn 0.000000 0.000000 1.000000
vn 0.000000 0.000000 1.000000
vn 0.000000 0.000000 1.000000
vn 0.000000 0.000000 1.000000
vn 0.000000 0.000000 1.000000
vn 0.000000 0.000000 1.000000
vn 0.000000 0.000000 1.000000
vn 0.000000 0.000000 1.000000
vn 0.000000 0.000000 1.000000
vn 0.000000 0.000000 1.000000
vn 0.000000 0.000000 1.000000
vn 0.000000 0.000000 1.000000
vn 0.000000 0.000000 1.000000
vn 0.000000 0.000000 1.000000
vn 0.000000 0.000000 1.000000
vn 0.000000 0.000000 1.000000
vn 0.000000 0.000000 1.000000
vn 0.000000 0.000000 1.000000
vn 0.000000 0.000000 1.000000
vn 0.000000 0.000000 1.000000
vn 0.000000 0.000000 1.000000
vn 0.000000 0.000000 1.000000
vn 0.000000 0.000000 1.000000
vn 0.000000 0.000000 1.000000
vn 0.000000 0.000000 1.000000
vn 0.000000 0.000000 1.000000
vn 0.000000 0.000000 1.000000
vn 0.000000 0.000000 1.000000
vn 0.000000 0.000000 1.000000
vn 0.000000 0.000000 1.000000
vn 0.000000 0.000000 1.000000
vn 0.000000 0.000000 1.000000
vn 0.000000 0.000000 1.000000
vn 0.000000 0.000000 1.000000
vn 0.000000 0.000000 1.000000
vn 0.000000 0.000000 1.000000
vn 0.000000 0.000000 1.000000
vn 0.000000 0.000000 1.000000
vn 0.000000 0.000000 1.000000
vn 0.000000 0.000000 1.000000
vn 0.000000 0.000000 1.000000
vn 0.000000 0.000000 1.000000
vn 0.000000 0.000000 1.000000
vn 0.000000 0.000000 1.000000
vn 0.000000 0.000000 1.000000
vn 0.000000 0.000000 1.000000
vn 0.000000 0.000000 1.000000
vn 0.000000 0.000000 1.000000
vn 0.000000 0.000000 1.000000
vn 0.000000 0.000000 1.000000
vn 0.000000 0.000000 1.000000
vn 0.000000 0.000000 1.000000
vn 0.000000 0.000000 1.000000
vn 0.000000 0.000000 1.000000
vn 0.000000 0.000000 1.000000
vn 0.000000 0.000000 1.000000
vn 0.000000 0.000000 1.000000
vn 0.000000 0.000000 1.000000
vn 0.000000 0.000000 1.000000
vn 0.000000 0.000000 1.000000
vn 0.000000 0.000000 1.000000
vn 0.000000 0.000000 1.000000
vn 0.000000 0.000000 1.000000
vn 0.000000 0.000000 1.000000
vn 0.000000 0.000000 1.000000
vn 0.000000 0.000000 1.000000
vn 0.000000 0.000000 1.000000
vn 0.000000 0.000000 1.000000
vn 0.000000 0.000000 1.000000
vn 0.000000 0.000000 1.000000
vn 0.000000 0.000000 1.000000
vn 0.000000 0.000000 1.000000
vn 0.000000 0.000000 1.000000
vn 0.000000 0.000000 1.000000
vn 0.000000 0.000000 1.000000
vn 0.000000 0.000000 1.000000
vn 0.000000 0.000000 1.000000
vn 0.000000 0.000000 1.000000
vn 0.000000 0.000000 1.000000
vn 0.000000 0.000000 1.000000
vn 0.000000 0.000000 1.000000
vn 0.000000 0.000000 1.000000
vn 0.000000 0.000000 1.000000
vn 0.000000 0.000000 1.000000
vn 0.000000 0.000000 1.000000
vn 0.000000 0.000000 1.000000
vn 0.000000 0.000000 1.000000
vn 0.000000 0.000000 1.000000
vn 0.000000 0.000000 1.000000
vn 0.000000 0.000000 1.000000
vn 0.000000 0.000000 1.000000
vn 0.000000 0.000000 1.000000
vn 0.000000 0.000000 1.000000
vn 0.000000 0.000000 1.000000
vn 0.000000 0.000000 1.000000
vn 0.000000 0.000000 1.000000
vn 0.000000 0.000000 1.000000
vn 0.000000 0.000000 1.000000
vn 0.000000 0.000000 1.000000
vn 0.000000 0.000000 1.000000
vn 0.000000 0.000000 1.000000
vn 0.000000 0.000000 1.000000
vn 0.000000 0.000000 1.000000
vn 0.000000 0.000000 1.000000
vn 0.000000 0.000000 1.000000
vn 0.000000 0.000000 1.000000
vn 0.000000 0.000000 1.000000
vn 0.000000 0.000000 1.000000
vn 0.000000 0.000000 1.000000
vn 0.000000 0.000000 1.000000
vn 0.000000 0.000000 1.000000
vn 0.000000 0.000000 1.000000
vn 0.000000 0.000000 1.000000
vn 0.000000 0.000000 1.000000
vn 0.000000 0.000000 1.000000
vn 0.000000 0.000000 1.000000
vn 0.000000 0.000000 1.000000
vn 0.000000 0.000000 1.000000
vn 0.000000 0.000000 1.000000
vn 0.000000 0.000000 1.000000
vn 0.000000 0.000000 1.000000
vn 0.000000 0.000000 1.000000
vn 0.000000 0.000000 1.000000
vn 0.000000 0.000000 1.000000
vn 0.000000 0.000000 1.000000
vn 0.000000 0.000000 1.000000
vn 0.000000 0.000000 1.000000
vn 0.000000 0.000000 1.000000
vn 0.000000 0.000000 1.000000
vn 0.000000 0.000000 1.000000
vn 0.000000 0.000000 1.000000
vn 0.000000 0.000000 1.000000
vn 0.000000 0.000000 1.000000
vn 0.000000 0.000000 1.000000
vn 0.000000 0.000000 1.000000
vn 0.000000 0.000000 1.000000
vn 0.000000 0.000000 1.000000
vn 0.000000 0.000000 1.000000
vn 0.000000 0.000000 1.000000
vn 0.000000 0.000000 1.000000
vn 0.000000 0.000000 1.000000
vn 0.000000 0.000000 1.000000
vn 0.000000 0.000000 1.000000
vn 0.000000 0.000000 1.000000
vn 0.000000 0.000000 1.000000
vn 0.000000 0.000000 1.000000
vn 0.000000 0.000000 1.000000
vn 0.000000 0.000000 1.000000
vn 0.000000 0.000000 1.000000
vn 0.000000 0.000000 1.000000
vn 0.000000 0.000000 1.000000
vn 0.000000 0.000000 1.000000
vn 0.000000 0.000000 1.000000
vn 0.000000 0.000000 1.000000
vn 0.000000 0.000000 1.000000
vn 0.000000 0.000000 1.000000
vn 0.000000 0.000000 1.000000
vn 0.000000 0.000000 1.000000
vn 0.000000 0.000000 1.000000
vn 0.000000 0.000000 1.000000
vn 0.000000 0.000000 1.000000
vn 0.000000 0.000000 1.000000
vn 0.000000 0.000000 1.000000
vn 0.000000 0.000000 1.000000
vn 0.000000 0.000000 1.000000
vn 0.000000 0.000000 1.000000
vn 0.000000 0.000000 1.000000
vn 0.000000 0.000000 1.000000
vn 0.000000 0.000000 1.000000
vn 0.000000 0.000000 1.000000
vn 0.000000 0.000000 1.000000
vn 0.000000 0.000000 1.000000
vn 0.000000 0.000000 1.000000
vn 0.000000 0.000000 1.000000
vn 0.000000 0.000000 1.000000
vn 0.000000 0.000000 1.000000
vn 0.000000 0.000000 1.000000
vn 0.000000 0.000000 1.000000
vn 0.000000 0.000000 1.000000
vn 0.000000 0.000000 1.000000
vn 0.000000 0.000000 1.000000
vn 0.000000 0.000000 1.000000
vn 0.000000 0.000000 1.000000
vn 0.000000 0.000000 1.000000
vn 0.000000 0.000000 1.000000
vn 0.000000 0.000000 1.000000
vn 0.000000 0.000000 1.000000
vn 0.000000 0.000000 1.000000
vn 0.000000 0.000000 1.000000
vn 0.000000 0.000000 1.000000
vn 0.000000 0.000000 1.000000
vn 0.000000 0.000000 1.000000
vn 0.000000 0.000000 1.000000
vn 0.000000 0.000000 1.000000
vn 0.000000 0.000000 1.000000
vn 0.000000 0.000000 1.000000
vn 0.000000 0.000000 1.000000
vn 0.000000 0.000000 1.000000
vn 0.000000 0.000000 1.000000
vn 0.000000 0.000000 1.000000
vn 0.000000 0.000000 1.000000
vn 0.000000 0.000000 1.000000
vn 0.000000 0.000000 1.000000
vn 0.000000 0.000000 1.000000
vn 0.000000 0.000000 1.000000
vn 0.000000 0.000000 1.000000
vn 0.000000 0.000000 1.000000
vn 0.000000 0.000000 1.000000
vn 0.000000 0.000000 1.000000
vn 0.000000 0.000000 1.000000
vn 0.000000 0.000000 1.000000
vn 0.000000 0.000000 1.000000
vn 0.000000 0.000000 1.000000
vn 0.000000 0.000000 1.000000
vn 0.000000 0.000000 1.000000
vn 0.000000 0.000000 1.000000
vn 0.000000 0.000000 1.000000
vn 0.000000 0.000000 1.000000
vn -0.000000 0.000000 1.000000
vn -0.000000 0.000000 1.000000
vn 0.000000 0.000000 1.000000
vn -0.000000 0.000000 1.000000
vn -0.000000 0.000000 1.000000
vn 0.000000 0.000000 1.000000
vn 0.000000 0.000000 1.000000
vn 0.000000 0.000000 1.000000
vn 0.000000 0.000000 1.000000
vn 0.000000 0.000000 1.000000
vn -0.000000 0.000000 1.000000
vn -0.000000 0.000000 1.000000
vn 0.000000 0.000000 1.000000
vn 0.000000 0.000000 1.000000
vn 0.000000 0.000000 1.000000
vn 0.000000 0.000000 1.000000
vn 0.000000 0.000000 1.000000
vn 0.000000 0.000000 1.000000
vn 0.000000 0.000000 1.000000
vn 0.000000 0.000000 1.000000
vn 0.000000 0.000000 1.000000
vn 0.000000 0.000000 1.000000
vn 0.000000 0.000000 1.000000
vn 0.000000 0.000000 1.000000
vn 0.000000 0.000000 1.000000
vn 0.000000 0.000000 1.000000
vn 0.000000 0.000000 1.000000
vn 0.000000 0.000000 1.000000
vn 0.000000 0.000000 1.000000
vn 0.000000 0.000000 1.000000
vn 0.000000 0.000000 1.000000
vn 0.000000 0.000000 1.000000
vn 0.000000 0.000000 1.000000
vn 0.000000 0.000000 1.000000
vn 0.000000 0.000000 1.000000
vn 0.000000 0.000000 1.000000
vn 0.000000 0.000000 1.000000
vn 0.000000 0.000000 1.000000
vn 0.000000 0.000000 1.000000
vn 0.000000 0.000000 1.000000
vn 0.000000 0.000000 1.000000
vn 0.000000 0.000000 1.000000
vn 0.000000 0.000000 1.000000
vn 0.000000 0.000000 1.000000
vn 0.000000 0.000000 1.000000
vn 0.000000 0.000000 1.000000
vn 0.000000 0.000000 1.000000
vn 0.000000 0.000000 1.000000
vn -0.000000 0.000000 1.000000
vn 0.000000 0.000000 1.000000
vn 0.000000 0.000000 1.000000
vn 0.000000 0.000000 1.000000
vn 0.000000 0.000000 1.000000
vn 0.000000 0.000000 1.000000
vn 0.000000 0.000000 1.000000
vn 0.000000 0.000000 1.000000
vn 0.000000 0.000000 1.000000
vn 0.000000 0.000000 1.000000
vn 0.000000 0.000000 1.000000
vn 0.000000 0.000000 1.000000
vn 0.000000 0.000000 1.000000
vn 0.000000 0.000000 1.000000
vn 0.000000 0.000000 1.000000
vn 0.000000 0.000000 1.000000
vn 0.000000 0.000000 1.000000
vn 0.000000 0.000000 1.000000
vn 0.000000 0.000000 1.000000
vn 0.000000 0.000000 1.000000
vn 0.000000 0.000000 1.000000
vn 0.000000 0.000000 1.000000
vn 0.000000 0.000000 1.000000
vn 0.000000 0.000000 1.000000
vn 0.000000 0.000000 1.000000
vn 0.000000 0.000000 1.000000
vn 0.000000 0.000000 1.000000
vn 0.000000 0.000000 1.000000
vn 0.000000 0.000000 1.000000
vn 0.000000 0.000000 1.000000
vn 0.000000 0.000000 1.000000
vn 0.000000 0.000000 1.000000
vn 0.000000 0.000000 1.000000
vn 0.000000 0.000000 1.000000
vn 0.000000 0.000000 1.000000
vn 0.000000 0.000000 1.000000
vn 0.000000 0.000000 1.000000
vn 0.000000 0.000000 1.000000
vn 0.000000 0.000000 1.000000
vn 0.000000 0.000000 1.000000
vn 0.000000 0.000000 1.000000
vn 0.000000 0.000000 1.000000
vn 0.000000 0.000000 1.000000
vn 0.000000 0.000000 1.000000
vn 0.000000 0.000000 1.000000
vn 0.000000 0.000000 1.000000
vn 0.000000 0.000000 1.000000
vn 0.000000 0.000000 1.000000
vn 0.000000 0.000000 1.000000
vn 0.000000 0.000000 1.000000
vn 0.000000 0.000000 1.000000
vn 0.000000 0.000000 1.000000
vn 0.000000 0.000000 1.000000
vn 0.000000 0.000000 1.000000
vn 0.000000 0.000000 1.000000
vn 0.000000 0.000000 1.000000
vn 0.000000 0.000000 1.000000
vn 0.000000 0.000000 1.000000
vn 0.000000 0.000000 1.000000
vn 0.000000 0.000000 1.000000
vn 0.000000 0.000000 1.000000
vn 0.000000 0.000000 1.000000
vn 0.000000 0.000000 1.000000
vn 0.000000 0.000000 1.000000
vn 0.000000 0.000000 1.000000
vn 0.000000 0.000000 1.000000
vn 0.000000 0.000000 1.000000
vn 0.000000 0.000000 1.000000
vn 0.000000 0.000000 1.000000
vn 0.000000 0.000000 1.000000
vn 0.000000 0.000000 1.000000
vn 0.000000 0.000000 1.000000
vn 0.000000 0.000000 1.000000
vn 0.000000 0.000000 1.000000
vn 0.000000 0.000000 1.000000
vn 0.000000 0.000000 1.000000
vn 0.000000 0.000000 1.000000
vn 0.000000 0.000000 1.000000
vn 0.000000 0.000000 1.000000
vn 0.000000 0.000000 1.000000
vn 0.000000 0.000000 1.000000
vn 0.000000 0.000000 1.000000
vn 0.000000 0.000000 1.000000
vn 0.000000 0.000000 1.000000
vn 0.000000 0.000000 1.000000
vn 0.000000 0.000000 1.000000
vn 0.000000 0.000000 1.000000
vn 0.000000 0.000000 1.000000
vn 0.000000 0.000000 1.000000
vn 0.000000 0.000000 1.000000
vn 0.000000 0.000000 1.000000
vn 0.000000 0.000000 1.000000
vn 0.000000 0.000000 1.000000
vn 0.000000 0.000000 1.000000
vn 0.000000 0.000000 1.000000
vn 0.000000 0.000000 1.000000
vn 0.000000 0.000000 1.000000
vn 0.000000 0.000000 1.000000
vn 0.000000 0.000000 1.000000
vn 0.000000 0.000000 1.000000
vn 0.000000 0.000000 1.000000
vn 0.000000 0.000000 1.000000
vn 0.000000 0.000000 1.000000
vn 0.000000 0.000000 1.000000
vn 0.000000 0.000000 1.000000
vn 0.000000 0.000000 1.000000
vn 0.000000 0.000000 1.000000
vn 0.000000 0.000000 1.000000
vn 0.000000 0.000000 1.000000
vn 0.000000 0.000000 1.000000
vn 0.000000 0.000000 1.000000
vn 0.000000 0.000000 1.000000
vn 0.000000 0.000000 1.000000
vn 0.000000 0.000000 1.000000
vn 0.000000 0.000000 1.000000
vn 0.000000 0.000000 1.000000
vn 0.000000 0.000000 1.000000
vn 0.000000 0.000000 1.000000
vn 0.000000 0.000000 1.000000
vn 0.000000 0.000000 1.000000
vn 0.000000 0.000000 1.000000
vn 0.000000 0.000000 1.000000
vn 0.000000 0.000000 1.000000
vn 0.000000 0.000000 1.000000
vn 0.000000 0.000000 1.000000
vn 0.000000 0.000000 1.000000
vn 0.000000 0.000000 1.000000
vn 0.000000 0.000000 1.000000
vn 0.000000 0.000000 1.000000
vn 0.000000 0.000000 1.000000
vn 0.000000 0.000000 1.000000
vn 0.000000 0.000000 1.000000
vn 0.000000 0.000000 1.000000
vn 0.000000 0.000000 1.000000
vn 0.000000 0.000000 1.000000
vn 0.000000 0.000000 1.000000
vn 0.000000 0.000000 1.000000
vn 0.000000 0.000000 1.000000
vn 0.000000 0.000000 1.000000
vn 0.000000 0.000000 1.000000
vn 0.000000 0.000000 1.000000
vn 0.000000 0.000000 1.000000
vn 0.000000 0.000000 1.000000
vn 0.000000 0.000000 1.000000
vn 0.000000 0.000000 1.000000
vn 0.000000 0.000000 1.000000
vn 0.000000 0.000000 1.000000
vn 0.000000 0.000000 1.000000
vn 0.000000 0.000000 1.000000
vn 0.000000 0.000000 1.000000
vn 0.000000 0.000000 1.000000
vn 0.000000 0.000000 1.000000
vn 0.000000 0.000000 1.000000
vn 0.000000 0.000000 1.000000
vn 0.000000 0.000000 1.000000
vn 0.000000 0.000000 1.000000
vn 0.000000 0.000000 1.000000
vn 0.000000 0.000000 1.000000
vn 0.000000 0.000000 1.000000
vn 0.000000 0.000000 1.000000
vn 0.000000 0.000000 1.000000
vn 0.000000 0.000000 1.000000
vn 0.000000 0.000000 1.000000
vn 0.000000 0.000000 1.000000
vn 0.000000 0.000000 1.000000
vn 0.000000 0.000000 1.000000
vn 0.000000 0.000000 1.000000
vn 0.000000 0.000000 1.000000
vn 0.000000 0.000000 1.000000
vn 0.000000 0.000000 1.000000
vn 0.000000 0.000000 1.000000
vn 0.000000 0.000000 1.000000
vn 0.000000 0.000000 1.000000
vn 0.000000 0.000000 1.000000
vn 0.000000 0.000000 1.000000
vn 0.000000 0.000000 1.000000
vn 0.000000 0.000000 1.000000
vn 0.000000 0.000000 1.000000
vn 0.000000 0.000000 1.000000
vn 0.000000 0.000000 1.000000
vn 0.000000 0.000000 1.000000
vn 0.000000 0.000000 1.000000
vn 0.000000 0.000000 1.000000
vn 0.000000 0.000000 1.000000
vn 0.000000 0.000000 1.000000
vn 0.000000 0.000000 1.000000
vn 0.000000 0.000000 1.000000
vn 0.000000 0.000000 1.000000
vn 0.000000 0.000000 1.000000
vn 0.000000 0.000000 1.000000
vn 0.000000 0.000000 1.000000
vn 0.000000 0.000000 1.000000
vn 0.000000 0.000000 1.000000
vn 0.000000 0.000000 1.000000
vn 0.000000 0.000000 1.000000
vn 0.000000 0.000000 1.000000
vn 0.000000 0.000000 1.000000
vn 0.000000 0.000000 1.000000
vn 0.000000 0.000000 1.000000
vn 0.000000 0.000000 1.000000
vn 0.000000 0.000000 1.000000
vn 0.000000 0.000000 1.000000
vn 0.000000 0.000000 1.000000
vn 0.000000 0.000000 1.000000
vn 0.000000 0.000000 1.000000
vn 0.000000 0.000000 1.000000
vn 0.000000 0.000000 1.000000
vn 0.000000 0.000000 1.000000
vn 0.000000 0.000000 1.000000
vn 0.000000 0.000000 1.000000
vn 0.000000 0.000000 1.000000
vn 0.000000 0.000000 1.000000
vn 0.000000 0.000000 1.000000
vn 0.000000 0.000000 1.000000
vn 0.000000 0.000000 1.000000
vn 0.000000 0.000000 1.000000
vn 0.000000 0.000000 1.000000
vn 0.000000 0.000000 1.000000
vn 0.000000 0.000000 1.000000
vn 0.000000 0.000000 1.000000
vn 0.000000 0.000000 1.000000
vn 0.000000 0.000000 1.000000
vn 0.000000 0.000000 1.000000
vn 0.000000 0.000000 1.000000
vn 0.000000 0.000000 1.000000
vn 0.000000 0.000000 1.000000
vn 0.000000 0.000000 1.000000
vn 0.000000 0.000000 1.000000
vn 0.000000 0.000000 1.000000
vn 0.000000 0.000000 1.000000
vn 0.000000 0.000000 1.000000
vn 0.000000 0.000000 1.000000
vn 0.000000 0.000000 1.000000
vn 0.000000 0.000000 1.000000
vn 0.000000 0.000000 1.000000
vn 0.000000 0.000000 1.000000
vn 0.000000 0.000000 1.000000
vn 0.000000 0.000000 1.000000
vn 0.000000 0.000000 1.000000
vn 0.000000 0.000000 1.000000
vn 0.000000 0.000000 1.000000
vn 0.000000 0.000000 1.000000
vn 0.000000 0.000000 1.000000
vn 0.000000 0.000000 1.000000
vn 0.000000 0.000000 1.000000
vn 0.000000 0.000000 1.000000
vn 0.000000 0.000000 1.000000
vn 0.000000 0.000000 1.000000
vn 0.000000 0.000000 1.000000
vn 0.000000 0.000000 1.000000
vn 0.000000 0.000000 1.000000
vn 0.000000 0.000000 1.000000
vn 0.000000 0.000000 1.000000
vn 0.000000 0.000000 1.000000
vn 0.000000 0.000000 1.000000
vn 0.000000 0.000000 1.000000
vn 0.000000 0.000000 1.000000
vn 0.000000 0.000000 1.000000
vn 0.000000 0.000000 1.000000
vn 0.000000 0.000000 1.000000
vn 0.000000 0.000000 1.000000
vn 0.000000 0.000000 1.000000
vn 0.000000 0.000000 1.000000
vn 0.000000 0.000000 1.000000
vn 0.000000 0.000000 1.000000
vn 0.000000 0.000000 1.000000
vn 0.000000 0.000000 1.000000
vn 0.000000 0.000000 1.000000
vn 0.000000 0.000000 1.000000
vn 0.000000 0.000000 1.000000
vn 0.000000 0.000000 1.000000
vn 0.000000 0.000000 1.000000
vn 0.000000 0.000000 1.000000
vn 0.000000 0.000000 1.000000
vn 0.000000 0.000000 1.000000
vn 0.000000 0.000000 1.000000
vn 0.000000 0.000000 1.000000
vn 0.000000 0.000000 1.000000
vn 0.000000 0.000000 1.000000
vn 0.000000 0.000000 1.000000
vn 0.000000 0.000000 1.000000
vn 0.000000 0.000000 1.000000
vn 0.000000 0.000000 1.000000
vn 0.000000 0.000000 1.000000
vn 0.000000 0.000000 1.000000
vn 0.000000 0.000000 1.000000
vn 0.000000 0.000000 1.000000
vn 0.000000 0.000000 1.000000
vn 0.000000 0.000000 1.000000
vn 0.000000 0.000000 1.000000
vn 0.000000 0.000000 1.000000
vn 0.000000 0.000000 1.000000
vn 0.000000 0.000000 1.000000
vn 0.000000 0.000000 1.000000
vn 0.000000 0.000000 1.000000
vn 0.000000 0.000000 1.000000
vn 0.000000 0.000000 1.000000
vn 0.000000 0.000000 1.000000
vn 0.000000 0.000000 1.000000
vn 0.000000 0.000000 1.000000
vn 0.000000 0.000000 1.000000
vn 0.000000 0.000000 1.000000
vn 0.000000 0.000000 1.000000
vn 0.000000 0.000000 1.000000
vn 0.000000 0.000000 1.000000
vn 0.000000 0.000000 1.000000
vn 0.000000 0.000000 1.000000
vn 0.000000 0.000000 1.000000
vn 0.000000 0.000000 1.000000
vn 0.000000 0.000000 1.000000
vn 0.000000 0.000000 1.000000
vn 0.000000 0.000000 1.000000
vn 0.000000 0.000000 1.000000
vn 0.000000 0.000000 1.000000
vn 0.000000 0.000000 1.000000
vn 0.000000 0.000000 1.000000
vn 0.000000 0.000000 1.000000
vn 0.000000 0.000000 1.000000
vn 0.000000 0.000000 1.000000
vn 0.000000 0.000000 1.000000
vn 0.000000 0.000000 1.000000
vn 0.000000 0.000000 1.000000
vn 0.000000 0.000000 1.000000
vn 0.000000 0.000000 1.000000
vn 0.000000 0.000000 1.000000
vn 0.000000 0.000000 1.000000
vn 0.000000 0.000000 1.000000
vn 0.000000 0.000000 1.000000
vn 0.000000 0.000000 1.000000
vn 0.000000 0.000000 1.000000
vn 0.000000 0.000000 1.000000
vn 0.000000 0.000000 1.000000
vn 0.000000 0.000000 1.000000
vn 0.000000 0.000000 1.000000
vn 0.000000 0.000000 1.000000
vn 0.000000 0.000000 1.000000
vn 0.000000 0.000000 1.000000
vn 0.000000 0.000000 1.000000
vn 0.000000 0.000000 1.000000
vn 0.000000 0.000000 1.000000
vn 0.000000 0.000000 1.000000
vn 0.000000 0.000000 1.000000
vn 0.000000 0.000000 1.000000
vn 0.000000 0.000000 1.000000
vn 0.000000 0.000000 1.000000
vn 0.000000 0.000000 1.000000
vn 0.000000 0.000000 1.000000
vn 0.000000 0.000000 1.000000
vn 0.000000 0.000000 1.000000
vn -0.000000 0.000000 1.000000
vn -0.000000 0.000000 1.000000
vn -0.000000 0.000000 1.000000
vn -0.000000 0.000000 1.000000
vn -0.000000 0.000000 1.000000
vn 0.000000 0.000000 1.000000
vn 0.000000 0.000000 1.000000
vn 0.000000 0.000000 1.000000
vn 0.000000 0.000000 1.000000
vn -0.000000 0.000000 1.000000
vn -0.000000 0.000000 1.000000
vn -0.000000 0.000000 1.000000
vn -0.000000 0.000000 1.000000
vn -0.000000 0.000000 1.000000
vn 0.000000 0.000000 1.000000
vn 0.000000 0.000000 1.000000
vn 0.000000 0.000000 1.000000
vn 0.000000 0.000000 1.000000
vn 0.000000 0.000000 1.000000
vn 0.000000 0.000000 1.000000
vn -0.000000 0.000000 1.000000
vn 0.000000 0.000000 1.000000
vn 0.000000 0.000000 1.000000
vn 0.000000 0.000000 1.000000
vn 0.000000 0.000000 1.000000
vn 0.000000 0.000000 1.000000
vn -0.000000 0.000000 1.000000
vn -0.000000 0.000000 1.000000
vn -0.000000 0.000000 1.000000
vn -0.000000 0.000000 1.000000
vn -0.000000 0.000000 1.000000
vn 0.000000 0.000000 1.000000
vn 0.000000 0.000000 1.000000
vn 0.000000 0.000000 1.000000
vn 0.000000 0.000000 1.000000
vn -0.000000 0.000000 1.000000
vn -0.000000 0.000000 1.000000
vn -0.000000 0.000000 1.000000
vn -0.000000 0.000000 1.000000
vn -0.000000 0.000000 1.000000
vn 0.000000 0.000000 1.000000
vn 0.000000 0.000000 1.000000
vn 0.000000 0.000000 1.000000
vn 0.000000 0.000000 1.000000
vn -0.000000 0.000000 1.000000
vn -0.000000 0.000000 1.000000
vn -0.000000 0.000000 1.000000
vn -0.000000 0.000000 1.000000
vn -0.000000 0.000000 1.000000
vn 0.000000 0.000000 1.000000
vn 0.000000 0.000000 1.000000
vn 0.000000 0.000000 1.000000
vn 0.000000 0.000000 1.000000
vn 0.000000 0.000000 1.000000
vn 0.000000 0.000000 1.000000
vn 0.000000 0.000000 1.000000
vn 0.000000 0.000000 1.000000
vn 0.000000 0.000000 1.000000
vn 0.000000 0.000000 1.000000
vn -0.000000 0.000000 1.000000
vn -0.000000 0.000000 1.000000
vn 0.000000 0.000000 1.000000
vn 0.000000 0.000000 1.000000
vn 0.000000 0.000000 1.000000
vn 0.000000 0.000000 1.000000
vn -0.000000 0.000000 1.000000
vn -0.000000 0.000000 1.000000
vn 0.000000 0.000000 1.000000
vn 0.000000 0.000000 1.000000
vn 0.000000 0.000000 1.000000
vn -0.000000 0.000000 1.000000
vn -0.000000 0.000000 1.000000
vn -0.000000 0.000000 1.000000
vn 0.000000 0.000000 1.000000
vn 0.000000 0.000000 1.000000
vn 0.000000 0.000000 1.000000
vn 0.000000 0.000000 1.000000
vn 0.000000 0.000000 1.000000
vn 0.000000 0.000000 1.000000
vn 0.000000 0.000000 1.000000
vn 0.000000 0.000000 1.000000
vn 0.000000 0.000000 1.000000
vn -0.000000 0.000000 1.000000
vn -0.000000 0.000000 1.000000
vn 0.000000 0.000000 1.000000
vn 0.000000 0.000000 1.000000
vn 0.000000 0.000000 1.000000
vn 0.000000 0.000000 1.000000
vn 0.000000 0.000000 1.000000
vn 0.000000 0.000000 1.000000
vn 0.000000 0.000000 1.000000
vn 0.000000 0.000000 1.000000
vn 0.000000 0.000000 1.000000
vn 0.000000 0.000000 1.000000
vn 0.000000 0.000000 1.000000
vn 0.000000 0.000000 1.000000
vn 0.000000 0.000000 1.000000
vn 0.000000 0.000000 1.000000
vn 0.000000 0.000000 1.000000
vn 0.000000 0.000000 1.000000
vn 0.000000 0.000000 1.000000
vn -0.000000 0.000000 1.000000
vn -0.000000 0.000000 1.000000
vn 0.000000 0.000000 1.000000
vn 0.000000 0.000000 1.000000
vn 0.000000 0.000000 1.000000
vn 0.000000 0.000000 1.000000
vn 0.000000 0.000000 1.000000
vn 0.000000 0.000000 1.000000
vn 0.000000 0.000000 1.000000
vn 0.000000 0.000000 1.000000
vn 0.000000 0.000000 1.000000
vn 0.000000 0.000000 1.000000
vn 0.000000 0.000000 1.000000
vn 0.000000 0.000000 1.000000
vn 0.000000 0.000000 1.000000
vn 0.000000 0.000000 1.000000
vn 0.000000 0.000000 1.000000
vn 0.000000 0.000000 1.000000
vn 0.000000 0.000000 1.000000
vn 0.000000 0.000000 1.000000
vn 0.000000 0.000000 1.000000
vn 0.000000 0.000000 1.000000
vn 0.000000 0.000000 1.000000
vn 0.000000 0.000000 1.000000
vn 0.000000 0.000000 1.000000
vn 0.000000 0.000000 1.000000
vn 0.000000 0.000000 1.000000
vn 0.000000 0.000000 1.000000
vn 0.000000 0.000000 1.000000
vn 0.000000 0.000000 1.000000
vn 0.000000 0.000000 1.000000
vn 0.000000 0.000000 1.000000
vn 0.000000 0.000000 1.000000
vn 0.000000 0.000000 1.000000
vn 0.000000 0.000000 1.000000
vn 0.000000 0.000000 1.000000
vn 0.000000 0.000000 1.000000
vn 0.000000 0.000000 1.000000
vn 0.000000 0.000000 1.000000
vn 0.000000 0.000000 1.000000
vn 0.000000 0.000000 1.000000
vn 0.000000 0.000000 1.000000
vn 0.000000 0.000000 1.000000
vn 0.000000 0.000000 1.000000
vn 0.000000 0.000000 1.000000
vn 0.000000 0.000000 1.000000
vn 0.000000 0.000000 1.000000
vn 0.000000 0.000000 1.000000
vn 0.000000 0.000000 1.000000
vn 0.000000 0.000000 1.000000
vn 0.000000 0.000000 1.000000
vn 0.000000 0.000000 1.000000
vn 0.000000 1.000000 0.000000
vn 0.000000 1.000000 0.000000
vn 0.000000 1.000000 0.000000
vn 0.000000 1.000000 0.000000
vn 0.000000 1.000000 0.000000
vn 0.000000 1.000000 0.000000
vn 0.000000 1.000000 -0.000000
vn 0.000000 1.000000 -0.000000
vn 0.000000 1.000000 -0.000000
vn 0.000000 1.000000 -0.000000
vn 0.000000 1.000000 -0.000000
vn 0.000000 1.000000 -0.000000
vn 0.000000 1.000000 -0.000000
vn 0.000000 1.000000 -0.000000
vn 0.000000 1.000000 -0.000000
vn 0.000000 1.000000 -0.000000
vn 0.000000 1.000000 0.000000
vn 0.000000 1.000000 0.000000
vn 0.000000 1.000000 0.000000
vn 0.000000 1.000000 0.000000
vn 0.000000 1.000000 0.000000
vn 0.000000 1.000000 0.000000
vn -0.000001 1.000000 0.000000
vn -0.000001 1.000000 0.000000
vn -0.000001 1.000000 0.000000
vn -0.000001 1.000000 0.000000
vn 0.000000 1.000000 0.000000
vn 0.000000 1.000000 0.000000
vn 0.000000 1.000000 -0.000000
vn 0.000000 1.000000 -0.000000
vn 0.000000 1.000000 -0.000001
vn 0.000000 1.000000 -0.000001
vn 0.000000 1.000000 -0.000000
vn 0.000000 1.000000 -0.000000
vn 0.000000 1.000000 -0.000000
vn 0.000000 1.000000 -0.000000
vn 0.000000 1.000000 0.000000
vn 0.000000 1.000000 0.000000
vn 0.000000 1.000000 0.000000
vn 0.000000 1.000000 0.000000
vn 0.000000 1.000000 0.000000
vn 0.000000 1.000000 0.000000
vn 0.000000 1.000000 -0.000000
vn 0.000000 1.000000 -0.000000
vn 0.000000 1.000000 -0.000000
vn 0.000000 1.000000 -0.000000
vn 0.000000 1.000000 -0.000000
vn 0.000000 1.000000 -0.000000
vn 0.000000 0.000000 -1.000000
vn 0.000000 0.000000 -1.000000
vn 0.000000 0.000000 -1.000000
vn 0.000000 0.000000 -1.000000
vn 0.000000 0.000000 -1.000000
vn 0.000000 0.000000 -1.000000
vn 0.000000 0.000000 -1.000000
vn 0.000000 0.000000 -1.000000
vn 0.000000 0.000000 -1.000000
vn 0.000000 0.000000 -1.000000
vn 0.000000 0.000000 -1.000000
vn 0.000000 0.000000 -1.000000
vn 0.000000 0.000000 -1.000000
vn 0.000000 0.000000 -1.000000
vn 0.000000 0.000000 -1.000000
vn 0.000000 0.000000 -1.000000
vn 0.000000 0.000000 -1.000000
vn 0.000000 0.000000 -1.000000
vn 0.000000 0.000000 -1.000000
vn 0.000000 0.000000 -1.000000
vn 0.000000 0.000000 -1.000000
vn 0.000000 0.000000 -1.000000
vn 0.000000 0.000000 -1.000000
vn 0.000000 0.000000 -1.000000
vn 0.000000 0.000000 -1.000000
vn 0.000000 0.000000 -1.000000
vn 0.000000 0.000000 -1.000000
vn 0.000000 0.000000 -1.000000
vn 0.000000 0.000000 -1.000000
vn 0.000000 0.000000 -1.000000
vn 0.000000 0.000000 -1.000000
vn 0.000000 0.000000 -1.000000
vn 0.000000 0.000000 -1.000000
vn 0.000000 0.000000 -1.000000
vn 0.000000 0.000000 -1.000000
vn 0.000000 0.000000 -1.000000
vn 0.000000 0.000000 -1.000000
vn 0.000000 0.000000 -1.000000
vn 0.000000 0.000000 -1.000000
vn 0.000000 0.000000 -1.000000
vn 0.000000 0.000000 -1.000000
vn 0.000000 0.000000 -1.000000
vn 0.000000 0.000000 -1.000000
vn 0.000000 0.000000 -1.000000
vn 0.000000 0.000000 -1.000000
vn 0.000000 0.000000 -1.000000
vn 0.000000 0.000000 -1.000000
vn 0.000000 0.000000 -1.000000
vn 0.000000 0.000000 -1.000000
vn 0.000000 0.000000 -1.000000
vn 0.000000 0.000000 -1.000000
vn 0.000000 0.000000 -1.000000
vn 0.000000 0.000000 -1.000000
vn 0.000000 0.000000 -1.000000
vn 0.000000 0.000000 -1.000000
vn 0.000000 0.000000 -1.000000
vn 0.000000 0.000000 -1.000000
vn 0.000000 0.000000 -1.000000
vn 0.000000 0.000000 -1.000000
vn 0.000000 0.000000 -1.000000
vn 0.000000 0.000000 -1.000000
vn 0.000000 0.000000 -1.000000
vn 0.000000 0.000000 -1.000000
vn 0.000000 0.000000 -1.000000
vn 0.000000 0.000000 -1.000000
vn 0.000000 0.000000 -1.000000
vn 0.000000 0.000000 -1.000000
vn 0.000000 0.000000 -1.000000
vn 0.000000 0.000000 -1.000000
vn 0.000000 0.000000 -1.000000
vn 0.000000 0.000000 -1.000000
vn 0.000000 0.000000 -1.000000
vn 0.000000 0.000000 -1.000000
vn 0.000000 0.000000 -1.000000
vn 0.000000 0.000000 -1.000000
vn 0.000000 0.000000 -1.000000
vn 0.000000 0.000000 -1.000000
vn 0.000000 0.000000 -1.000000
vn 0.000000 0.000000 -1.000000
vn 0.000000 0.000000 -1.000000
vn 0.000000 0.000000 -1.000000
vn 0.000000 0.000000 -1.000000
vn 0.000000 0.000000 -1.000000
vn 0.000000 0.000000 -1.000000
vn 0.000000 0.000000 -1.000000
vn 0.000000 0.000000 -1.000000
vn 0.000000 0.000000 -1.000000
vn 0.000000 0.000000 -1.000000
vn 0.000000 0.000000 -1.000000
vn 0.000000 0.000000 -1.000000
vn 0.000000 0.000000 -1.000000
vn 0.000000 0.000000 -1.000000
vn 0.000000 0.000000 -1.000000
vn 0.000000 0.000000 -1.000000
vn 0.000000 0.000000 -1.000000
vn 0.000000 0.000000 -1.000000
vn 0.000000 0.000000 -1.000000
vn 0.000000 0.000000 -1.000000
vn 0.000000 0.000000 -1.000000
vn 0.000000 0.000000 -1.000000
vn 0.000000 0.000000 -1.000000
vn 0.000000 0.000000 -1.000000
vn 0.000000 0.000000 -1.000000
vn 0.000000 0.000000 -1.000000
vn 0.000000 0.000000 -1.000000
vn 0.000000 0.000000 -1.000000
vn 0.000000 0.000000 -1.000000
vn 0.000000 0.000000 -1.000000
vn 0.000000 0.000000 -1.000000
vn 0.000000 0.000000 -1.000000
vn 0.000000 0.000000 -1.000000
vn 0.000000 0.000000 -1.000000
vn 0.000000 0.000000 -1.000000
vn 0.000000 0.000000 -1.000000
vn 0.000000 0.000000 -1.000000
vn 0.000000 0.000000 -1.000000
vn 0.000000 0.000000 -1.000000
vn 0.000000 0.000000 -1.000000
vn 0.000000 0.000000 -1.000000
vn 0.000000 0.000000 -1.000000
vn 0.000000 0.000000 -1.000000
vn 0.000000 0.000000 -1.000000
vn 0.000000 0.000000 -1.000000
vn 0.000000 0.000000 -1.000000
vn 0.000000 0.000000 -1.000000
vn 0.000000 0.000000 -1.000000
vn 0.000000 0.000000 -1.000000
vn 0.000000 0.000000 -1.000000
vn 0.000000 0.000000 -1.000000
vn 0.000000 0.000000 -1.000000
vn 0.000000 0.000000 -1.000000
vn 0.000000 0.000000 -1.000000
vn 0.000000 0.000000 -1.000000
vn 0.000000 0.000000 -1.000000
vn 0.000000 0.000000 -1.000000
vn 0.000000 0.000000 -1.000000
vn 0.000000 0.000000 -1.000000
vn 0.000000 0.000000 -1.000000
vn 0.000000 0.000000 -1.000000
vn 0.000000 0.000000 -1.000000
vn 0.000000 0.000000 -1.000000
vn 0.000000 0.000000 -1.000000
vn 0.000000 0.000000 -1.000000
vn 0.000000 0.000000 -1.000000
vn 0.000000 0.000000 -1.000000
vn 0.000000 0.000000 -1.000000
vn 0.000000 0.000000 -1.000000
vn 0.000000 0.000000 -1.000000
vn 0.000000 0.000000 -1.000000
vn 0.000000 0.000000 -1.000000
vn 0.000000 0.000000 -1.000000
vn 0.000000 0.000000 -1.000000
vn 0.000000 0.000000 -1.000000
vn 0.000000 0.000000 -1.000000
vn 0.000000 0.000000 -1.000000
vn 0.000000 0.000000 -1.000000
vn 0.000000 0.000000 -1.000000
vn 0.000000 0.000000 -1.000000
vn 0.000000 0.000000 -1.000000
vn 0.000000 0.000000 -1.000000
vn 0.000000 0.000000 -1.000000
vn 0.000000 0.000000 -1.000000
vn 0.000000 0.000000 -1.000000
vn 0.000000 0.000000 -1.000000
vn 0.000000 0.000000 -1.000000
vn 0.000000 0.000000 -1.000000
vn 0.000000 0.000000 -1.000000
vn 0.000000 0.000000 -1.000000
vn 0.000000 0.000000 -1.000000
vn 0.000000 0.000000 -1.000000
vn 0.000000 0.000000 -1.000000
vn 0.000000 0.000000 -1.000000
vn 0.000000 0.000000 -1.000000
vn 0.000000 0.000000 -1.000000
vn 0.000000 0.000000 -1.000000
vn 0.000000 0.000000 -1.000000
vn -0.000000 0.000000 -1.000000
vn 0.000000 0.000000 -1.000000
vn -0.000000 0.000000 -1.000000
vn -0.000000 0.000000 -1.000000
vn 0.000000 0.000000 -1.000000
vn 0.000000 0.000000 -1.000000
vn 0.000000 0.000000 -1.000000
vn 0.000000 0.000000 -1.000000
vn 0.000000 0.000000 -1.000000
vn 0.000000 0.000000 -1.000000
vn 0.000000 0.000000 -1.000000
vn 0.000000 0.000000 -1.000000
vn 0.000000 0.000000 -1.000000
vn 0.000000 0.000000 -1.000000
vn 0.000000 0.000000 -1.000000
vn -0.000000 0.000000 -1.000000
vn -0.000000 0.000000 -1.000000
vn -0.000000 0.000000 -1.000000
vn 0.000000 0.000000 -1.000000
vn 0.000000 0.000000 -1.000000
vn 0.000000 0.000000 -1.000000
vn 0.000000 0.000000 -1.000000
vn 0.000000 0.000000 -1.000000
vn 0.000000 0.000000 -1.000000
vn 0.000000 0.000000 -1.000000
vn 0.000000 0.000000 -1.000000
vn -0.000000 0.000000 -1.000000
vn 0.000000 0.000000 -1.000000
vn -0.000000 0.000000 -1.000000
vn -0.000000 0.000001 -1.000000
vn 0.000000 0.000001 -1.000000
vn 0.000000 0.000000 -1.000000
vn 0.000000 0.000000 -1.000000
vn 0.000000 0.000000 -1.000000
vn 0.000000 0.000000 -1.000000
vn 0.000000 0.000000 -1.000000
vn 0.000000 0.000000 -1.000000
vn 0.000000 0.000000 -1.000000
vn 0.000000 0.000000 -1.000000
vn 0.000000 0.000000 -1.000000
vn 0.000000 0.000000 -1.000000
vn -0.000000 0.000000 -1.000000
vn -0.000000 0.000000 -1.000000
vn -0.000000 0.000001 -1.000000
vn 0.000000 0.000001 -1.000000
vn 0.000000 0.000000 -1.000000
vn 0.000000 0.000000 -1.000000
vn 0.000000 0.000000 -1.000000
vn 0.000000 0.000000 -1.000000
vn 0.000000 0.000000 -1.000000
vn 0.000000 0.000000 -1.000000
vn 0.000000 0.000000 -1.000000
vn -0.000000 0.000000 -1.000000
vn 0.000000 0.000000 -1.000000
vn -0.000000 0.000000 -1.000000
vn 0.000000 1.000000 0.000003
vn 0.000000 1.000000 -0.000002
vn 0.000000 1.000000 -0.000001
vn 0.000000 1.000000 0.000001
vn 0.000000 1.000000 -0.000002
vn 0.000000 1.000000 -0.000001
vn 0.000000 1.000000 0.000005
vn 0.000000 1.000000 0.000004
vn 0.000000 0.000000 -1.000000
vn 0.000000 0.000000 -1.000000
vn 0.000000 0.000000 -1.000000
vn 0.000000 0.000000 -1.000000
vn 0.000000 0.000000 -1.000000
vn 0.000000 0.000000 -1.000000
vn 0.000000 0.000000 -1.000000
vn 0.000000 0.000000 -1.000000
vn 0.000000 0.000000 -1.000000
vn 0.000000 0.000000 -1.000000
vn -0.000000 0.000000 -1.000000
vn -0.000000 0.000000 -1.000000
vn 0.000000 1.000000 0.000003
vn 0.000000 1.000000 -0.000002
vn 0.000000 1.000000 -0.000002
vn 0.000000 1.000000 0.000001
vn 0.000000 1.000000 -0.000002
vn 0.000000 1.000000 -0.000001
vn 0.000000 1.000000 0.000005
vn 0.000000 1.000000 0.000004
vn 0.000000 0.000000 -1.000000
vn 0.000000 0.000000 -1.000000
vn 0.000000 0.000000 -1.000000
vn 0.000000 0.000000 -1.000000
vn 0.000000 0.000000 -1.000000
vn 0.000000 0.000000 -1.000000
vn 0.000000 0.000000 -1.000000
vn -0.000000 -0.000000 -1.000000
vn 0.000000 0.000000 -1.000000
vn -0.000000 -0.000000 -1.000000
vn 0.000000 1.000000 -0.000001
vn 0.000000 1.000000 0.000002
vn 0.000000 1.000000 0.000001
vn 0.000000 1.000000 -0.000002
vn 0.000000 0.000000 -1.000000
vn 0.000000 0.000000 -1.000000
vn 0.000000 0.000000 -1.000000
vn 0.000000 0.000000 -1.000000
vn 0.000000 0.000000 -1.000000
vn 0.000000 0.000000 -1.000000
vn 0.000000 0.000000 -1.000000
vn 0.000000 0.000000 -1.000000
vn 0.000000 0.000000 -1.000000
vn 0.000000 0.000000 -1.000000
vn -0.000000 -0.000000 -1.000000
vn -0.000000 -0.000000 -1.000000
vn 0.000000 1.000000 -0.000000
vn 0.000000 1.000000 0.000002
vn 0.000000 1.000000 0.000000
vn 0.000000 1.000000 -0.000003
vn 0.000000 0.000000 -1.000000
vn 0.000000 0.000000 -1.000000
vn 0.000000 0.000000 -1.000000
vn 0.000000 0.000000 -1.000000
vn 0.000000 0.000000 -1.000000
vn 0.000000 0.000000 -1.000000
vn 0.000000 0.000000 -1.000000
vn -0.000000 -0.000000 -1.000000
vn 0.000000 0.000000 -1.000000
vn -0.000000 -0.000000 -1.000000
vn 0.000000 1.000000 0.000002
vn 0.000000 1.000000 -0.000002
vn 0.000000 1.000000 0.000001
vn 0.000000 1.000000 -0.000001
vn 0.000000 -0.000000 -1.000000
vn 0.000000 -0.000000 -1.000000
vn 0.000000 0.000000 -1.000000
vn 0.000000 0.000000 -1.000000
vn 0.000000 0.000000 -1.000000
vn 0.000000 0.000000 -1.000000
vn 0.000000 0.000000 -1.000000
vn 0.000000 0.000000 -1.000000
vn 0.000000 0.000000 -1.000000
vn 0.000000 0.000000 -1.000000
vn -0.000000 -0.000000 -1.000000
vn -0.000000 -0.000000 -1.000000
vn 0.000000 1.000000 0.000001
vn 0.000000 1.000000 -0.000002
vn 0.000000 1.000000 -0.000001
vn 0.000000 1.000000 -0.000000
vn 0.000000 -0.000000 -1.000000
vn 0.000000 -0.000000 -1.000000
vn 0.000000 0.000000 -1.000000
vn 0.000000 0.000000 -1.000000
vn 0.000000 0.000000 -1.000000
vn 0.000000 0.000000 -1.000000
vn 0.000000 0.000000 -1.000000
vn -0.000000 -0.000000 -1.000000
vn 0.000000 0.000000 -1.000000
vn -0.000000 -0.000000 -1.000000
vn 0.000000 1.000000 0.000003
vn 0.000000 1.000000 -0.000003
vn 0.000000 1.000000 0.000003
vn 0.000000 1.000000 -0.000003
vn 0.000000 -0.000000 -1.000000
vn 0.000000 -0.000000 -1.000000
vn 0.000000 0.000000 -1.000000
vn 0.000000 0.000000 -1.000000
vn 0.000000 0.000000 -1.000000
vn 0.000000 0.000000 -1.000000
vn 0.000000 0.000000 -1.000000
vn 0.000000 0.000000 -1.000000
vn 0.000000 0.000000 -1.000000
vn 0.000000 0.000000 -1.000000
vn -0.000000 -0.000000 -1.000000
vn -0.000000 -0.000000 -1.000000
vn 0.000000 1.000000 -0.000003
vn 0.000000 1.000000 -0.000003
vn 0.000000 1.000000 -0.000003
vn 0.000000 1.000000 0.000000
vn 0.000000 -0.000000 -1.000000
vn 0.000000 -0.000000 -1.000000
vn 0.000000 0.000000 -1.000000
vn 0.000000 0.000000 -1.000000
vn 0.000000 0.000000 -1.000000
vn 0.000000 0.000000 -1.000000
vn 0.000000 0.000000 -1.000000
vn -0.000000 -0.000000 -1.000000
vn 0.000000 0.000000 -1.000000
vn -0.000000 -0.000000 -1.000000
vn 0.000000 -0.000001 -1.000000
vn 0.000000 -0.000000 -1.000000
vn 0.000000 -0.000001 -1.000000
vn 0.000000 -0.000000 -1.000000
vn 0.000000 -0.000000 -1.000000
vn 0.000000 -0.000000 -1.000000
vn 0.000000 0.000000 -1.000000
vn 0.000000 0.000000 -1.000000
vn 0.000000 0.000000 -1.000000
vn 0.000000 0.000000 -1.000000
vn 0.000000 0.000000 -1.000000
vn 0.000000 0.000000 -1.000000
vn 0.000000 0.000000 -1.000000
vn 0.000000 0.000000 -1.000000
vn -0.000000 -0.000000 -1.000000
vn -0.000000 -0.000000 -1.000000
vn 0.000000 -0.000001 -1.000000
vn 0.000000 -0.000000 -1.000000
vn 0.000000 -0.000001 -1.000000
vn 0.000000 -0.000000 -1.000000
vn 0.000000 -0.000000 -1.000000
vn 0.000000 -0.000000 -1.000000
vn 0.000000 0.000000 -1.000000
vn 0.000000 0.000000 -1.000000
vn 0.000000 0.000000 -1.000000
vn 0.000000 0.000000 -1.000000
vn 0.000000 0.000000 -1.000000
vn 0.000000 0.000000 -1.000000
vn 0.000000 0.000000 -1.000000
vn 0.000000 0.000000 -1.000000
vn 0.000000 0.000000 -1.000000
vn 0.000000 0.000000 -1.000000
vn 0.000000 0.000000 -1.000000
vn 0.000000 0.000000 -1.000000
vn 0.000000 0.000000 -1.000000
vn 0.000000 0.000000 -1.000000
vn 0.000000 0.000000 -1.000000
vn 0.000000 0.000000 -1.000000
vn 0.000000 0.000000 -1.000000
vn 0.000000 0.000000 -1.000000
vn 0.000000 0.000000 -1.000000
vn 0.000000 0.000000 -1.000000
vn 0.000000 0.000000 -1.000000
vn 0.000000 0.000000 -1.000000
vn 0.000000 0.000000 -1.000000
vn 0.000000 0.000000 -1.000000
vn 0.000000 0.000000 -1.000000
vn 0.000000 0.000000 -1.000000
vn 0.000000 0.000000 -1.000000
vn 0.000000 0.000000 -1.000000
vn 0.000000 0.000000 -1.000000
vn 0.000000 0.000000 -1.000000
vn 0.000000 0.000000 -1.000000
vn 0.000000 0.000000 -1.000000
vn 0.000000 0.000000 -1.000000
vn 0.000000 0.000000 -1.000000
vn 0.000000 0.000000 -1.000000
vn 0.000000 0.000000 -1.000000
vn 0.000000 0.000000 -1.000000
vn 0.000000 0.000000 -1.000000
vn 0.000000 0.000000 -1.000000
vn 0.000000 0.000000 -1.000000
vn 0.000000 0.000000 -1.000000
vn 0.000000 0.000000 -1.000000
vn 0.000000 0.000000 -1.000000
vn 0.000000 0.000000 -1.000000
vn 0.000000 0.000000 -1.000000
vn 0.000000 0.000000 -1.000000
vn 0.000000 0.000000 -1.000000
vn 0.000000 0.000000 -1.000000
vn 0.000000 0.000000 -1.000000
vn 0.000000 0.000000 -1.000000
vn 0.000000 0.000000 -1.000000
vn 0.000000 0.000000 -1.000000
vn 0.000000 0.000000 -1.000000
vn 0.000000 0.000000 -1.000000
vn 0.000000 0.000000 -1.000000
vn 0.000000 0.000000 -1.000000
vn 0.000000 0.000000 -1.000000
vn 0.000000 0.000000 -1.000000
vn 0.000000 0.000000 -1.000000
vn 0.000000 0.000000 -1.000000
vn 0.000000 0.000000 -1.000000
vn 0.000000 0.000000 -1.000000
vn 0.000000 0.000000 -1.000000
vn 0.000000 0.000000 -1.000000
vn 0.000000 0.000000 -1.000000
vn 0.000000 0.000000 -1.000000
vn 0.000000 0.000000 -1.000000
vn 0.000000 0.000000 -1.000000
vn 0.000000 0.000000 -1.000000
vn 0.000000 0.000000 -1.000000
vn 0.000000 0.000000 -1.000000
vn 0.000000 0.000000 -1.000000
vn 0.000000 0.000000 -1.000000
vn 0.000000 0.000000 -1.000000
vn 0.000000 0.000000 -1.000000
vn 0.000000 0.000000 -1.000000
vn 0.000000 0.000000 -1.000000
vn 0.000000 0.000000 -1.000000
vn 0.000000 0.000000 -1.000000
vn 0.000000 0.000000 -1.000000
vn 0.000000 0.000000 -1.000000
vn 0.000000 0.000000 -1.000000
vn 0.000000 0.000000 -1.000000
vn 0.000000 0.000000 -1.000000
vn 0.000000 0.000000 -1.000000
vn 0.000000 0.000000 -1.000000
vn 0.000000 0.000000 -1.000000
vn 0.000000 0.000000 -1.000000
vn 0.000000 0.000000 -1.000000
vn 0.000000 0.000000 -1.000000
vn 0.000000 0.000000 -1.000000
vn 0.000000 0.000000 -1.000000
vn 0.000000 0.000000 -1.000000
vn 0.000000 0.000000 -1.000000
vn 0.000000 0.000000 -1.000000
vn 0.000000 0.000000 -1.000000
vn 0.000000 0.000000 -1.000000
vn 0.000000 0.000000 -1.000000
vn 0.000000 0.000000 -1.000000
vn 0.000000 0.000000 -1.000000
vn 0.000000 0.000000 -1.000000
vn 0.000000 0.000000 -1.000000
vn 0.000000 0.000000 -1.000000
vn 0.000000 0.000000 -1.000000
vn 0.000000 0.000000 -1.000000
vn 0.000000 0.000000 -1.000000
vn 0.000000 0.000000 -1.000000
vn 0.000000 0.000000 -1.000000
vn 0.000000 0.000000 -1.000000
vn 0.000000 0.000000 -1.000000
vn 0.000000 0.000000 -1.000000
vn 0.000000 0.000000 -1.000000
vn 0.000000 0.000000 -1.000000
vn 0.000000 0.000000 -1.000000
vn 0.000000 0.000000 -1.000000
vn 0.000000 0.000000 -1.000000
vn 0.000000 0.000000 -1.000000
vn 0.000000 0.000000 -1.000000
vn 0.000000 0.000000 -1.000000
vn 0.000000 0.000000 -1.000000
vn 0.000000 0.000000 -1.000000
vn 0.000000 0.000000 -1.000000
vn 0.000000 0.000000 -1.000000
vn 0.000000 0.000000 -1.000000
vn 0.000000 0.000000 -1.000000
vn 0.000000 0.000000 -1.000000
vn 0.000000 0.000000 -1.000000
vn 0.000000 0.000000 -1.000000
vn 0.000000 0.000000 -1.000000
vn 0.000000 0.000000 -1.000000
vn 0.000000 0.000000 -1.000000
vn 0.000000 0.000000 -1.000000
vn 0.000000 0.000000 -1.000000
vn 0.000000 0.000000 -1.000000
vn 0.000000 0.000000 -1.000000
vn 0.000000 0.000000 -1.000000
vn 0.000000 0.000000 -1.000000
vn 0.000000 0.000000 -1.000000
vn 0.000000 0.000000 -1.000000
vn 0.000000 0.000000 -1.000000
vn 0.000000 0.000000 -1.000000
vn 0.000000 0.000000 -1.000000
vn 0.000000 0.000000 -1.000000
vn 0.000000 0.000000 -1.000000
vn 0.000000 0.000000 -1.000000
vn 0.000000 0.000000 -1.000000
vn 0.000000 0.000000 -1.000000
vn 0.000000 0.000000 -1.000000
vn 0.000000 0.000000 -1.000000
vn 0.000000 0.000000 -1.000000
vn 0.000000 0.000000 -1.000000
vn 0.000000 0.000000 -1.000000
vn 0.000000 0.000000 -1.000000
vn 0.000000 0.000000 -1.000000
vn 0.000000 0.000000 -1.000000
vn 0.000000 0.000000 -1.000000
vn 0.000000 0.000000 -1.000000
vn 0.000000 0.000000 -1.000000
vn 0.000000 0.000000 -1.000000
vn 0.000000 0.000000 -1.000000
vn 0.000000 0.000000 -1.000000
vn 0.000000 0.000000 -1.000000
vn 0.000000 0.000000 -1.000000
vn 0.000000 0.000000 -1.000000
vn 0.000000 0.000000 -1.000000
vn 0.000000 0.000000 -1.000000
vn 0.000000 0.000000 -1.000000
vn 0.000000 0.000000 -1.000000
vn 0.000000 0.000000 -1.000000
vn 0.000000 0.000000 -1.000000
vn 0.000000 0.000000 -1.000000
vn 0.000000 0.000000 -1.000000
vn 0.000000 0.000000 -1.000000
vn 0.000000 0.000000 -1.000000
vn 0.000000 0.000000 -1.000000
vn 0.000000 0.000000 -1.000000
vn 0.000000 0.000000 -1.000000
vn 0.000000 0.000000 -1.000000
vn 0.000000 0.000000 -1.000000
vn 0.000000 0.000000 -1.000000
vn 0.000000 0.000000 -1.000000
vn 0.000000 0.000000 -1.000000
vn 0.000000 0.000000 -1.000000
vn 0.000000 0.000000 -1.000000
vn 0.000000 0.000000 -1.000000
vn 0.000000 0.000000 -1.000000
vn 0.000000 0.000000 -1.000000
vn 0.000000 0.000000 -1.000000
vn 0.000000 0.000000 -1.000000
vn 0.000000 0.000000 -1.000000
vn 0.000000 0.000000 -1.000000
vn 0.000000 0.000000 -1.000000
vn 0.000000 0.000000 -1.000000
vn 0.000000 0.000000 -1.000000
vn 0.000000 0.000000 -1.000000
vn 0.000000 0.000000 -1.000000
vn 0.000000 0.000000 -1.000000
vn 0.000000 0.000000 -1.000000
vn 0.000000 0.000000 -1.000000
vn 0.000000 0.000000 -1.000000
vn 0.000000 0.000000 -1.000000
vn 0.000000 0.000000 -1.000000
vn 0.000000 0.000000 -1.000000
vn 0.000000 0.000000 -1.000000
vn 0.000000 0.000000 -1.000000
vn 0.000000 0.000000 -1.000000
vn 0.000000 0.000000 -1.000000
vn 0.000000 0.000000 -1.000000
vn 0.000000 0.000000 -1.000000
vn 0.000000 0.000000 -1.000000
vn 0.000000 0.000000 -1.000000
vn 0.000000 0.000000 -1.000000
vn 0.000000 0.000000 -1.000000
vn 0.000000 0.000000 -1.000000
vn 0.000000 0.000000 -1.000000
vn 0.000000 0.000000 -1.000000
vn 0.000000 0.000000 -1.000000
vn 0.000000 0.000000 -1.000000
vn 0.000000 0.000000 -1.000000
vn 0.000000 0.000000 -1.000000
vn 0.000000 0.000000 -1.000000
vn 0.000000 0.000000 -1.000000
vn 0.000000 0.000000 -1.000000
vn 0.000000 0.000000 -1.000000
vn 0.000000 0.000000 -1.000000
vn 0.000000 0.000000 -1.000000
vn 0.000000 0.000000 -1.000000
vn 0.000000 0.000000 -1.000000
vn 0.000000 0.000000 -1.000000
vn 0.000000 0.000000 -1.000000
vn 0.000000 0.000000 -1.000000
vn 0.000000 0.000000 -1.000000
vn 0.000000 0.000000 -1.000000
vn 0.000000 0.000000 -1.000000
vn 0.000000 0.000000 -1.000000
vn 0.000000 0.000000 -1.000000
vn 0.000000 0.000000 -1.000000
vn 0.000000 0.000000 -1.000000
vn 0.000000 0.000000 -1.000000
vn 0.000000 0.000000 -1.000000
vn 0.000000 0.000000 -1.000000
vn 0.000000 0.000000 -1.000000
vn 0.000000 0.000000 -1.000000
vn 0.000000 0.000000 -1.000000
vn 0.000000 0.000000 -1.000000
vn 0.000000 0.000000 -1.000000
vn 0.000000 0.000000 -1.000000
vn 0.000000 0.000000 -1.000000
vn 0.000000 0.000000 -1.000000
vn 0.000000 0.000000 -1.000000
vn 0.000000 0.000000 -1.000000
vn 0.000000 0.000000 -1.000000
vn 0.000000 0.000000 -1.000000
vn 0.000000 0.000000 -1.000000
vn 0.000000 0.000000 -1.000000
vn 0.000000 0.000000 -1.000000
vn 0.000000 0.000000 -1.000000
vn 0.000000 0.000000 -1.000000
vn 0.000000 0.000000 -1.000000
vn 0.000000 0.000000 -1.000000
vn 0.000000 0.000000 -1.000000
vn 0.000000 0.000000 -1.000000
vn 0.000000 0.000000 -1.000000
vn 0.000000 0.000000 -1.000000
vn 0.000000 0.000000 -1.000000
vn 0.000000 0.000000 -1.000000
vn 0.000000 0.000000 -1.000000
vn 0.000000 0.000000 -1.000000
vn 0.000000 0.000000 -1.000000
vn 0.000000 0.000000 -1.000000
vn 0.000000 0.000000 -1.000000
vn 0.000000 0.000000 -1.000000
vn 0.000000 0.000000 -1.000000
vn 0.000000 0.000000 -1.000000
vn 0.000000 0.000000 -1.000000
vn 0.000000 0.000000 -1.000000
vn 0.000000 0.000000 -1.000000
vn 0.000000 0.000000 -1.000000
vn 0.000000 0.000000 -1.000000
vn 0.000000 0.000000 -1.000000
vn 0.000000 0.000000 -1.000000
vn 0.000000 0.000000 -1.000000
vn 0.000000 0.000000 -1.000000
vn 0.000000 0.000000 -1.000000
vn 0.000000 0.000000 -1.000000
vn 0.000000 0.000000 -1.000000
vn 0.000000 0.000000 -1.000000
vn 0.000000 0.000000 -1.000000
vn 0.000000 0.000000 -1.000000
vn 0.000000 0.000000 -1.000000
vn 0.000000 0.000000 -1.000000
vn 0.000000 0.000000 -1.000000
vn 0.000000 0.000000 -1.000000
vn 0.000000 0.000000 -1.000000
vn 0.000000 0.000000 -1.000000
vn 0.000000 0.000000 -1.000000
vn 0.000000 0.000000 -1.000000
vn 0.000000 0.000000 -1.000000
vn 0.000000 0.000000 -1.000000
vn 0.000000 0.000000 -1.000000
vn 0.000000 0.000000 -1.000000
vn 0.000000 0.000000 -1.000000
vn 0.000000 0.000000 -1.000000
vn 0.000000 0.000000 -1.000000
vn 0.000000 0.000000 -1.000000
vn 0.000000 0.000000 -1.000000
vn 0.000000 0.000000 -1.000000
vn 0.000000 0.000000 -1.000000
vn 0.000000 0.000000 -1.000000
vn 0.000000 0.000000 -1.000000
vn 0.000000 0.000000 -1.000000
vn 0.000000 0.000000 -1.000000
vn 0.000000 0.000000 -1.000000
vn 0.000000 0.000000 -1.000000
vn 0.000000 0.000000 -1.000000
vn 0.000000 0.000000 -1.000000
vn 0.000000 0.000000 -1.000000
vn 0.000000 0.000000 -1.000000
vn 0.000000 0.000000 -1.000000
vn 0.000000 0.000000 -1.000000
vn 0.000000 0.000000 -1.000000
vn 0.000000 0.000000 -1.000000
vn 0.000000 0.000000 -1.000000
vn 0.000000 0.000000 -1.000000
vn 0.000000 0.000000 -1.000000
vn 0.000000 0.000000 -1.000000
vn 0.000000 0.000000 -1.000000
vn 0.000000 0.000000 -1.000000
vn 0.000000 0.000000 -1.000000
vn 0.000000 0.000000 -1.000000
vn 0.000000 0.000000 -1.000000
vn 0.000000 0.000000 -1.000000
vn 0.000000 0.000000 -1.000000
vn 0.000000 0.000000 -1.000000
vn 0.000000 0.000000 -1.000000
vn 0.000000 0.000000 -1.000000
vn 0.000000 0.000000 -1.000000
vn 0.000000 0.000000 -1.000000
vn 0.000000 0.000000 -1.000000
vn 0.000000 0.000000 -1.000000
vn 0.000000 0.000000 -1.000000
vn 0.000000 0.000000 -1.000000
vn 0.000000 0.000000 -1.000000
vn 0.000000 0.000000 -1.000000
vn 0.000000 0.000000 -1.000000
vn 0.000000 0.000000 -1.000000
vn 0.000000 0.000000 -1.000000
vn 0.000000 0.000000 -1.000000
vn 0.000000 0.000000 -1.000000
vn 0.000000 0.000000 -1.000000
vn 0.000000 0.000000 -1.000000
vn 0.000000 0.000000 -1.000000
vn 0.000000 0.000000 -1.000000
vn 0.000000 0.000000 -1.000000
vn 0.000000 0.000000 -1.000000
vn 0.000000 0.000000 -1.000000
vn 0.000000 0.000000 -1.000000
vn 0.000000 0.000000 -1.000000
vn 0.000000 0.000000 -1.000000
vn 0.000000 0.000000 -1.000000
vn 0.000000 0.000000 -1.000000
vn 0.000000 0.000000 -1.000000
vn 0.000000 0.000000 -1.000000
vn 0.000000 0.000000 -1.000000
vn 0.000000 0.000000 -1.000000
vn 0.000000 0.000000 -1.000000
vn 0.000000 0.000000 -1.000000
vn 0.000000 0.000000 -1.000000
vn 0.000000 0.000000 -1.000000
vn 0.000000 0.000000 -1.000000
vn 0.000000 0.000000 -1.000000
vn 0.000000 0.000000 -1.000000
vn 0.000000 0.000000 -1.000000
vn 0.000000 0.000000 -1.000000
vn 0.000000 0.000000 -1.000000
vn 0.000000 0.000000 -1.000000
vn 0.000000 0.000000 -1.000000
vn 0.000000 0.000000 -1.000000
vn 0.000000 0.000000 -1.000000
vn 0.000000 0.000000 -1.000000
vn 0.000000 0.000000 -1.000000
vn 0.000000 0.000000 -1.000000
vn 0.000000 0.000000 -1.000000
vn 0.000000 0.000000 -1.000000
vn 0.000000 0.000000 -1.000000
vn 0.000000 -1.000000 0.000001
vn -0.000000 -1.000000 0.000001
vn -0.000000 -1.000000 0.000001
vn 0.000000 -1.000000 0.000001
vn -0.000000 -1.000000 0.000000
vn -0.000000 -1.000000 0.000000
vn 0.000000 -1.000000 0.000000
vn 0.000000 -1.000000 0.000000
vn 0.000000 -1.000000 0.000000
vn 0.000000 -1.000000 0.000000
vn 0.000000 -1.000000 0.000000
vn 0.000000 -1.000000 0.000000
vn 0.000000 -1.000000 0.000000
vn 0.000000 -1.000000 0.000000
vn 0.000000 -1.000000 0.000000
vn 0.000000 -1.000000 0.000000
vn 0.000000 -1.000000 0.000000
vn 0.000000 -1.000000 0.000000
vn 0.000000 -1.000000 0.000001
vn 0.000000 -1.000000 0.000001
vn -0.000000 -1.000000 0.000000
vn -0.000000 -1.000000 0.000000
vn 0.000000 -1.000000 -0.000000
vn 0.000000 -1.000000 -0.000000
vn 0.000000 -1.000000 -0.000000
vn 0.000000 -1.000000 -0.000000
vn -0.000000 -1.000000 0.000000
vn -0.000000 -1.000000 0.000000
vn -0.000000 -1.000000 0.000001
vn -0.000000 -1.000000 0.000001
vn 0.000000 -1.000000 0.000000
vn 0.000000 -1.000000 0.000000
vn 0.000000 -1.000000 0.000000
vn 0.000000 -1.000000 0.000000
vn 0.000000 -1.000000 0.000000
vn 0.000000 -1.000000 0.000000
vn 0.000000 -1.000000 0.000000
vn 0.000000 -1.000000 0.000000
vn 0.000000 -1.000000 0.000000
vn 0.000000 -1.000000 0.000000
vn 0.000000 -1.000000 0.000000
vn 0.000000 -1.000000 0.000000
vn 0.000000 -1.000000 -0.000000
vn 0.000000 -1.000000 -0.000000
vn 0.000000 -1.000000 -0.000001
vn 0.000000 -1.000000 -0.000001
vn -0.000000 -1.000000 -0.000001
vn -0.000000 -1.000000 -0.000001
vn 1.000000 0.000000 0.000000
vn 1.000000 0.000000 0.000000
vn 1.000000 0.000002 -0.000000
vn 1.000000 0.000002 -0.000000
vn 1.000000 0.000002 -0.000001
vn 1.000000 0.000002 -0.000001
vn 1.000000 -0.000002 -0.000001
vn 1.000000 -0.000002 -0.000001
vn 1.000000 -0.000002 -0.000000
vn 1.000000 -0.000002 -0.000000
vn 1.000000 0.000000 0.000000
vn 1.000000 0.000000 0.000000
vn 1.000000 0.000000 0.000000
vn 1.000000 0.000000 0.000000
vn 1.000000 0.000000 0.000000
vn 1.000000 0.000000 0.000000
vn 1.000000 0.000002 0.000000
vn 1.000000 0.000002 0.000000
vn 1.000000 0.000002 0.000001
vn 1.000000 0.000002 0.000001
vn 1.000000 0.000000 0.000000
vn 1.000000 0.000000 0.000000
vn 1.000000 -0.000002 0.000000
vn 1.000000 -0.000002 0.000000
vn 1.000000 -0.000002 0.000000
vn 1.000000 -0.000002 0.000000
vn 1.000000 0.000002 0.000000
vn 1.000000 0.000002 0.000000
vn 1.000000 0.000002 0.000000
vn 1.000000 0.000002 0.000000
vn 1.000000 -0.000002 -0.000000
vn 1.000000 -0.000002 -0.000000
vn 1.000000 -0.000002 -0.000000
vn 1.000000 -0.000002 -0.000000
vn 1.000000 0.000000 0.000000
vn 1.000000 0.000000 0.000000
vn 1.000000 0.000000 0.000000
vn 1.000000 0.000000 0.000000
vn 1.000000 0.000000 0.000000
vn 1.000000 0.000000 0.000000
vn 1.000000 0.000002 0.000000
vn 1.000000 0.000002 0.000000
vn 1.000000 0.000002 0.000001
vn 1.000000 0.000002 0.000001
vn 1.000000 0.000000 0.000000
vn 1.000000 0.000000 0.000000
vn 1.000000 -0.000002 0.000000
vn 1.000000 -0.000002 0.000000
vn 1.000000 -0.000002 0.000000
vn 1.000000 -0.000002 0.000000
vn 1.000000 0.000002 -0.000000
vn 1.000000 0.000002 -0.000000
vn 1.000000 0.000003 -0.000001
vn 1.000000 0.000003 -0.000001
vn -1.000000 0.000002 0.000000
vn -1.000000 0.000002 0.000000
vn -1.000000 0.000002 0.000000
vn -1.000000 0.000002 0.000000
vn -1.000000 0.000000 0.000000
vn -1.000000 0.000000 0.000000
vn -1.000000 0.000000 0.000000
vn -1.000000 0.000000 0.000000
vn -1.000000 0.000000 0.000000
vn -1.000000 0.000000 0.000000
vn -1.000000 0.000000 0.000000
vn -1.000000 0.000000 0.000000
vn -1.000000 0.000000 0.000000
vn -1.000000 0.000000 0.000000
vn -1.000000 0.000000 0.000000
vn -1.000000 0.000000 0.000000
vn -1.000000 0.000000 0.000000
vn -1.000000 0.000000 0.000000
vn -1.000000 0.000000 0.000000
vn -1.000000 0.000000 0.000000
vn -1.000000 0.000000 0.000000
vn -1.000000 0.000000 0.000000
vn -1.000000 0.000000 0.000000
vn -1.000000 0.000000 0.000000
vn -1.000000 0.000000 0.000000
vn -1.000000 0.000000 0.000000
vn -1.000000 0.000000 0.000000
vn -1.000000 0.000000 0.000000
vn -1.000000 0.000000 0.000000
vn -1.000000 0.000000 0.000000
vn -1.000000 0.000000 0.000000
vn -1.000000 0.000000 0.000000
vn -1.000000 0.000000 0.000000
vn -1.000000 0.000000 0.000000
vn -1.000000 0.000000 0.000000
vn -1.000000 0.000000 0.000000
vn -1.000000 0.000000 0.000000
vn -1.000000 0.000000 0.000000
vn -1.000000 0.000000 0.000000
vn -1.000000 0.000000 0.000000
vn -1.000000 0.000000 0.000000
vn -1.000000 0.000000 0.000000
vn -1.000000 0.000000 0.000000
vn -1.000000 0.000000 0.000000
vn -1.000000 0.000000 0.000000
vn -1.000000 0.000000 0.000000
vn -1.000000 0.000000 0.000000
vn -1.000000 0.000000 0.000000
vn -1.000000 0.000000 0.000000
vn -1.000000 0.000000 0.000000
vn -1.000000 0.000000 0.000000
vn -1.000000 0.000000 0.000000
vn -1.000000 -0.000002 0.000000
vn -1.000000 -0.000002 0.000000
vn -1.000000 -0.000002 0.000000
vn -1.000000 -0.000002 0.000000
vn -1.000000 0.000000 0.000000
vn -1.000000 0.000000 0.000000
vn -1.000000 0.000000 0.000000
vn -1.000000 0.000000 0.000000
vn -1.000000 0.000000 0.000000
vn -1.000000 0.000000 0.000000
vn -1.000000 0.000000 0.000000
vn -1.000000 0.000000 0.000000
vn -1.000000 0.000000 0.000000
vn -1.000000 0.000000 0.000000
vn -1.000000 0.000000 0.000000
vn -1.000000 0.000000 0.000000
vn -1.000000 0.000000 0.000000
vn -1.000000 0.000000 0.000000
vn -1.000000 0.000000 0.000000
vn -1.000000 0.000000 0.000000
vn -1.000000 0.000000 0.000000
vn -1.000000 0.000000 0.000000
vn -1.000000 0.000000 0.000000
vn -1.000000 0.000000 0.000000
vn -1.000000 0.000000 0.000000
vn -1.000000 0.000000 0.000000
vn -1.000000 0.000000 0.000000
vn -1.000000 0.000000 0.000000
vn -1.000000 0.000000 0.000000
vn -1.000000 0.000000 0.000000
vn -1.000000 0.000000 0.000000
vn -1.000000 0.000000 0.000000
vn -1.000000 0.000000 0.000000
vn -1.000000 0.000000 0.000000
vn -1.000000 0.000000 0.000000
vn -1.000000 0.000000 0.000000
vn -1.000000 0.000000 0.000000
vn -1.000000 0.000000 0.000000
vn -1.000000 0.000000 0.000000
vn -1.000000 0.000000 0.000000
vn -1.000000 0.000000 0.000000
vn -1.000000 0.000000 0.000000
vn -1.000000 0.000000 0.000000
vn -1.000000 0.000000 0.000000
vn -1.000000 0.000000 0.000000
vn -1.000000 0.000000 0.000000
vn -1.000000 0.000000 0.000000
vn -1.000000 0.000000 0.000000
vn -1.000000 0.000002 0.000000
vn -1.000000 0.000002 0.000000
vn -1.000000 0.000002 0.000000
vn -1.000000 0.000002 0.000000
vn 0.229841 0.736696 0.635965
vn 0.229841 0.736696 0.635965
vn 0.229841 0.736696 0.635965
vn 0.229841 0.736696 0.635965
vn 0.774125 0.583773 0.244827
vn 0.774125 0.583773 0.244827
vn 0.774125 0.583773 0.244827
vn 0.774125 0.583773 0.244827
vn -0.211201 0.665212 0.716162
vn -0.211201 0.665211 0.716162
vn -0.211201 0.665211 0.716162
vn -0.211201 0.665212 0.716162
vn -0.628537 0.468886 0.620554
vn -0.628537 0.468886 0.620554
vn -0.628537 0.468886 0.620554
vn -0.628537 0.468886 0.620554
vn 0.937370 0.002485 -0.348327
vn 0.937370 0.002485 -0.348327
vn 0.937370 0.002485 -0.348327
vn 0.937370 0.002485 -0.348327
vn -0.956968 -0.002539 0.290181
vn -0.956968 -0.002539 0.290181
vn -0.956968 -0.002539 0.290181
vn -0.956968 -0.002539 0.290181
vn 0.247774 -0.780404 -0.574089
vn 0.247774 -0.780403 -0.574089
vn 0.247774 -0.780404 -0.574089
vn 0.247774 -0.780404 -0.574089
vn 0.654295 -0.488099 -0.577631
vn 0.654295 -0.488099 -0.577631
vn 0.654295 -0.488099 -0.577631
vn 0.654295 -0.488099 -0.577631
vn -0.787567 -0.593904 -0.164363
vn -0.787568 -0.593904 -0.164363
vn -0.787567 -0.593904 -0.164363
vn -0.787567 -0.593904 -0.164363
vn -0.266620 -0.854576 -0.445661
vn -0.266620 -0.854576 -0.445661
vn -0.266620 -0.854576 -0.445661
vn -0.266620 -0.854576 -0.445661
vn 0.225067 0.721395 0.654930
vn 0.225067 0.721395 0.654930
vn 0.225067 0.721395 0.654930
vn 0.225067 0.721395 0.654930
vn 0.749625 0.565296 0.344244
vn 0.749625 0.565296 0.344244
vn 0.749625 0.565296 0.344244
vn 0.749625 0.565296 0.344244
vn -0.215819 0.679756 0.700967
vn -0.215819 0.679756 0.700967
vn -0.215819 0.679756 0.700967
vn -0.215819 0.679756 0.700967
vn -0.663808 0.495198 0.560480
vn -0.663808 0.495198 0.560480
vn -0.663808 0.495198 0.560480
vn -0.663808 0.495198 0.560480
vn 0.974842 0.002587 -0.222883
vn 0.974842 0.002587 -0.222883
vn 0.974842 0.002587 -0.222883
vn 0.974842 0.002587 -0.222883
vn -0.987396 -0.002619 0.158248
vn -0.987396 -0.002619 0.158248
vn -0.987396 -0.002619 0.158248
vn -0.987396 -0.002619 0.158248
vn 0.252807 -0.796254 -0.549608
vn 0.252807 -0.796254 -0.549608
vn 0.252807 -0.796254 -0.549608
vn 0.252807 -0.796254 -0.549608
vn 0.689423 -0.514306 -0.510084
vn 0.689423 -0.514306 -0.510084
vn 0.689423 -0.514306 -0.510084
vn 0.689423 -0.514306 -0.510084
vn -0.768701 -0.579678 -0.270319
vn -0.768701 -0.579678 -0.270319
vn -0.768701 -0.579678 -0.270319
vn -0.768701 -0.579678 -0.270319
vn -0.262020 -0.839829 -0.475429
vn -0.262020 -0.839829 -0.475429
vn -0.262020 -0.839829 -0.475429
vn -0.262020 -0.839829 -0.475429
vn 0.220361 0.706307 0.672734
vn 0.220361 0.706307 0.672734
vn 0.220361 0.706307 0.672734
vn 0.220361 0.706307 0.672734
vn 0.719576 0.542634 0.433312
vn 0.719576 0.542634 0.433312
vn 0.719576 0.542634 0.433312
vn 0.719576 0.542634 0.433312
vn -0.220535 0.694606 0.684753
vn -0.220535 0.694606 0.684753
vn -0.220535 0.694607 0.684753
vn -0.220535 0.694607 0.684753
vn -0.698695 0.521224 0.490052
vn -0.698695 0.521224 0.490052
vn -0.698695 0.521224 0.490052
vn -0.698695 0.521224 0.490052
vn 0.996346 0.002643 -0.085363
vn 0.996346 0.002643 -0.085363
vn 0.996346 0.002643 -0.085363
vn 0.996346 0.002643 -0.085363
vn -0.999847 -0.002653 0.017305
vn -0.999847 -0.002653 0.017305
vn -0.999847 -0.002653 0.017305
vn -0.999847 -0.002653 0.017305
vn 0.257808 -0.812005 -0.523624
vn 0.257808 -0.812005 -0.523624
vn 0.257808 -0.812005 -0.523624
vn 0.257808 -0.812005 -0.523624
vn 0.723043 -0.539386 -0.431592
vn 0.723043 -0.539386 -0.431592
vn 0.723043 -0.539386 -0.431592
vn 0.723043 -0.539386 -0.431592
vn -0.742615 -0.560006 -0.367309
vn -0.742615 -0.560006 -0.367309
vn -0.742615 -0.560006 -0.367309
vn -0.742615 -0.560006 -0.367309
vn -0.257300 -0.824702 -0.503650
vn -0.257300 -0.824702 -0.503650
vn -0.257300 -0.824702 -0.503650
vn -0.257300 -0.824702 -0.503650
vn 0.229301 0.693262 0.683234
vn 0.229301 0.693262 0.683234
vn 0.229301 0.693262 0.683234
vn 0.229301 0.693262 0.683234
vn 0.708173 0.514712 0.483283
vn 0.708173 0.514712 0.483283
vn 0.708173 0.514712 0.483283
vn 0.708173 0.514712 0.483283
vn -0.211356 0.707169 0.674715
vn -0.211356 0.707169 0.674715
vn -0.211356 0.707169 0.674715
vn -0.211356 0.707169 0.674715
vn -0.709739 0.549180 0.441216
vn -0.709739 0.549180 0.441216
vn -0.709739 0.549180 0.441216
vn -0.709739 0.549180 0.441216
vn 0.999856 -0.015364 0.007203
vn 0.999856 -0.015364 0.007203
vn 0.999856 -0.015364 0.007203
vn 0.999856 -0.015364 0.007203
vn -0.997046 0.015320 -0.075261
vn -0.997046 0.015320 -0.075261
vn -0.997046 0.015320 -0.075261
vn -0.997046 0.015320 -0.075261
vn 0.247183 -0.827038 -0.504886
vn 0.247183 -0.827038 -0.504886
vn 0.247183 -0.827038 -0.504886
vn 0.247183 -0.827038 -0.504885
vn 0.734160 -0.568075 -0.371888
vn 0.734160 -0.568075 -0.371888
vn 0.734160 -0.568075 -0.371888
vn 0.734160 -0.568075 -0.371888
vn -0.731123 -0.531393 -0.427879
vn -0.731123 -0.531393 -0.427879
vn -0.731123 -0.531393 -0.427879
vn -0.731123 -0.531393 -0.427879
vn -0.267627 -0.809131 -0.523146
vn -0.267628 -0.809131 -0.523146
vn -0.267628 -0.809131 -0.523146
vn -0.267628 -0.809131 -0.523146
vn 0.212316 0.680522 0.701293
vn 0.212316 0.680522 0.701293
vn 0.212316 0.680522 0.701293
vn 0.212316 0.680522 0.701293
vn 0.660072 0.497762 0.562617
vn 0.660072 0.497762 0.562617
vn 0.660072 0.497762 0.562617
vn 0.660072 0.497762 0.562617
vn -0.228993 0.721249 0.653729
vn -0.228993 0.721249 0.653729
vn -0.228993 0.721249 0.653729
vn -0.228993 0.721249 0.653729
vn -0.753757 0.562303 0.340097
vn -0.753757 0.562303 0.340097
vn -0.753757 0.562303 0.340097
vn -0.753757 0.562303 0.340097
vn 0.986734 0.002619 0.162323
vn 0.986734 0.002619 0.162323
vn 0.986734 0.002619 0.162323
vn 0.986734 0.002619 0.162323
vn -0.973937 -0.002585 -0.226804
vn -0.973937 -0.002585 -0.226804
vn -0.973937 -0.002585 -0.226804
vn -0.973937 -0.002585 -0.226804
vn 0.266389 -0.839032 -0.474407
vn 0.266389 -0.839032 -0.474407
vn 0.266389 -0.839032 -0.474407
vn 0.266389 -0.839032 -0.474407
vn 0.772268 -0.576109 -0.267770
vn 0.772268 -0.576109 -0.267770
vn 0.772268 -0.576109 -0.267770
vn 0.772268 -0.576109 -0.267770
vn -0.686254 -0.517506 -0.511119
vn -0.686254 -0.517506 -0.511119
vn -0.686254 -0.517506 -0.511119
vn -0.686254 -0.517506 -0.511119
vn -0.248860 -0.797649 -0.549386
vn -0.248860 -0.797649 -0.549386
vn -0.248860 -0.797649 -0.549386
vn -0.248859 -0.797649 -0.549386
vn 0.207843 0.666188 0.716237
vn 0.207843 0.666188 0.716237
vn 0.207843 0.666188 0.716237
vn 0.207843 0.666188 0.716237
vn 0.625083 0.471376 0.622154
vn 0.625083 0.471376 0.622154
vn 0.625083 0.471376 0.622154
vn 0.625083 0.471376 0.622154
vn -0.233925 0.736786 0.634370
vn -0.233925 0.736786 0.634370
vn -0.233925 0.736786 0.634370
vn -0.233925 0.736786 0.634370
vn -0.778140 0.580487 0.239860
vn -0.778140 0.580487 0.239860
vn -0.778140 0.580487 0.239860
vn -0.778140 0.580487 0.239860
vn 0.955837 0.002538 0.293885
vn 0.955837 0.002538 0.293885
vn 0.955837 0.002538 0.293885
vn 0.955837 0.002538 0.293885
vn -0.936072 -0.002480 -0.351799
vn -0.936072 -0.002480 -0.351799
vn -0.936072 -0.002480 -0.351799
vn -0.936072 -0.002480 -0.351799
vn 0.271132 -0.853972 -0.444094
vn 0.271132 -0.853972 -0.444094
vn 0.271132 -0.853972 -0.444094
vn 0.271132 -0.853972 -0.444094
vn 0.791056 -0.590124 -0.161194
vn 0.791056 -0.590124 -0.161194
vn 0.791056 -0.590124 -0.161194
vn 0.791056 -0.590124 -0.161194
vn -0.651388 -0.491213 -0.578277
vn -0.651388 -0.491213 -0.578277
vn -0.651388 -0.491213 -0.578277
vn -0.651388 -0.491213 -0.578277
vn -0.243984 -0.782025 -0.573506
vn -0.243984 -0.782025 -0.573506
vn -0.243984 -0.782025 -0.573506
vn -0.243984 -0.782025 -0.573506
vn 0.289249 0.916147 0.277508
vn 0.289249 0.916147 0.277508
vn 0.289249 0.916147 0.277508
vn 0.289249 0.916147 0.277508
vn 0.797592 0.597071 -0.085750
vn 0.797592 0.597071 -0.085750
vn 0.797592 0.597071 -0.085750
vn 0.797592 0.597071 -0.085750
vn -0.268499 0.855763 0.442243
vn -0.268499 0.855763 0.442243
vn -0.268499 0.855763 0.442243
vn -0.268499 0.855763 0.442243
vn -0.726847 0.546223 0.416335
vn -0.726847 0.546223 0.416335
vn -0.726847 0.546223 0.416335
vn -0.726847 0.546223 0.416335
vn 0.936655 -0.000890 -0.350252
vn 0.936655 -0.000890 -0.350252
vn 0.936655 -0.000890 -0.350252
vn 0.936655 -0.000890 -0.350252
vn -0.956347 0.000908 0.292233
vn -0.956347 0.000908 0.292233
vn -0.956347 0.000908 0.292233
vn -0.956347 0.000908 0.292233
vn 0.295264 -0.941071 -0.164937
vn 0.295264 -0.941071 -0.164937
vn 0.295264 -0.941071 -0.164937
vn 0.295264 -0.941071 -0.164937
vn 0.749090 -0.562933 -0.349243
vn 0.749090 -0.562933 -0.349243
vn 0.749090 -0.562933 -0.349244
vn 0.749090 -0.562933 -0.349244
vn -0.789151 -0.590756 0.168070
vn -0.789151 -0.590756 0.168070
vn -0.789151 -0.590756 0.168070
vn -0.789151 -0.590756 0.168070
vn -0.300876 -0.952964 0.036514
vn -0.300876 -0.952964 0.036514
vn -0.300876 -0.952964 0.036514
vn -0.300876 -0.952964 0.036514
vn 0.285747 0.905055 0.314997
vn 0.285747 0.905055 0.314997
vn 0.285747 0.905055 0.314997
vn 0.285747 0.905055 0.314997
vn 0.800218 0.599038 0.028365
vn 0.800218 0.599038 0.028365
vn 0.800218 0.599038 0.028365
vn 0.800218 0.599038 0.028365
vn -0.272968 0.870008 0.410580
vn -0.272968 0.870008 0.410579
vn -0.272967 0.870008 0.410579
vn -0.272968 0.870008 0.410580
vn -0.756037 0.568157 0.324971
vn -0.756037 0.568157 0.324971
vn -0.756037 0.568157 0.324971
vn -0.756037 0.568157 0.324971
vn 0.974346 -0.000925 -0.225055
vn 0.974346 -0.000925 -0.225055
vn 0.974346 -0.000925 -0.225055
vn 0.974346 -0.000925 -0.225055
vn -0.987035 0.000937 0.160502
vn -0.987035 0.000937 0.160502
vn -0.987035 0.000937 0.160502
vn -0.987035 0.000937 0.160502
vn 0.297072 -0.946838 -0.123478
vn 0.297072 -0.946838 -0.123478
vn 0.297072 -0.946838 -0.123478
vn 0.297072 -0.946838 -0.123478
vn 0.774000 -0.581654 -0.250206
vn 0.774000 -0.581654 -0.250206
vn 0.774000 -0.581654 -0.250206
vn 0.774000 -0.581654 -0.250206
vn -0.799285 -0.598341 0.055962
vn -0.799285 -0.598341 0.055962
vn -0.799285 -0.598341 0.055962
vn -0.799285 -0.598341 0.055962
vn -0.301068 -0.953580 -0.006503
vn -0.301068 -0.953580 -0.006503
vn -0.301068 -0.953580 -0.006503
vn -0.301068 -0.953580 -0.006503
vn 0.281911 0.892903 0.351071
vn 0.281911 0.892903 0.351071
vn 0.281911 0.892903 0.351071
vn 0.281911 0.892903 0.351071
vn 0.792498 0.593259 0.141388
vn 0.792498 0.593259 0.141388
vn 0.792498 0.593259 0.141388
vn 0.792498 0.593259 0.141388
vn -0.277231 0.883597 0.377359
vn -0.277231 0.883597 0.377359
vn -0.277231 0.883597 0.377359
vn -0.277231 0.883597 0.377359
vn -0.779198 0.585562 0.223531
vn -0.779199 0.585562 0.223531
vn -0.779199 0.585562 0.223531
vn -0.779198 0.585562 0.223531
vn 0.996148 -0.000946 -0.087683
vn 0.996148 -0.000946 -0.087683
vn 0.996148 -0.000946 -0.087683
vn 0.996148 -0.000946 -0.087683
vn -0.999807 0.000950 0.019648
vn -0.999807 0.000950 0.019648
vn -0.999806 0.000950 0.019648
vn -0.999807 0.000950 0.019648
vn 0.298372 -0.950975 -0.081363
vn 0.298372 -0.950975 -0.081363
vn 0.298372 -0.950975 -0.081363
vn 0.298372 -0.950975 -0.081363
vn 0.791249 -0.594619 -0.142666
vn 0.791249 -0.594618 -0.142666
vn 0.791249 -0.594619 -0.142666
vn 0.791249 -0.594619 -0.142666
vn -0.799179 -0.598260 -0.058295
vn -0.799179 -0.598260 -0.058295
vn -0.799179 -0.598260 -0.058295
vn -0.799179 -0.598260 -0.058295
vn -0.300707 -0.952432 -0.049483
vn -0.300707 -0.952432 -0.049483
vn -0.300707 -0.952432 -0.049483
vn -0.300707 -0.952432 -0.049483
vn 0.300186 0.877425 0.374183
vn 0.300186 0.877425 0.374183
vn 0.300186 0.877425 0.374183
vn 0.300186 0.877425 0.374183
vn 0.796117 0.565854 0.214494
vn 0.796117 0.565854 0.214494
vn 0.796117 0.565854 0.214494
vn 0.796117 0.565854 0.214494
vn -0.258435 0.897970 0.356175
vn -0.258435 0.897970 0.356175
vn -0.258435 0.897970 0.356175
vn -0.258435 0.897970 0.356175
vn -0.775215 0.613032 0.152426
vn -0.775215 0.613032 0.152426
vn -0.775215 0.613032 0.152426
vn -0.775215 0.613032 0.152426
vn 0.999569 -0.026168 0.013281
vn 0.999569 -0.026168 0.013281
vn 0.999569 -0.026168 0.013281
vn 0.999569 -0.026168 0.013281
vn -0.996365 0.026086 -0.081095
vn -0.996365 0.026086 -0.081095
vn -0.996365 0.026086 -0.081095
vn -0.996365 0.026086 -0.081095
vn 0.276236 -0.959819 -0.049409
vn 0.276236 -0.959819 -0.049409
vn 0.276236 -0.959819 -0.049409
vn 0.276236 -0.959819 -0.049409
vn 0.783027 -0.619213 -0.058677
vn 0.783027 -0.619213 -0.058677
vn 0.783027 -0.619213 -0.058677
vn 0.783027 -0.619213 -0.058677
vn -0.806620 -0.573318 -0.143773
vn -0.806620 -0.573318 -0.143773
vn -0.806620 -0.573318 -0.143773
vn -0.806620 -0.573318 -0.143773
vn -0.322555 -0.942807 -0.084105
vn -0.322555 -0.942807 -0.084105
vn -0.322555 -0.942807 -0.084105
vn -0.322555 -0.942807 -0.084105
vn 0.274530 0.869525 0.410560
vn 0.274530 0.869525 0.410560
vn 0.274530 0.869525 0.410560
vn 0.274530 0.869525 0.410560
vn 0.757212 0.566843 0.324527
vn 0.757212 0.566843 0.324527
vn 0.757212 0.566843 0.324527
vn 0.757212 0.566843 0.324527
vn -0.284064 0.905377 0.315594
vn -0.284064 0.905377 0.315594
vn -0.284064 0.905377 0.315594
vn -0.284064 0.905377 0.315594
vn -0.799083 0.600506 0.029324
vn -0.799082 0.600506 0.029324
vn -0.799083 0.600506 0.029324
vn -0.799082 0.600506 0.029324
vn 0.987106 -0.000939 0.160064
vn 0.987106 -0.000939 0.160064
vn 0.987106 -0.000939 0.160064
vn 0.987106 -0.000939 0.160064
vn -0.974443 0.000924 -0.224633
vn -0.974443 0.000924 -0.224633
vn -0.974443 0.000924 -0.224633
vn -0.974443 0.000924 -0.224633
vn 0.299358 -0.954117 -0.006739
vn 0.299358 -0.954117 -0.006739
vn 0.299358 -0.954117 -0.006739
vn 0.299358 -0.954117 -0.006739
vn 0.798182 -0.599830 0.055771
vn 0.798182 -0.599830 0.055771
vn 0.798182 -0.599829 0.055771
vn 0.798182 -0.599830 0.055771
vn -0.775031 -0.580182 -0.250431
vn -0.775031 -0.580182 -0.250431
vn -0.775031 -0.580182 -0.250431
vn -0.775031 -0.580182 -0.250431
vn -0.298757 -0.946252 -0.123905
vn -0.298757 -0.946252 -0.123905
vn -0.298757 -0.946252 -0.123905
vn -0.298757 -0.946252 -0.123905
vn 0.270010 0.855206 0.442399
vn 0.270010 0.855206 0.442399
vn 0.270010 0.855206 0.442399
vn 0.270010 0.855206 0.442399
vn 0.727959 0.544951 0.416058
vn 0.727959 0.544951 0.416058
vn 0.727959 0.544951 0.416058
vn 0.727959 0.544951 0.416058
vn -0.287533 0.916434 0.278342
vn -0.287533 0.916434 0.278342
vn -0.287533 0.916434 0.278342
vn -0.287533 0.916434 0.278342
vn -0.796558 0.598608 -0.084645
vn -0.796558 0.598608 -0.084645
vn -0.796558 0.598608 -0.084645
vn -0.796558 0.598608 -0.084645
vn 0.956470 -0.000908 0.291829
vn 0.956470 -0.000908 0.291829
vn 0.956470 -0.000908 0.291829
vn 0.956470 -0.000908 0.291829
vn -0.936795 0.000890 -0.349878
vn -0.936795 0.000890 -0.349878
vn -0.936795 0.000890 -0.349878
vn -0.936795 0.000890 -0.349878
vn 0.299169 -0.953519 0.036036
vn 0.299169 -0.953519 0.036036
vn 0.299169 -0.953519 0.036036
vn 0.299169 -0.953519 0.036036
vn 0.788101 -0.592252 0.167732
vn 0.788101 -0.592252 0.167732
vn 0.788101 -0.592252 0.167732
vn 0.788101 -0.592252 0.167732
vn -0.750031 -0.561472 -0.349575
vn -0.750031 -0.561472 -0.349575
vn -0.750031 -0.561472 -0.349575
vn -0.750031 -0.561472 -0.349575
vn -0.296919 -0.940436 -0.165591
vn -0.296919 -0.940436 -0.165591
vn -0.296919 -0.940436 -0.165591
vn -0.296919 -0.940436 -0.165591
vn 0.298487 0.939830 -0.166209
vn 0.298487 0.939830 -0.166209
vn 0.298487 0.939830 -0.166209
vn 0.298487 0.939830 -0.166209
vn 0.750927 0.560076 -0.349890
vn 0.750927 0.560076 -0.349890
vn 0.750927 0.560076 -0.349890
vn 0.750927 0.560076 -0.349890
vn -0.297553 0.954042 0.035580
vn -0.297553 0.954042 0.035580
vn -0.297553 0.954042 0.035580
vn -0.297553 0.954042 0.035580
vn -0.787098 0.593673 0.167416
vn -0.787098 0.593674 0.167416
vn -0.787098 0.593673 0.167416
vn -0.787098 0.593674 0.167416
vn 0.936924 -0.002580 -0.349523
vn 0.936924 -0.002580 -0.349523
vn 0.936924 -0.002580 -0.349522
vn 0.936924 -0.002580 -0.349523
vn -0.956580 0.002633 0.291457
vn -0.956580 0.002633 0.291457
vn -0.956580 0.002633 0.291457
vn -0.956580 0.002633 0.291457
vn 0.285905 -0.916704 0.279127
vn 0.285905 -0.916704 0.279127
vn 0.285905 -0.916704 0.279127
vn 0.285905 -0.916704 0.279127
vn 0.795573 -0.600063 -0.083600
vn 0.795573 -0.600063 -0.083600
vn 0.795573 -0.600063 -0.083600
vn 0.795573 -0.600063 -0.083600
vn -0.729015 -0.543732 0.415803
vn -0.729015 -0.543732 0.415803
vn -0.729015 -0.543732 0.415803
vn -0.729015 -0.543732 0.415803
vn -0.271441 -0.854674 0.442553
vn -0.271441 -0.854674 0.442553
vn -0.271441 -0.854674 0.442553
vn -0.271441 -0.854674 0.442553
vn 0.300350 0.945694 -0.124309
vn 0.300350 0.945694 -0.124309
vn 0.300350 0.945694 -0.124309
vn 0.300350 0.945694 -0.124309
vn 0.776008 0.578783 -0.250642
vn 0.776008 0.578783 -0.250642
vn 0.776008 0.578783 -0.250642
vn 0.776008 0.578783 -0.250642
vn -0.297736 0.954623 -0.006962
vn -0.297736 0.954623 -0.006962
vn -0.297736 0.954623 -0.006962
vn -0.297736 0.954623 -0.006962
vn -0.797131 0.601241 0.055592
vn -0.797131 0.601242 0.055592
vn -0.797131 0.601242 0.055592
vn -0.797131 0.601242 0.055592
vn 0.974531 -0.002682 -0.224235
vn 0.974532 -0.002682 -0.224235
vn 0.974531 -0.002682 -0.224235
vn 0.974531 -0.002682 -0.224235
vn -0.987170 0.002716 0.159652
vn -0.987170 0.002716 0.159652
vn -0.987170 0.002716 0.159652
vn -0.987170 0.002716 0.159652
vn 0.282470 -0.905681 0.316151
vn 0.282470 -0.905681 0.316151
vn 0.282470 -0.905681 0.316151
vn 0.282470 -0.905681 0.316151
vn 0.798001 -0.601898 0.030227
vn 0.798001 -0.601898 0.030227
vn 0.798001 -0.601898 0.030227
vn 0.798001 -0.601898 0.030227
vn -0.758326 -0.565593 0.324109
vn -0.758326 -0.565593 0.324109
vn -0.758326 -0.565593 0.324109
vn -0.758326 -0.565593 0.324109
vn -0.276010 -0.869064 0.410543
vn -0.276010 -0.869064 0.410543
vn -0.276010 -0.869064 0.410543
vn -0.276010 -0.869064 0.410543
vn 0.301685 0.949898 -0.081733
vn 0.301685 0.949898 -0.081733
vn 0.301685 0.949898 -0.081733
vn 0.301685 0.949898 -0.081733
vn 0.793377 0.591736 -0.142832
vn 0.793377 0.591736 -0.142832
vn 0.793377 0.591736 -0.142832
vn 0.793377 0.591736 -0.142832
vn -0.297377 0.953478 -0.049467
vn -0.297377 0.953478 -0.049467
vn -0.297377 0.953478 -0.049467
vn -0.297377 0.953478 -0.049467
vn -0.797006 0.601146 -0.058355
vn -0.797006 0.601146 -0.058355
vn -0.797006 0.601146 -0.058355
vn -0.797006 0.601146 -0.058355
vn 0.996221 -0.002742 -0.086807
vn 0.996221 -0.002742 -0.086807
vn 0.996221 -0.002742 -0.086807
vn 0.996221 -0.002742 -0.086807
vn -0.999820 0.002753 0.018763
vn -0.999820 0.002753 0.018763
vn -0.999820 0.002753 0.018763
vn -0.999820 0.002753 0.018763
vn 0.278709 -0.893625 0.351788
vn 0.278709 -0.893625 0.351788
vn 0.278709 -0.893625 0.351788
vn 0.278709 -0.893625 0.351788
vn 0.790173 -0.595993 0.142894
vn 0.790173 -0.595993 0.142894
vn 0.790173 -0.595993 0.142894
vn 0.790173 -0.595993 0.142894
vn -0.781540 -0.582905 0.222299
vn -0.781540 -0.582905 0.222299
vn -0.781540 -0.582905 0.222299
vn -0.781540 -0.582905 0.222299
vn -0.280368 -0.882784 0.376943
vn -0.280368 -0.882784 0.376943
vn -0.280368 -0.882784 0.376943
vn -0.280368 -0.882784 0.376943
vn 0.318475 0.946633 -0.049598
vn 0.318475 0.946633 -0.049598
vn 0.318475 0.946633 -0.049598
vn 0.318475 0.946633 -0.049598
vn 0.810649 0.582661 -0.057913
vn 0.810649 0.582661 -0.057913
vn 0.810649 0.582661 -0.057913
vn 0.810649 0.582661 -0.057913
vn -0.280581 0.956540 -0.079405
vn -0.280581 0.956540 -0.079405
vn -0.280581 0.956540 -0.079405
vn -0.280581 0.956540 -0.079405
vn -0.779691 0.609916 -0.141720
vn -0.779691 0.609916 -0.141720
vn -0.779691 0.609916 -0.141720
vn -0.779691 0.609916 -0.141720
vn 0.999485 -0.020763 0.024471
vn 0.999485 -0.020763 0.024471
vn 0.999485 -0.020763 0.024471
vn 0.999485 -0.020763 0.024471
vn -0.995519 0.020681 -0.092274
vn -0.995519 0.020681 -0.092274
vn -0.995519 0.020681 -0.092274
vn -0.995519 0.020681 -0.092274
vn 0.260420 -0.887798 0.379468
vn 0.260420 -0.887798 0.379468
vn 0.260420 -0.887798 0.379468
vn 0.260420 -0.887798 0.379468
vn 0.766513 -0.599606 0.230066
vn 0.766513 -0.599606 0.230066
vn 0.766513 -0.599606 0.230066
vn 0.766513 -0.599606 0.230066
vn -0.804767 -0.578435 0.133279
vn -0.804767 -0.578435 0.133279
vn -0.804767 -0.578435 0.133279
vn -0.804767 -0.578435 0.133279
vn -0.299044 -0.888865 0.347120
vn -0.299044 -0.888865 0.347120
vn -0.299044 -0.888865 0.347120
vn -0.299044 -0.888865 0.347120
vn 0.302691 0.953068 -0.006277
vn 0.302691 0.953068 -0.006277
vn 0.302691 0.953068 -0.006277
vn 0.302691 0.953068 -0.006277
vn 0.800332 0.596922 0.056145
vn 0.800332 0.596922 0.056145
vn 0.800332 0.596922 0.056145
vn 0.800332 0.596922 0.056145
vn -0.295478 0.947389 -0.123074
vn -0.295477 0.947389 -0.123074
vn -0.295477 0.947389 -0.123074
vn -0.295478 0.947389 -0.123074
vn -0.773017 0.583051 -0.249993
vn -0.773016 0.583051 -0.249993
vn -0.773016 0.583051 -0.249993
vn -0.773016 0.583051 -0.249993
vn 0.986964 -0.002716 0.160919
vn 0.986964 -0.002716 0.160919
vn 0.986964 -0.002716 0.160919
vn 0.986964 -0.002716 0.160919
vn -0.974250 0.002681 -0.225452
vn -0.974251 0.002681 -0.225452
vn -0.974251 0.002681 -0.225452
vn -0.974250 0.002681 -0.225452
vn 0.271484 -0.870467 0.410590
vn 0.271484 -0.870467 0.410590
vn 0.271484 -0.870467 0.410590
vn 0.271484 -0.870467 0.410590
vn 0.754921 -0.569402 0.325384
vn 0.754921 -0.569402 0.325384
vn 0.754921 -0.569402 0.325384
vn 0.754921 -0.569402 0.325384
vn -0.801296 -0.597638 0.027454
vn -0.801296 -0.597638 0.027454
vn -0.801296 -0.597638 0.027454
vn -0.801296 -0.597638 0.027454
vn -0.287343 -0.904746 0.314434
vn -0.287343 -0.904746 0.314434
vn -0.287343 -0.904746 0.314434
vn -0.287343 -0.904746 0.314434
vn 0.302491 0.952435 0.036971
vn 0.302491 0.952435 0.036971
vn 0.302491 0.952435 0.036971
vn 0.302491 0.952435 0.036971
vn 0.790149 0.589329 0.168391
vn 0.790149 0.589329 0.168391
vn 0.790149 0.589329 0.168391
vn 0.790149 0.589329 0.168391
vn -0.293694 0.941671 -0.164317
vn -0.293694 0.941671 -0.164317
vn -0.293694 0.941671 -0.164317
vn -0.293694 0.941671 -0.164317
vn -0.748190 0.564326 -0.348924
vn -0.748190 0.564326 -0.348924
vn -0.748190 0.564326 -0.348924
vn -0.748190 0.564326 -0.348924
vn 0.956228 -0.002632 0.292611
vn 0.956228 -0.002632 0.292611
vn 0.956228 -0.002632 0.292611
vn 0.956228 -0.002632 0.292611
vn -0.936519 0.002578 -0.350607
vn -0.936519 0.002578 -0.350607
vn -0.936519 0.002578 -0.350607
vn -0.936519 0.002578 -0.350607
vn 0.267066 -0.856292 0.442085
vn 0.267066 -0.856292 0.442085
vn 0.267066 -0.856292 0.442085
vn 0.267066 -0.856292 0.442085
vn 0.725791 -0.547432 0.416588
vn 0.725791 -0.547432 0.416588
vn 0.725791 -0.547432 0.416588
vn 0.725791 -0.547432 0.416588
vn -0.798569 -0.595611 -0.086801
vn -0.798569 -0.595611 -0.086801
vn -0.798569 -0.595611 -0.086801
vn -0.798569 -0.595611 -0.086801
vn -0.290880 -0.915869 0.276716
vn -0.290880 -0.915869 0.276716
vn -0.290880 -0.915869 0.276716
vn -0.290880 -0.915869 0.276716
vn 0.287259 0.762469 -0.579762
vn 0.287259 0.762469 -0.579762
vn 0.287259 0.762469 -0.579762
vn 0.287259 0.762469 -0.579762
vn 0.684536 0.454500 -0.569948
vn 0.684536 0.454500 -0.569948
vn 0.684536 0.454500 -0.569948
vn 0.684536 0.454500 -0.569948
vn -0.219176 0.859580 -0.461611
vn -0.219176 0.859580 -0.461611
vn -0.219176 0.859580 -0.461611
vn -0.219176 0.859580 -0.461611
vn -0.749409 0.632162 -0.196869
vn -0.749409 0.632162 -0.196869
vn -0.749409 0.632162 -0.196869
vn -0.749409 0.632162 -0.196869
vn 0.949220 -0.055691 -0.309645
vn 0.949220 -0.055691 -0.309645
vn 0.949220 -0.055691 -0.309645
vn 0.949220 -0.055691 -0.309645
vn -0.966461 0.056702 0.250476
vn -0.966461 0.056702 0.250476
vn -0.966461 0.056702 0.250476
vn -0.966461 0.056702 0.250476
vn 0.187424 -0.735052 0.651591
vn 0.187424 -0.735052 0.651591
vn 0.187424 -0.735052 0.651591
vn 0.187424 -0.735052 0.651591
vn 0.730170 -0.615932 0.295769
vn 0.730170 -0.615932 0.295769
vn 0.730170 -0.615932 0.295769
vn 0.730170 -0.615932 0.295769
vn -0.664803 -0.441399 0.602664
vn -0.664803 -0.441399 0.602664
vn -0.664803 -0.441399 0.602664
vn -0.664803 -0.441399 0.602664
vn -0.246576 -0.654479 0.714743
vn -0.246576 -0.654479 0.714743
vn -0.246576 -0.654479 0.714743
vn -0.246576 -0.654479 0.714743
vn 0.294092 0.780606 -0.551510
vn 0.294093 0.780606 -0.551510
vn 0.294093 0.780606 -0.551510
vn 0.294093 0.780606 -0.551510
vn 0.722356 0.479612 -0.498171
vn 0.722356 0.479612 -0.498171
vn 0.722356 0.479612 -0.498171
vn 0.722356 0.479612 -0.498171
vn -0.215970 0.847007 -0.485733
vn -0.215970 0.847007 -0.485733
vn -0.215970 0.847007 -0.485733
vn -0.215970 0.847007 -0.485733
vn -0.730079 0.615852 -0.296160
vn -0.730079 0.615853 -0.296160
vn -0.730079 0.615852 -0.296160
vn -0.730079 0.615852 -0.296160
vn 0.981987 -0.057615 -0.179951
vn 0.981987 -0.057615 -0.179951
vn 0.981987 -0.057615 -0.179951
vn 0.981987 -0.057615 -0.179951
vn -0.991633 0.058179 0.115238
vn -0.991633 0.058179 0.115238
vn -0.991633 0.058179 0.115238
vn -0.991633 0.058179 0.115238
vn 0.184170 -0.722294 0.666613
vn 0.184170 -0.722294 0.666613
vn 0.184170 -0.722294 0.666613
vn 0.184170 -0.722294 0.666613
vn 0.705013 -0.594708 0.386366
vn 0.705013 -0.594708 0.386366
vn 0.705013 -0.594708 0.386366
vn 0.705013 -0.594708 0.386366
vn -0.702922 -0.466710 0.536733
vn -0.702922 -0.466710 0.536733
vn -0.702922 -0.466711 0.536733
vn -0.702922 -0.466711 0.536733
vn -0.252866 -0.671180 0.696833
vn -0.252866 -0.671180 0.696833
vn -0.252866 -0.671180 0.696833
vn -0.252866 -0.671180 0.696833
vn 0.250913 0.813963 -0.523934
vn 0.250913 0.813963 -0.523934
vn 0.250913 0.813963 -0.523934
vn 0.250913 0.813963 -0.523934
vn 0.717345 0.544924 -0.434136
vn 0.717345 0.544924 -0.434136
vn 0.717345 0.544924 -0.434136
vn 0.717345 0.544924 -0.434136
vn -0.264384 0.823004 -0.502757
vn -0.264384 0.823004 -0.502757
vn -0.264384 0.823004 -0.502757
vn -0.264384 0.823004 -0.502757
vn -0.748497 0.554281 -0.364041
vn -0.748497 0.554281 -0.364041
vn -0.748497 0.554281 -0.364041
vn -0.748497 0.554281 -0.364041
vn 0.995704 0.006229 -0.092384
vn 0.995704 0.006229 -0.092384
vn 0.995704 0.006229 -0.092384
vn 0.995704 0.006229 -0.092384
vn -0.999682 -0.006254 0.024419
vn -0.999682 -0.006254 0.024419
vn -0.999682 -0.006254 0.024419
vn -0.999682 -0.006254 0.024419
vn 0.226692 -0.705668 0.671300
vn 0.226692 -0.705668 0.671299
vn 0.226692 -0.705668 0.671299
vn 0.226692 -0.705668 0.671300
vn 0.726430 -0.537941 0.427691
vn 0.726430 -0.537941 0.427691
vn 0.726430 -0.537941 0.427691
vn 0.726430 -0.537941 0.427691
vn -0.692027 -0.525693 0.494717
vn -0.692027 -0.525693 0.494717
vn -0.692027 -0.525693 0.494717
vn -0.692027 -0.525693 0.494717
vn -0.214403 -0.695518 0.685774
vn -0.214403 -0.695518 0.685774
vn -0.214403 -0.695518 0.685774
vn -0.214403 -0.695518 0.685774
vn 0.305905 0.811961 -0.497133
vn 0.305905 0.811961 -0.497133
vn 0.305905 0.811961 -0.497133
vn 0.305905 0.811961 -0.497133
vn 0.782308 0.519417 -0.343801
vn 0.782308 0.519417 -0.343801
vn 0.782308 0.519417 -0.343801
vn 0.782308 0.519417 -0.343801
vn -0.210224 0.824473 -0.525404
vn -0.210224 0.824473 -0.525404
vn -0.210224 0.824473 -0.525404
vn -0.210224 0.824473 -0.525404
vn -0.683318 0.576408 -0.448141
vn -0.683318 0.576408 -0.448141
vn -0.683318 0.576408 -0.448141
vn -0.683318 0.576408 -0.448141
vn 0.996063 -0.058440 0.066663
vn 0.996063 -0.058440 0.066663
vn 0.996063 -0.058440 0.066663
vn 0.996063 -0.058440 0.066663
vn -0.989473 0.058055 -0.132559
vn -0.989473 0.058055 -0.132559
vn -0.989473 0.058055 -0.132559
vn -0.989473 0.058055 -0.132559
vn 0.178583 -0.700382 0.691067
vn 0.178583 -0.700382 0.691067
vn 0.178583 -0.700382 0.691067
vn 0.178583 -0.700382 0.691067
vn 0.652508 -0.550420 0.520836
vn 0.652508 -0.550420 0.520836
vn 0.652508 -0.550420 0.520836
vn 0.652508 -0.550420 0.520837
vn -0.765972 -0.508572 0.393245
vn -0.765972 -0.508572 0.393245
vn -0.765972 -0.508572 0.393245
vn -0.765972 -0.508572 0.393245
vn -0.264230 -0.701342 0.662044
vn -0.264230 -0.701342 0.662044
vn -0.264230 -0.701342 0.662044
vn -0.264230 -0.701342 0.662044
vn 0.312468 0.829382 -0.463130
vn 0.312468 0.829382 -0.463130
vn 0.312468 0.829382 -0.463130
vn 0.312468 0.829382 -0.463130
vn 0.808781 0.536993 -0.239816
vn 0.808781 0.536993 -0.239816
vn 0.808781 0.536993 -0.239816
vn 0.808781 0.536993 -0.239816
vn -0.206890 0.811400 -0.546650
vn -0.206890 0.811400 -0.546650
vn -0.206890 0.811400 -0.546650
vn -0.206890 0.811400 -0.546650
vn -0.652379 0.550310 -0.521114
vn -0.652379 0.550310 -0.521114
vn -0.652379 0.550310 -0.521114
vn -0.652379 0.550310 -0.521114
vn 0.977067 -0.057326 0.205069
vn 0.977067 -0.057326 0.205069
vn 0.977067 -0.057326 0.205069
vn 0.977067 -0.057326 0.205069
vn -0.962192 0.056456 -0.266458
vn -0.962192 0.056456 -0.266458
vn -0.962192 0.056456 -0.266458
vn -0.962192 0.056456 -0.266458
vn 0.175460 -0.688127 0.704056
vn 0.175460 -0.688127 0.704056
vn 0.175460 -0.688127 0.704056
vn 0.175460 -0.688127 0.704056
vn 0.620488 -0.523411 0.583983
vn 0.620488 -0.523411 0.583983
vn 0.620488 -0.523411 0.583983
vn 0.620488 -0.523411 0.583983
vn -0.796046 -0.528540 0.294883
vn -0.796046 -0.528540 0.294883
vn -0.796046 -0.528540 0.294883
vn -0.796046 -0.528540 0.294883
vn -0.270895 -0.719028 0.640011
vn -0.270895 -0.719028 0.640011
vn -0.270895 -0.719028 0.640011
vn -0.270895 -0.719028 0.640011
vn 0.318809 0.846212 -0.426950
vn 0.318809 0.846212 -0.426950
vn 0.318809 0.846212 -0.426950
vn 0.318809 0.846212 -0.426950
vn 0.826357 0.548665 -0.126892
vn 0.826357 0.548665 -0.126892
vn 0.826357 0.548665 -0.126892
vn 0.826357 0.548665 -0.126892
vn -0.203538 0.798253 -0.566891
vn -0.203538 0.798253 -0.566891
vn -0.203538 0.798253 -0.566891
vn -0.203538 0.798253 -0.566891
vn -0.620358 0.523297 -0.584222
vn -0.620358 0.523297 -0.584222
vn -0.620358 0.523297 -0.584222
vn -0.620358 0.523297 -0.584222
vn 0.941580 -0.055245 0.332229
vn 0.941580 -0.055245 0.332229
vn 0.941580 -0.055245 0.332229
vn 0.941580 -0.055245 0.332229
vn -0.920674 0.054017 -0.386576
vn -0.920674 0.054017 -0.386576
vn -0.920674 0.054017 -0.386576
vn -0.920674 0.054017 -0.386576
vn 0.172387 -0.676082 0.716377
vn 0.172387 -0.676082 0.716377
vn 0.172387 -0.676082 0.716377
vn 0.172387 -0.676082 0.716377
vn 0.588552 -0.496469 0.638063
vn 0.588552 -0.496469 0.638063
vn 0.588552 -0.496469 0.638063
vn 0.588552 -0.496469 0.638063
vn -0.818522 -0.543463 0.186197
vn -0.818522 -0.543463 0.186197
vn -0.818522 -0.543463 0.186197
vn -0.818522 -0.543463 0.186197
vn -0.277648 -0.736960 0.616280
vn -0.277648 -0.736960 0.616281
vn -0.277648 -0.736960 0.616281
vn -0.277648 -0.736960 0.616281
vn 0.000000 -0.999192 0.040182
vn 0.000000 -0.999192 0.040182
vn 0.000000 -0.999192 0.040182
vn 0.000000 -0.999192 0.040182
vn 0.000000 0.999182 -0.040449
vn 0.000000 0.999182 -0.040449
vn 0.000000 0.999182 -0.040449
vn 0.000000 0.999182 -0.040449
vn 0.000000 -0.999192 0.040182
vn 0.000000 -0.999192 0.040182
vn 0.000000 -0.999192 0.040182
vn 0.000000 -0.999192 0.040182
vn 0.000000 0.999182 -0.040449
vn 0.000000 0.999182 -0.040449
vn 0.000000 0.999182 -0.040449
vn 0.000000 0.999182 -0.040449
vn 0.000000 -0.999192 0.040182
vn 0.000000 -0.999192 0.040182
vn 0.000000 -0.999192 0.040182
vn 0.000000 -0.999192 0.040182
vn 0.000000 0.999182 -0.040449
vn 0.000000 0.999182 -0.040449
vn 0.000000 0.999182 -0.040449
vn 0.000000 0.999182 -0.040449
vn 0.000000 -0.999192 0.040182
vn 0.000000 -0.999192 0.040182
vn 0.000000 -0.999192 0.040182
vn 0.000000 -0.999192 0.040182
vn 0.000000 0.999182 -0.040449
vn 0.000000 0.999182 -0.040449
vn 0.000000 0.999182 -0.040449
vn 0.000000 0.999182 -0.040449
vn 0.000000 -0.999192 0.040182
vn 0.000000 -0.999192 0.040182
vn 0.000000 -0.999192 0.040182
vn 0.000000 -0.999192 0.040182
vn 0.000000 0.999182 -0.040449
vn 0.000000 0.999182 -0.040449
vn 0.000000 0.999182 -0.040449
vn 0.000000 0.999182 -0.040449
vn 0.000000 -0.999192 0.040182
vn 0.000000 -0.999192 0.040182
vn 0.000000 -0.999192 0.040182
vn 0.000000 -0.999192 0.040182
vn 0.000000 0.999182 -0.040449
vn 0.000000 0.999182 -0.040449
vn 0.000000 0.999182 -0.040449
vn 0.000000 0.999182 -0.040449
vn 0.000000 -0.999192 0.040182
vn 0.000000 -0.999192 0.040182
vn 0.000000 -0.999192 0.040182
vn 0.000000 -0.999192 0.040182
vn 0.000000 0.999182 -0.040449
vn 0.000000 0.999182 -0.040449
vn 0.000000 0.999182 -0.040449
vn 0.000000 0.999182 -0.040449
vn 0.000000 -0.999192 0.040182
vn 0.000000 -0.999192 0.040182
vn 0.000000 -0.999192 0.040182
vn 0.000000 -0.999192 0.040182
vn 0.000000 0.999182 -0.040449
vn 0.000000 0.999182 -0.040449
vn 0.000000 0.999182 -0.040449
vn 0.000000 0.999182 -0.040449
vn 0.000000 -0.999192 0.040182
vn 0.000000 -0.999192 0.040182
vn 0.000000 -0.999192 0.040182
vn 0.000000 -0.999192 0.040182
vn 0.000000 0.999182 -0.040449
vn 0.000000 0.999182 -0.040449
vn 0.000000 0.999182 -0.040449
vn 0.000000 0.999182 -0.040449
vn 0.000000 -0.999192 0.040182
vn 0.000000 -0.999192 0.040182
vn 0.000000 -0.999192 0.040182
vn 0.000000 -0.999192 0.040182
vn 0.000000 0.999182 -0.040449
vn 0.000000 0.999182 -0.040449
vn 0.000000 0.999182 -0.040449
vn 0.000000 0.999182 -0.040449
vn 0.000000 -0.999192 0.040182
vn 0.000000 -0.999192 0.040182
vn 0.000000 -0.999192 0.040182
vn 0.000000 -0.999192 0.040182
vn 0.000000 0.999182 -0.040449
vn 0.000000 0.999182 -0.040449
vn 0.000000 0.999182 -0.040449
vn 0.000000 0.999182 -0.040449
vn 0.000000 -0.999192 0.040182
vn 0.000000 -0.999192 0.040182
vn 0.000000 -0.999192 0.040182
vn 0.000000 -0.999192 0.040182
vn 0.000000 0.999182 -0.040449
vn 0.000000 0.999182 -0.040449
vn 0.000000 0.999182 -0.040449
vn 0.000000 0.999182 -0.040449
vn 0.000000 -0.999192 0.040182
vn 0.000000 -0.999192 0.040182
vn 0.000000 -0.999192 0.040182
vn 0.000000 -0.999192 0.040182
vn 0.000000 0.999182 -0.040449
vn 0.000000 0.999182 -0.040449
vn 0.000000 0.999182 -0.040449
vn 0.000000 0.999182 -0.040449
vn 0.000000 -0.999192 0.040182
vn 0.000000 -0.999192 0.040182
vn 0.000000 -0.999192 0.040182
vn 0.000000 -0.999192 0.040182
vn 0.000000 0.999182 -0.040449
vn 0.000000 0.999182 -0.040449
vn 0.000000 0.999182 -0.040449
vn 0.000000 0.999182 -0.040449
vn 0.000000 -0.999192 0.040182
vn 0.000000 -0.999192 0.040182
vn 0.000000 -0.999192 0.040182
vn 0.000000 -0.999192 0.040182
vn 0.000000 0.999182 -0.040449
vn 0.000000 0.999182 -0.040449
vn 0.000000 0.999182 -0.040449
vn 0.000000 0.999182 -0.040449
vn 0.000000 -0.999192 0.040182
vn 0.000000 -0.999192 0.040182
vn 0.000000 -0.999192 0.040182
vn 0.000000 -0.999192 0.040182
vn 0.000000 0.999182 -0.040449
vn 0.000000 0.999182 -0.040449
vn 0.000000 0.999182 -0.040449
vn 0.000000 0.999182 -0.040449
vn 0.000000 -0.999192 0.040182
vn 0.000000 -0.999192 0.040182
vn 0.000000 -0.999192 0.040182
vn 0.000000 -0.999192 0.040182
vn 0.000000 0.999182 -0.040449
vn 0.000000 0.999182 -0.040449
vn 0.000000 0.999182 -0.040449
vn 0.000000 0.999182 -0.040449
vn 0.000000 -0.999192 0.040182
vn 0.000000 -0.999192 0.040182
vn 0.000000 -0.999192 0.040182
vn 0.000000 -0.999192 0.040182
vn 0.000000 0.999182 -0.040449
vn 0.000000 0.999182 -0.040449
vn 0.000000 0.999182 -0.040449
vn 0.000000 0.999182 -0.040449
vn 0.000000 -0.999192 0.040182
vn 0.000000 -0.999192 0.040182
vn 0.000000 -0.999192 0.040182
vn 0.000000 -0.999192 0.040182
vn 0.000000 0.999182 -0.040449
vn 0.000000 0.999182 -0.040449
vn 0.000000 0.999182 -0.040449
vn 0.000000 0.999182 -0.040449
vn 0.000000 -0.999192 0.040182
vn 0.000000 -0.999192 0.040182
vn 0.000000 -0.999192 0.040182
vn 0.000000 -0.999192 0.040182
vn 0.000000 0.999182 -0.040449
vn 0.000000 0.999182 -0.040449
vn 0.000000 0.999182 -0.040449
vn 0.000000 0.999182 -0.040449
vn 0.000000 -0.999192 0.040182
vn 0.000000 -0.999192 0.040182
vn 0.000000 -0.999192 0.040182
vn 0.000000 -0.999192 0.040182
vn 0.000000 0.999182 -0.040449
vn 0.000000 0.999182 -0.040449
vn 0.000000 0.999182 -0.040449
vn 0.000000 0.999182 -0.040449
vn 0.000000 -0.999192 0.040182
vn 0.000000 -0.999192 0.040182
vn 0.000000 -0.999192 0.040182
vn 0.000000 -0.999192 0.040182
vn 0.000000 0.999182 -0.040449
vn 0.000000 0.999182 -0.040449
vn 0.000000 0.999182 -0.040449
vn 0.000000 0.999182 -0.040449
vn 0.000000 -0.999192 0.040182
vn 0.000000 -0.999192 0.040182
vn 0.000000 -0.999192 0.040182
vn 0.000000 -0.999192 0.040182
vn 0.000000 0.999182 -0.040449
vn 0.000000 0.999182 -0.040449
vn 0.000000 0.999182 -0.040449
vn 0.000000 0.999182 -0.040449
vn 0.000000 -0.999182 -0.040449
vn 0.000000 -0.999182 -0.040449
vn 0.000000 -0.999182 -0.040449
vn 0.000000 -0.999182 -0.040449
vn 0.000000 0.999192 0.040182
vn 0.000000 0.999192 0.040182
vn 0.000000 0.999192 0.040182
vn 0.000000 0.999192 0.040182
vn 0.000000 -0.999182 -0.040449
vn 0.000000 -0.999182 -0.040449
vn 0.000000 -0.999182 -0.040449
vn 0.000000 -0.999182 -0.040449
vn 0.000000 0.999192 0.040182
vn 0.000000 0.999192 0.040182
vn 0.000000 0.999192 0.040182
vn 0.000000 0.999192 0.040182
vn 0.000000 -0.999182 -0.040449
vn 0.000000 -0.999182 -0.040449
vn 0.000000 -0.999182 -0.040449
vn 0.000000 -0.999182 -0.040449
vn 0.000000 0.999192 0.040182
vn 0.000000 0.999192 0.040182
vn 0.000000 0.999192 0.040182
vn 0.000000 0.999192 0.040182
vn 0.000000 -0.999182 -0.040449
vn 0.000000 -0.999182 -0.040449
vn 0.000000 -0.999182 -0.040449
vn 0.000000 -0.999182 -0.040449
vn 0.000000 0.999192 0.040182
vn 0.000000 0.999192 0.040182
vn 0.000000 0.999192 0.040182
vn 0.000000 0.999192 0.040182
vn 0.000000 -0.999182 -0.040449
vn 0.000000 -0.999182 -0.040449
vn 0.000000 -0.999182 -0.040449
vn 0.000000 -0.999182 -0.040449
vn 0.000000 0.999192 0.040182
vn 0.000000 0.999192 0.040182
vn 0.000000 0.999192 0.040182
vn 0.000000 0.999192 0.040182
vn 0.000000 -0.999182 -0.040449
vn 0.000000 -0.999182 -0.040449
vn 0.000000 -0.999182 -0.040449
vn 0.000000 -0.999182 -0.040449
vn 0.000000 0.999192 0.040182
vn 0.000000 0.999192 0.040182
vn 0.000000 0.999192 0.040182
vn 0.000000 0.999192 0.040182
vn 0.000000 -0.999182 -0.040449
vn 0.000000 -0.999182 -0.040449
vn 0.000000 -0.999182 -0.040449
vn 0.000000 -0.999182 -0.040449
vn 0.000000 0.999192 0.040182
vn 0.000000 0.999192 0.040182
vn 0.000000 0.999192 0.040182
vn 0.000000 0.999192 0.040182
vn 0.000000 -0.999182 -0.040449
vn 0.000000 -0.999182 -0.040449
vn 0.000000 -0.999182 -0.040449
vn 0.000000 -0.999182 -0.040449
vn 0.000000 0.999192 0.040182
vn 0.000000 0.999192 0.040182
vn 0.000000 0.999192 0.040182
vn 0.000000 0.999192 0.040182
vn 0.000000 -0.999182 -0.040449
vn 0.000000 -0.999182 -0.040449
vn 0.000000 -0.999182 -0.040449
vn 0.000000 -0.999182 -0.040449
vn 0.000000 0.999192 0.040182
vn 0.000000 0.999192 0.040182
vn 0.000000 0.999192 0.040182
vn 0.000000 0.999192 0.040182
vn 0.000000 -0.999182 -0.040449
vn 0.000000 -0.999182 -0.040449
vn 0.000000 -0.999182 -0.040449
vn 0.000000 -0.999182 -0.040449
vn 0.000000 0.999192 0.040182
vn 0.000000 0.999192 0.040182
vn 0.000000 0.999192 0.040182
vn 0.000000 0.999192 0.040182
vn 0.000000 -0.999182 -0.040449
vn 0.000000 -0.999182 -0.040449
vn 0.000000 -0.999182 -0.040449
vn 0.000000 -0.999182 -0.040449
vn 0.000000 0.999192 0.040182
vn 0.000000 0.999192 0.040182
vn 0.000000 0.999192 0.040182
vn 0.000000 0.999192 0.040182
vn 0.000000 -0.999182 -0.040449
vn 0.000000 -0.999182 -0.040449
vn 0.000000 -0.999182 -0.040449
vn 0.000000 -0.999182 -0.040449
vn 0.000000 0.999192 0.040182
vn 0.000000 0.999192 0.040182
vn 0.000000 0.999192 0.040182
vn 0.000000 0.999192 0.040182
vn 0.000000 -0.999182 -0.040449
vn 0.000000 -0.999182 -0.040449
vn 0.000000 -0.999182 -0.040449
vn 0.000000 -0.999182 -0.040449
vn 0.000000 0.999192 0.040182
vn 0.000000 0.999192 0.040182
vn 0.000000 0.999192 0.040182
vn 0.000000 0.999192 0.040182
vn 0.000000 -0.999182 -0.040449
vn 0.000000 -0.999182 -0.040449
vn 0.000000 -0.999182 -0.040449
vn 0.000000 -0.999182 -0.040449
vn 0.000000 0.999192 0.040182
vn 0.000000 0.999192 0.040182
vn 0.000000 0.999192 0.040182
vn 0.000000 0.999192 0.040182
vn 0.000000 -0.999182 -0.040449
vn 0.000000 -0.999182 -0.040449
vn 0.000000 -0.999182 -0.040449
vn 0.000000 -0.999182 -0.040449
vn 0.000000 0.999192 0.040182
vn 0.000000 0.999192 0.040182
vn 0.000000 0.999192 0.040182
vn 0.000000 0.999192 0.040182
vn 0.000000 -0.999182 -0.040449
vn 0.000000 -0.999182 -0.040449
vn 0.000000 -0.999182 -0.040449
vn 0.000000 -0.999182 -0.040449
vn 0.000000 0.999192 0.040182
vn 0.000000 0.999192 0.040182
vn 0.000000 0.999192 0.040182
vn 0.000000 0.999192 0.040182
vn 0.000000 -0.999182 -0.040449
vn 0.000000 -0.999182 -0.040449
vn 0.000000 -0.999182 -0.040449
vn 0.000000 -0.999182 -0.040449
vn 0.000000 0.999192 0.040182
vn 0.000000 0.999192 0.040182
vn 0.000000 0.999192 0.040182
vn 0.000000 0.999192 0.040182
vn 0.000000 -0.999182 -0.040449
vn 0.000000 -0.999182 -0.040449
vn 0.000000 -0.999182 -0.040449
vn 0.000000 -0.999182 -0.040449
vn 0.000000 0.999192 0.040182
vn 0.000000 0.999192 0.040182
vn 0.000000 0.999192 0.040182
vn 0.000000 0.999192 0.040182
vn 0.000000 -0.999182 -0.040449
vn 0.000000 -0.999182 -0.040449
vn 0.000000 -0.999182 -0.040449
vn 0.000000 -0.999182 -0.040449
vn 0.000000 0.999192 0.040182
vn 0.000000 0.999192 0.040182
vn 0.000000 0.999192 0.040182
vn 0.000000 0.999192 0.040182
vn 0.000000 -0.999182 -0.040449
vn 0.000000 -0.999182 -0.040449
vn 0.000000 -0.999182 -0.040449
vn 0.000000 -0.999182 -0.040449
vn 0.000000 0.999192 0.040182
vn 0.000000 0.999192 0.040182
vn 0.000000 0.999192 0.040182
vn 0.000000 0.999192 0.040182
vn 0.000000 -0.999182 -0.040449
vn 0.000000 -0.999182 -0.040449
vn 0.000000 -0.999182 -0.040449
vn 0.000000 -0.999182 -0.040449
vn 0.000000 0.999192 0.040182
vn 0.000000 0.999192 0.040182
vn 0.000000 0.999192 0.040182
vn 0.000000 0.999192 0.040182
vn 0.000000 -0.999182 -0.040449
vn 0.000000 -0.999182 -0.040449
vn 0.000000 -0.999182 -0.040449
vn 0.000000 -0.999182 -0.040449
vn 0.000000 0.999192 0.040182
vn 0.000000 0.999192 0.040182
vn 0.000000 0.999192 0.040182
vn 0.000000 0.999192 0.040182
vn 0.000000 -0.999182 -0.040449
vn 0.000000 -0.999182 -0.040449
vn 0.000000 -0.999182 -0.040449
vn 0.000000 -0.999182 -0.040449
vn 0.000000 0.999192 0.040182
vn 0.000000 0.999192 0.040182
vn 0.000000 0.999192 0.040182
vn 0.000000 0.999192 0.040182
vn 0.996339 0.000000 -0.085494
vn 0.996339 0.000000 -0.085494
vn 0.996339 0.000000 -0.085494
vn 0.996339 0.000000 -0.085494
vn -0.996387 0.000000 0.084933
vn -0.996387 0.000000 0.084933
vn -0.996387 0.000000 0.084933
vn -0.996387 0.000000 0.084933
vn 0.996339 0.000000 -0.085493
vn 0.996339 0.000000 -0.085493
vn 0.996339 0.000000 -0.085493
vn 0.996339 0.000000 -0.085493
vn -0.996387 0.000000 0.084933
vn -0.996387 0.000000 0.084933
vn -0.996387 0.000000 0.084933
vn -0.996387 0.000000 0.084933
vn 0.996339 0.000000 -0.085494
vn 0.996339 0.000000 -0.085494
vn 0.996339 0.000000 -0.085494
vn 0.996339 0.000000 -0.085494
vn -0.996387 0.000000 0.084933
vn -0.996387 0.000000 0.084933
vn -0.996387 0.000000 0.084933
vn -0.996387 0.000000 0.084933
vn 0.996339 0.000000 -0.085493
vn 0.996339 0.000000 -0.085493
vn 0.996339 0.000000 -0.085493
vn 0.996339 0.000000 -0.085493
vn -0.996387 0.000000 0.084933
vn -0.996387 0.000000 0.084933
vn -0.996387 0.000000 0.084933
vn -0.996387 0.000000 0.084933
vn 0.996339 0.000000 -0.085493
vn 0.996339 0.000000 -0.085493
vn 0.996339 0.000000 -0.085493
vn 0.996339 0.000000 -0.085493
vn -0.996387 0.000000 0.084933
vn -0.996387 0.000000 0.084933
vn -0.996387 0.000000 0.084933
vn -0.996387 0.000000 0.084933
vn 0.996339 0.000000 -0.085493
vn 0.996339 0.000000 -0.085493
vn 0.996339 0.000000 -0.085493
vn 0.996339 0.000000 -0.085493
vn -0.996387 0.000000 0.084933
vn -0.996387 0.000000 0.084933
vn -0.996387 0.000000 0.084933
vn -0.996387 0.000000 0.084933
vn 0.996339 0.000000 -0.085493
vn 0.996339 0.000000 -0.085493
vn 0.996339 0.000000 -0.085493
vn 0.996339 0.000000 -0.085493
vn -0.996387 0.000000 0.084933
vn -0.996387 0.000000 0.084933
vn -0.996387 0.000000 0.084933
vn -0.996387 0.000000 0.084933
vn 0.996339 0.000000 -0.085494
vn 0.996339 0.000000 -0.085494
vn 0.996339 0.000000 -0.085494
vn 0.996339 0.000000 -0.085493
vn -0.996387 0.000000 0.084933
vn -0.996387 0.000000 0.084933
vn -0.996387 0.000000 0.084933
vn -0.996387 0.000000 0.084933
vn 0.996339 0.000000 -0.085493
vn 0.996339 0.000000 -0.085493
vn 0.996339 0.000000 -0.085493
vn 0.996339 0.000000 -0.085493
vn -0.996387 0.000000 0.084933
vn -0.996387 0.000000 0.084933
vn -0.996387 0.000000 0.084933
vn -0.996387 0.000000 0.084933
vn 0.996339 0.000000 -0.085493
vn 0.996339 0.000000 -0.085493
vn 0.996339 0.000000 -0.085493
vn 0.996339 0.000000 -0.085493
vn -0.996387 0.000000 0.084933
vn -0.996387 0.000000 0.084933
vn -0.996387 0.000000 0.084933
vn -0.996387 0.000000 0.084933
vn 0.996339 0.000000 -0.085493
vn 0.996339 0.000000 -0.085493
vn 0.996339 0.000000 -0.085493
vn 0.996339 0.000000 -0.085493
vn -0.996387 0.000000 0.084933
vn -0.996387 0.000000 0.084933
vn -0.996387 0.000000 0.084933
vn -0.996387 0.000000 0.084933
vn 0.996339 0.000000 -0.085493
vn 0.996339 0.000000 -0.085493
vn 0.996339 0.000000 -0.085493
vn 0.996339 0.000000 -0.085493
vn -0.996387 0.000000 0.084933
vn -0.996387 0.000000 0.084933
vn -0.996387 0.000000 0.084933
vn -0.996387 0.000000 0.084933
vn 0.996339 0.000000 -0.085493
vn 0.996339 0.000000 -0.085493
vn 0.996339 0.000000 -0.085493
vn 0.996339 0.000000 -0.085493
vn -0.996387 0.000000 0.084933
vn -0.996387 0.000000 0.084933
vn -0.996387 0.000000 0.084933
vn -0.996387 0.000000 0.084933
vn 0.996339 0.000000 -0.085493
vn 0.996339 0.000000 -0.085493
vn 0.996339 0.000000 -0.085493
vn 0.996339 0.000000 -0.085493
vn -0.996387 0.000000 0.084933
vn -0.996387 0.000000 0.084933
vn -0.996387 0.000000 0.084933
vn -0.996387 0.000000 0.084933
vn 0.996339 0.000000 -0.085493
vn 0.996339 0.000000 -0.085493
vn 0.996339 0.000000 -0.085493
vn 0.996339 0.000000 -0.085493
vn -0.996387 0.000000 0.084933
vn -0.996387 0.000000 0.084933
vn -0.996387 0.000000 0.084933
vn -0.996387 0.000000 0.084933
vn 0.996339 0.000000 -0.085493
vn 0.996339 0.000000 -0.085493
vn 0.996339 0.000000 -0.085493
vn 0.996339 0.000000 -0.085493
vn -0.996387 0.000000 0.084933
vn -0.996387 0.000000 0.084933
vn -0.996387 0.000000 0.084933
vn -0.996387 0.000000 0.084933
vn 0.996339 0.000000 -0.085493
vn 0.996339 0.000000 -0.085493
vn 0.996339 0.000000 -0.085493
vn 0.996339 0.000000 -0.085493
vn -0.996387 0.000000 0.084933
vn -0.996387 0.000000 0.084933
vn -0.996387 0.000000 0.084933
vn -0.996387 0.000000 0.084933
vn 0.996339 0.000000 -0.085493
vn 0.996339 0.000000 -0.085493
vn 0.996339 0.000000 -0.085493
vn 0.996339 0.000000 -0.085493
vn -0.996387 0.000000 0.084933
vn -0.996387 0.000000 0.084933
vn -0.996387 0.000000 0.084933
vn -0.996387 0.000000 0.084933
vn 0.996339 0.000000 -0.085493
vn 0.996339 0.000000 -0.085493
vn 0.996339 0.000000 -0.085493
vn 0.996339 0.000000 -0.085493
vn -0.996387 0.000000 0.084933
vn -0.996387 0.000000 0.084933
vn -0.996387 0.000000 0.084933
vn -0.996387 0.000000 0.084933
vn 0.996339 0.000000 -0.085493
vn 0.996339 0.000000 -0.085494
vn 0.996339 0.000000 -0.085493
vn 0.996339 0.000000 -0.085493
vn -0.996387 0.000000 0.084933
vn -0.996387 0.000000 0.084933
vn -0.996387 0.000000 0.084933
vn -0.996387 0.000000 0.084933
vn 0.996339 0.000000 -0.085493
vn 0.996339 0.000000 -0.085493
vn 0.996339 0.000000 -0.085493
vn 0.996339 0.000000 -0.085493
vn -0.996387 0.000000 0.084933
vn -0.996387 0.000000 0.084933
vn -0.996387 0.000000 0.084933
vn -0.996387 0.000000 0.084933
vn 0.996339 0.000000 -0.085493
vn 0.996339 0.000000 -0.085493
vn 0.996339 0.000000 -0.085493
vn 0.996339 0.000000 -0.085493
vn -0.996387 0.000000 0.084933
vn -0.996387 0.000000 0.084933
vn -0.996387 0.000000 0.084933
vn -0.996387 0.000000 0.084933
vn 0.996339 0.000000 -0.085493
vn 0.996339 0.000000 -0.085493
vn 0.996339 0.000000 -0.085493
vn 0.996339 0.000000 -0.085493
vn -0.996387 0.000000 0.084933
vn -0.996387 0.000000 0.084933
vn -0.996387 0.000000 0.084933
vn -0.996387 0.000000 0.084933
vn 0.996339 0.000000 -0.085493
vn 0.996339 0.000000 -0.085493
vn 0.996339 0.000000 -0.085493
vn 0.996339 0.000000 -0.085493
vn -0.996387 0.000000 0.084933
vn -0.996387 0.000000 0.084933
vn -0.996387 0.000000 0.084933
vn -0.996387 0.000000 0.084933
vn 0.996339 0.000000 -0.085494
vn 0.996339 0.000000 -0.085494
vn 0.996339 0.000000 -0.085494
vn 0.996339 0.000000 -0.085494
vn -0.996387 0.000000 0.084933
vn -0.996387 0.000000 0.084933
vn -0.996387 0.000000 0.084933
vn -0.996387 0.000000 0.084933
vn 0.996339 0.000000 -0.085493
vn 0.996339 0.000000 -0.085493
vn 0.996339 0.000000 -0.085493
vn 0.996339 0.000000 -0.085493
vn -0.996387 0.000000 0.084933
vn -0.996387 0.000000 0.084933
vn -0.996387 0.000000 0.084933
vn -0.996387 0.000000 0.084933
vn 0.996387 0.000000 0.084933
vn 0.996387 0.000000 0.084933
vn 0.996387 0.000000 0.084933
vn 0.996387 0.000000 0.084933
vn -0.996339 0.000000 -0.085494
vn -0.996339 0.000000 -0.085494
vn -0.996339 0.000000 -0.085494
vn -0.996339 0.000000 -0.085494
vn 0.996387 0.000000 0.084933
vn 0.996387 0.000000 0.084933
vn 0.996387 0.000000 0.084933
vn 0.996387 0.000000 0.084933
vn -0.996339 0.000000 -0.085493
vn -0.996339 0.000000 -0.085493
vn -0.996339 0.000000 -0.085493
vn -0.996339 0.000000 -0.085493
vn 0.996387 0.000000 0.084933
vn 0.996387 0.000000 0.084933
vn 0.996387 0.000000 0.084933
vn 0.996387 0.000000 0.084933
vn -0.996339 0.000000 -0.085494
vn -0.996339 0.000000 -0.085494
vn -0.996339 0.000000 -0.085493
vn -0.996339 0.000000 -0.085494
vn 0.996387 0.000000 0.084933
vn 0.996387 0.000000 0.084933
vn 0.996387 0.000000 0.084933
vn 0.996387 0.000000 0.084933
vn -0.996339 0.000000 -0.085493
vn -0.996339 0.000000 -0.085493
vn -0.996339 0.000000 -0.085493
vn -0.996339 0.000000 -0.085493
vn 0.996387 0.000000 0.084933
vn 0.996387 0.000000 0.084933
vn 0.996387 0.000000 0.084933
vn 0.996387 0.000000 0.084933
vn -0.996339 0.000000 -0.085493
vn -0.996339 0.000000 -0.085493
vn -0.996339 0.000000 -0.085493
vn -0.996339 0.000000 -0.085493
vn 0.996387 0.000000 0.084933
vn 0.996387 0.000000 0.084933
vn 0.996387 0.000000 0.084933
vn 0.996387 0.000000 0.084933
vn -0.996339 0.000000 -0.085493
vn -0.996339 0.000000 -0.085493
vn -0.996339 0.000000 -0.085493
vn -0.996339 0.000000 -0.085493
vn 0.996387 0.000000 0.084933
vn 0.996387 0.000000 0.084933
vn 0.996387 0.000000 0.084933
vn 0.996387 0.000000 0.084933
vn -0.996339 0.000000 -0.085493
vn -0.996339 0.000000 -0.085493
vn -0.996339 0.000000 -0.085493
vn -0.996339 0.000000 -0.085493
vn 0.996387 0.000000 0.084933
vn 0.996387 0.000000 0.084933
vn 0.996387 0.000000 0.084933
vn 0.996387 0.000000 0.084933
vn -0.996339 0.000000 -0.085494
vn -0.996339 0.000000 -0.085494
vn -0.996339 0.000000 -0.085494
vn -0.996339 0.000000 -0.085494
vn 0.996387 0.000000 0.084933
vn 0.996387 0.000000 0.084933
vn 0.996387 0.000000 0.084933
vn 0.996387 0.000000 0.084933
vn -0.996339 0.000000 -0.085493
vn -0.996339 0.000000 -0.085493
vn -0.996339 0.000000 -0.085493
vn -0.996339 0.000000 -0.085493
vn 0.996387 0.000000 0.084933
vn 0.996387 0.000000 0.084933
vn 0.996387 0.000000 0.084933
vn 0.996387 0.000000 0.084933
vn -0.996339 0.000000 -0.085493
vn -0.996339 0.000000 -0.085493
vn -0.996339 0.000000 -0.085493
vn -0.996339 0.000000 -0.085493
vn 0.996387 0.000000 0.084933
vn 0.996387 0.000000 0.084933
vn 0.996387 0.000000 0.084933
vn 0.996387 0.000000 0.084933
vn -0.996339 0.000000 -0.085493
vn -0.996339 0.000000 -0.085493
vn -0.996339 0.000000 -0.085493
vn -0.996339 0.000000 -0.085493
vn 0.996387 0.000000 0.084933
vn 0.996387 0.000000 0.084933
vn 0.996387 0.000000 0.084933
vn 0.996387 0.000000 0.084933
vn -0.996339 0.000000 -0.085493
vn -0.996339 0.000000 -0.085493
vn -0.996339 0.000000 -0.085493
vn -0.996339 0.000000 -0.085493
vn 0.996387 0.000000 0.084933
vn 0.996387 0.000000 0.084933
vn 0.996387 0.000000 0.084933
vn 0.996387 0.000000 0.084933
vn -0.996339 0.000000 -0.085493
vn -0.996339 0.000000 -0.085493
vn -0.996339 0.000000 -0.085493
vn -0.996339 0.000000 -0.085493
vn 0.996387 0.000000 0.084933
vn 0.996387 0.000000 0.084933
vn 0.996387 0.000000 0.084933
vn 0.996387 0.000000 0.084933
vn -0.996339 0.000000 -0.085493
vn -0.996339 0.000000 -0.085493
vn -0.996339 0.000000 -0.085493
vn -0.996339 0.000000 -0.085493
vn 0.996387 0.000000 0.084933
vn 0.996387 0.000000 0.084933
vn 0.996387 0.000000 0.084933
vn 0.996387 0.000000 0.084933
vn -0.996339 0.000000 -0.085493
vn -0.996339 0.000000 -0.085493
vn -0.996339 0.000000 -0.085493
vn -0.996339 0.000000 -0.085493
vn 0.996387 0.000000 0.084933
vn 0.996387 0.000000 0.084933
vn 0.996387 0.000000 0.084933
vn 0.996387 0.000000 0.084933
vn -0.996339 0.000000 -0.085493
vn -0.996339 0.000000 -0.085493
vn -0.996339 0.000000 -0.085493
vn -0.996339 0.000000 -0.085493
vn 0.996387 0.000000 0.084933
vn 0.996387 0.000000 0.084933
vn 0.996387 0.000000 0.084933
vn 0.996387 0.000000 0.084933
vn -0.996339 0.000000 -0.085493
vn -0.996339 0.000000 -0.085493
vn -0.996339 0.000000 -0.085493
vn -0.996339 0.000000 -0.085493
vn 0.996387 0.000000 0.084933
vn 0.996387 0.000000 0.084933
vn 0.996387 0.000000 0.084933
vn 0.996387 0.000000 0.084933
vn -0.996339 0.000000 -0.085493
vn -0.996339 0.000000 -0.085493
vn -0.996339 0.000000 -0.085493
vn -0.996339 0.000000 -0.085493
vn 0.996387 0.000000 0.084933
vn 0.996387 0.000000 0.084933
vn 0.996387 0.000000 0.084933
vn 0.996387 0.000000 0.084933
vn -0.996339 0.000000 -0.085493
vn -0.996339 0.000000 -0.085493
vn -0.996339 0.000000 -0.085493
vn -0.996339 0.000000 -0.085493
vn 0.996387 0.000000 0.084933
vn 0.996387 0.000000 0.084933
vn 0.996387 0.000000 0.084933
vn 0.996387 0.000000 0.084933
vn -0.996339 0.000000 -0.085493
vn -0.996339 0.000000 -0.085493
vn -0.996339 0.000000 -0.085493
vn -0.996339 0.000000 -0.085493
vn 0.996387 0.000000 0.084933
vn 0.996387 0.000000 0.084933
vn 0.996387 0.000000 0.084933
vn 0.996387 0.000000 0.084933
vn -0.996339 0.000000 -0.085493
vn -0.996339 0.000000 -0.085493
vn -0.996339 0.000000 -0.085493
vn -0.996339 0.000000 -0.085493
vn 0.996387 0.000000 0.084933
vn 0.996387 0.000000 0.084933
vn 0.996387 0.000000 0.084933
vn 0.996387 0.000000 0.084933
vn -0.996339 0.000000 -0.085493
vn -0.996339 0.000000 -0.085493
vn -0.996339 0.000000 -0.085493
vn -0.996339 0.000000 -0.085493
vn 0.996387 0.000000 0.084933
vn 0.996387 0.000000 0.084933
vn 0.996387 0.000000 0.084933
vn 0.996387 0.000000 0.084933
vn -0.996339 0.000000 -0.085493
vn -0.996339 0.000000 -0.085493
vn -0.996339 0.000000 -0.085493
vn -0.996339 0.000000 -0.085493
vn 0.996387 0.000000 0.084933
vn 0.996387 0.000000 0.084933
vn 0.996387 0.000000 0.084933
vn 0.996387 0.000000 0.084933
vn -0.996339 0.000000 -0.085493
vn -0.996339 0.000000 -0.085493
vn -0.996339 0.000000 -0.085493
vn -0.996339 0.000000 -0.085493
vn 0.996387 0.000000 0.084933
vn 0.996387 0.000000 0.084933
vn 0.996387 0.000000 0.084933
vn 0.996387 0.000000 0.084933
vn -0.996339 0.000000 -0.085494
vn -0.996339 0.000000 -0.085494
vn -0.996339 0.000000 -0.085494
vn -0.996339 0.000000 -0.085494
vn 0.996387 0.000000 0.084933
vn 0.996387 0.000000 0.084933
vn 0.996387 0.000000 0.084933
vn 0.996387 0.000000 0.084933
vn -0.996339 0.000000 -0.085493
vn -0.996339 0.000000 -0.085493
vn -0.996339 0.000000 -0.085493
vn -0.996339 0.000000 -0.085493
vn 0.000000 0.957438 -0.288639
vn 0.000000 0.957438 -0.288639
vn 0.000000 0.957438 -0.288639
vn 0.000000 0.957438 -0.288639
vn -0.845306 0.000000 -0.534283
vn -0.845306 0.000000 -0.534283
vn -0.845306 0.000000 -0.534283
vn -0.845306 0.000000 -0.534283
vn 0.000000 0.957438 -0.288639
vn 0.000000 0.957438 -0.288639
vn 0.000000 0.957438 -0.288639
vn 0.000000 0.957438 -0.288639
vn 0.000000 0.957438 -0.288639
vn 0.000000 0.957438 -0.288639
vn 0.000000 0.957438 -0.288639
vn 0.000000 0.957438 -0.288639
vn 0.000000 0.957438 -0.288639
vn 0.000000 0.957438 -0.288639
vn 0.000000 0.957438 -0.288639
vn 0.000000 0.957438 -0.288639
vn 0.000000 0.957438 -0.288639
vn 0.000000 0.957438 -0.288639
vn 0.000000 0.957438 -0.288639
vn 0.000000 0.957438 -0.288639
vn 0.000000 0.957438 -0.288639
vn 0.000000 0.957438 -0.288639
vn 0.000000 0.957438 -0.288639
vn 0.000000 0.957438 -0.288639
vn 0.000000 0.957438 -0.288639
vn 0.000000 0.957438 -0.288639
vn 0.000000 0.957438 -0.288639
vn 0.000000 0.957438 -0.288639
vn 0.000000 0.957438 -0.288639
vn 0.000000 0.957438 -0.288639
vn 0.000000 0.957438 -0.288639
vn 0.000000 0.957438 -0.288639
vn 0.000000 0.957438 -0.288639
vn 0.000000 0.957438 -0.288639
vn 0.000000 0.957438 -0.288639
vn 0.000000 0.957438 -0.288639
vn 0.000000 0.957438 -0.288639
vn 0.000000 0.957438 -0.288639
vn 0.000000 0.957438 -0.288639
vn 0.000000 0.957438 -0.288639
vn 0.000000 0.957438 -0.288639
vn 0.000000 0.957438 -0.288639
vn 0.000000 0.957438 -0.288639
vn 0.000000 0.957438 -0.288639
vn 0.000000 0.957438 -0.288639
vn 0.000000 0.957438 -0.288639
vn 0.000000 0.957438 -0.288639
vn 0.000000 0.957438 -0.288639
vn 0.000000 0.957438 -0.288639
vn 0.000000 0.957438 -0.288639
vn 0.000000 0.957438 -0.288639
vn 0.000000 0.957438 -0.288639
vn 0.000000 0.957438 -0.288639
vn 0.000000 0.957438 -0.288639
vn 0.000000 0.957438 -0.288639
vn 0.000000 0.957438 -0.288639
vn 0.000000 0.957438 -0.288639
vn 0.000000 0.957438 -0.288639
vn 0.000000 0.957438 -0.288639
vn 0.000000 0.957438 -0.288639
vn 0.000000 0.957438 -0.288639
vn 0.000000 0.957438 -0.288639
vn 0.000000 0.957438 -0.288639
vn 0.000000 0.957438 -0.288639
vn 0.000000 0.957438 -0.288639
vn 0.000000 0.957438 -0.288639
vn 0.000000 0.957438 -0.288639
vn 0.000000 0.957438 -0.288639
vn 0.000000 0.957438 -0.288639
vn 0.000000 0.957438 -0.288639
vn 0.000000 0.957438 -0.288639
vn 0.000000 0.957438 -0.288639
vn 0.000000 0.957438 -0.288639
vn 0.000000 0.957438 -0.288639
vn 0.000000 0.957438 -0.288639
vn 0.000000 0.957438 -0.288639
vn 0.000000 0.957438 -0.288639
vn 0.000000 0.957438 -0.288639
vn 0.000000 0.957438 -0.288639
vn 0.000000 0.957438 -0.288639
vn 0.000000 0.957438 -0.288639
vn 0.000000 0.957438 -0.288639
vn 0.000000 0.957438 -0.288639
vn 0.000000 0.957438 -0.288639
vn 0.845306 0.000000 -0.534283
vn 0.845306 0.000000 -0.534283
vn 0.845306 0.000000 -0.534283
vn 0.845306 0.000000 -0.534283
vn -0.845306 0.000000 -0.534283
vn -0.845306 0.000000 -0.534283
vn -0.845306 0.000000 -0.534283
vn -0.845306 0.000000 -0.534283
vn 0.845306 0.000000 -0.534283
vn 0.845306 0.000000 -0.534283
vn 0.845306 0.000000 -0.534283
vn 0.845306 0.000000 -0.534283
vn -0.845306 0.000000 -0.534283
vn -0.845306 0.000000 -0.534283
vn -0.845306 0.000000 -0.534283
vn -0.845306 0.000000 -0.534283
vn 0.845305 0.000000 -0.534283
vn 0.845306 0.000000 -0.534283
vn 0.845306 0.000000 -0.534283
vn 0.845306 0.000000 -0.534283
vn -0.845305 0.000000 -0.534283
vn -0.845305 0.000000 -0.534283
vn -0.845305 0.000000 -0.534283
vn -0.845305 0.000000 -0.534283
vn 0.845305 0.000000 -0.534283
vn 0.845305 0.000000 -0.534283
vn 0.845305 0.000000 -0.534283
vn 0.845305 0.000000 -0.534283
vn -0.845306 0.000000 -0.534283
vn -0.845306 0.000000 -0.534283
vn -0.845306 0.000000 -0.534283
vn -0.845306 0.000000 -0.534283
vn 0.845306 0.000000 -0.534283
vn 0.845306 0.000000 -0.534283
vn 0.845306 0.000000 -0.534283
vn 0.845306 0.000000 -0.534283
vn -0.845306 0.000000 -0.534283
vn -0.845306 0.000000 -0.534283
vn -0.845306 0.000000 -0.534283
vn -0.845306 0.000000 -0.534283
vn 0.845306 0.000000 -0.534283
vn 0.845306 0.000000 -0.534283
vn 0.845306 0.000000 -0.534283
vn 0.845306 0.000000 -0.534283
vn -0.845306 0.000000 -0.534283
vn -0.845306 0.000000 -0.534283
vn -0.845306 0.000000 -0.534283
vn -0.845306 0.000000 -0.534283
vn 0.845306 0.000000 -0.534283
vn 0.845306 0.000000 -0.534283
vn 0.845306 0.000000 -0.534283
vn 0.845306 0.000000 -0.534283
vn -0.845306 0.000000 -0.534283
vn -0.845306 0.000000 -0.534283
vn -0.845306 0.000000 -0.534283
vn -0.845306 0.000000 -0.534283
vn 0.845306 0.000000 -0.534283
vn 0.845306 0.000000 -0.534283
vn 0.845306 0.000000 -0.534283
vn 0.845306 0.000000 -0.534283
vn -0.845306 0.000000 -0.534283
vn -0.845306 0.000000 -0.534283
vn -0.845306 0.000000 -0.534283
vn -0.845306 0.000000 -0.534283
vn 0.845306 0.000000 -0.534283
vn 0.845306 0.000000 -0.534283
vn 0.845306 0.000000 -0.534283
vn 0.845306 0.000000 -0.534283
vn -0.845306 0.000000 -0.534283
vn -0.845306 0.000000 -0.534283
vn -0.845306 0.000000 -0.534283
vn -0.845306 0.000000 -0.534283
vn 0.845306 0.000000 -0.534283
vn 0.845306 0.000000 -0.534283
vn 0.845306 0.000000 -0.534283
vn 0.845305 0.000000 -0.534283
vn -0.845306 0.000000 -0.534283
vn -0.845306 0.000000 -0.534283
vn -0.845306 0.000000 -0.534283
vn -0.845306 0.000000 -0.534283
vn 0.845306 0.000000 -0.534283
vn 0.845306 0.000000 -0.534283
vn 0.845306 0.000000 -0.534283
vn 0.845306 0.000000 -0.534283
vn -0.845306 0.000000 -0.534283
vn -0.845306 0.000000 -0.534283
vn -0.845306 0.000000 -0.534283
vn -0.845306 0.000000 -0.534283
vn 0.845306 0.000000 -0.534283
vn 0.845306 0.000000 -0.534283
vn 0.845306 0.000000 -0.534283
vn 0.845306 0.000000 -0.534283
vn -0.845306 0.000000 -0.534283
vn -0.845306 0.000000 -0.534283
vn -0.845306 0.000000 -0.534283
vn -0.845306 0.000000 -0.534283
vn 0.845306 0.000000 -0.534283
vn 0.845306 0.000000 -0.534283
vn 0.845306 0.000000 -0.534283
vn 0.845306 0.000000 -0.534283
vn -0.845306 0.000000 -0.534283
vn -0.845306 0.000000 -0.534283
vn -0.845306 0.000000 -0.534283
vn -0.845306 0.000000 -0.534283
vn 0.845306 0.000000 -0.534283
vn 0.845306 0.000000 -0.534283
vn 0.845306 0.000000 -0.534283
vn 0.845306 0.000000 -0.534283
vn -0.845306 0.000000 -0.534283
vn -0.845306 0.000000 -0.534283
vn -0.845306 0.000000 -0.534283
vn -0.845306 0.000000 -0.534283
vn 0.845306 0.000000 -0.534283
vn 0.845306 0.000000 -0.534283
vn 0.845306 0.000000 -0.534283
vn 0.845306 0.000000 -0.534283
vn -0.845306 0.000000 -0.534283
vn -0.845306 0.000000 -0.534283
vn -0.845306 0.000000 -0.534283
vn -0.845306 0.000000 -0.534283
vn 0.845306 0.000000 -0.534283
vn 0.845306 0.000000 -0.534283
vn 0.845306 0.000000 -0.534283
vn 0.845306 0.000000 -0.534283
vn -0.845306 0.000000 -0.534283
vn -0.845306 0.000000 -0.534283
vn -0.845306 0.000000 -0.534283
vn -0.845306 0.000000 -0.534283
vn 0.845306 0.000000 -0.534283
vn 0.845306 0.000000 -0.534283
vn 0.845306 0.000000 -0.534283
vn 0.845306 0.000000 -0.534283
vn -0.845306 0.000000 -0.534283
vn -0.845306 0.000000 -0.534283
vn -0.845306 0.000000 -0.534283
vn -0.845306 0.000000 -0.534283
vn 0.845306 0.000000 -0.534283
vn 0.845306 0.000000 -0.534283
vn 0.845306 0.000000 -0.534283
vn 0.845306 0.000000 -0.534283
vn -0.845305 0.000000 -0.534283
vn -0.845305 0.000000 -0.534283
vn -0.845305 0.000000 -0.534283
vn -0.845305 0.000000 -0.534283
vn 0.845305 0.000000 -0.534283
vn 0.845305 0.000000 -0.534283
vn 0.845305 0.000000 -0.534283
vn 0.845305 0.000000 -0.534283
vn -0.845306 0.000000 -0.534283
vn -0.845306 0.000000 -0.534283
vn -0.845306 0.000000 -0.534283
vn -0.845306 0.000000 -0.534283
vn 0.845306 0.000000 -0.534283
vn 0.845306 0.000000 -0.534283
vn 0.845306 0.000000 -0.534283
vn 0.845306 0.000000 -0.534283
vn -0.845306 0.000000 -0.534283
vn -0.845306 0.000000 -0.534283
vn -0.845306 0.000000 -0.534283
vn -0.845306 0.000000 -0.534283
vn 0.845306 0.000000 -0.534283
vn 0.845306 0.000000 -0.534283
vn 0.845306 0.000000 -0.534283
vn 0.845306 0.000000 -0.534283
vn -0.845306 0.000000 -0.534283
vn -0.845306 0.000000 -0.534283
vn -0.845306 0.000000 -0.534283
vn -0.845306 0.000000 -0.534283
vn 0.845306 0.000000 -0.534283
vn 0.845306 0.000000 -0.534283
vn 0.845306 0.000000 -0.534283
vn 0.845306 0.000000 -0.534283
vn -0.845305 0.000000 -0.534283
vn -0.845305 0.000000 -0.534283
vn -0.845305 0.000000 -0.534283
vn -0.845305 0.000000 -0.534283
vn 0.845305 0.000000 -0.534283
vn 0.845305 0.000000 -0.534283
vn 0.845305 0.000000 -0.534283
vn 0.845305 0.000000 -0.534283
vn 0.000000 -0.957438 -0.288639
vn 0.000000 -0.957438 -0.288639
vn 0.000000 -0.957438 -0.288639
vn 0.000000 -0.957438 -0.288639
vn -0.845306 0.000000 -0.534283
vn -0.845306 0.000000 -0.534283
vn -0.845306 0.000000 -0.534283
vn -0.845306 0.000000 -0.534283
vn 0.000000 -0.957438 -0.288639
vn 0.000000 -0.957438 -0.288639
vn 0.000000 -0.957438 -0.288639
vn 0.000000 -0.957438 -0.288639
vn 0.000000 -0.957438 -0.288639
vn 0.000000 -0.957438 -0.288639
vn 0.000000 -0.957438 -0.288639
vn 0.000000 -0.957438 -0.288639
vn 0.000000 -0.957438 -0.288639
vn 0.000000 -0.957438 -0.288639
vn 0.000000 -0.957438 -0.288639
vn 0.000000 -0.957438 -0.288639
vn 0.000000 -0.957438 -0.288639
vn 0.000000 -0.957438 -0.288639
vn 0.000000 -0.957438 -0.288639
vn 0.000000 -0.957438 -0.288639
vn 0.000000 -0.957438 -0.288639
vn 0.000000 -0.957438 -0.288639
vn 0.000000 -0.957438 -0.288639
vn 0.000000 -0.957438 -0.288639
vn 0.000000 -0.957438 -0.288639
vn 0.000000 -0.957438 -0.288639
vn 0.000000 -0.957438 -0.288639
vn 0.000000 -0.957438 -0.288639
vn 0.000000 -0.957438 -0.288639
vn 0.000000 -0.957438 -0.288639
vn 0.000000 -0.957438 -0.288639
vn 0.000000 -0.957438 -0.288639
vn 0.000000 -0.957438 -0.288639
vn 0.000000 -0.957438 -0.288639
vn 0.000000 -0.957438 -0.288639
vn 0.000000 -0.957438 -0.288639
vn 0.000000 -0.957438 -0.288639
vn 0.000000 -0.957438 -0.288639
vn 0.000000 -0.957438 -0.288639
vn 0.000000 -0.957438 -0.288639
vn 0.000000 -0.957438 -0.288639
vn 0.000000 -0.957438 -0.288639
vn 0.000000 -0.957438 -0.288639
vn 0.000000 -0.957438 -0.288639
vn 0.000000 -0.957438 -0.288639
vn 0.000000 -0.957438 -0.288639
vn 0.000000 -0.957438 -0.288639
vn 0.000000 -0.957438 -0.288639
vn 0.000000 -0.957438 -0.288639
vn 0.000000 -0.957438 -0.288639
vn 0.000000 -0.957438 -0.288639
vn 0.000000 -0.957438 -0.288639
vn 0.000000 -0.957438 -0.288639
vn 0.000000 -0.957438 -0.288639
vn 0.000000 -0.957438 -0.288639
vn 0.000000 -0.957438 -0.288639
vn 0.000000 -0.957438 -0.288639
vn 0.000000 -0.957438 -0.288639
vn 0.000000 -0.957438 -0.288639
vn 0.000000 -0.957438 -0.288639
vn 0.000000 -0.957438 -0.288639
vn 0.000000 -0.957438 -0.288639
vn 0.000000 -0.957438 -0.288639
vn 0.000000 -0.957438 -0.288639
vn 0.000000 -0.957438 -0.288639
vn 0.000000 -0.957438 -0.288639
vn 0.000000 -0.957438 -0.288639
vn 0.000000 -0.957438 -0.288639
vn 0.000000 -0.957438 -0.288639
vn 0.000000 -0.957438 -0.288639
vn 0.000000 -0.957438 -0.288639
vn 0.000000 -0.957438 -0.288639
vn 0.000000 -0.957438 -0.288639
vn 0.000000 -0.957438 -0.288639
vn 0.000000 -0.957438 -0.288639
vn 0.000000 -0.957438 -0.288639
vn 0.000000 -0.957438 -0.288639
vn 0.000000 -0.957438 -0.288639
vn 0.000000 -0.957438 -0.288639
vn 0.000000 -0.957438 -0.288639
vn 0.845306 0.000000 -0.534283
vn 0.845306 0.000000 -0.534283
vn 0.845306 0.000000 -0.534283
vn 0.845306 0.000000 -0.534283
vn 0.000000 -0.957438 -0.288639
vn 0.000000 -0.957438 -0.288639
vn 0.000000 -0.957438 -0.288639
vn 0.000000 -0.957438 -0.288639
vn -0.450081 0.892988 0.000000
vn -0.450081 0.892988 0.000000
vn -0.450081 0.892988 0.000000
vn -0.450081 0.892988 0.000000
vn -0.792961 0.609272 0.000000
vn -0.792961 0.609272 0.000000
vn -0.792961 0.609272 0.000000
vn -0.792961 0.609272 0.000000
vn -0.018052 0.999837 0.000000
vn -0.018052 0.999837 0.000000
vn -0.018052 0.999837 0.000000
vn -0.018052 0.999837 0.000000
vn 0.417544 0.908656 0.000000
vn 0.417544 0.908656 0.000000
vn 0.417544 0.908656 0.000000
vn 0.417544 0.908656 0.000000
vn 0.770448 0.637503 0.000000
vn 0.770448 0.637503 0.000000
vn 0.770448 0.637503 0.000000
vn 0.770448 0.637503 0.000000
vn -0.978786 0.204885 0.000000
vn -0.978786 0.204885 0.000000
vn -0.978786 0.204885 0.000000
vn -0.978786 0.204885 0.000000
vn 0.970752 0.240084 0.000000
vn 0.970752 0.240084 0.000000
vn 0.970752 0.240084 0.000000
vn 0.970752 0.240084 0.000000
vn -0.970752 -0.240086 0.000000
vn -0.970752 -0.240086 0.000000
vn -0.970752 -0.240086 0.000000
vn -0.970752 -0.240086 0.000000
vn 0.978787 -0.204882 0.000000
vn 0.978787 -0.204882 0.000000
vn 0.978787 -0.204882 0.000000
vn 0.978787 -0.204882 0.000000
vn -0.417547 -0.908655 0.000000
vn -0.417547 -0.908655 0.000000
vn -0.417547 -0.908655 0.000000
vn -0.417547 -0.908655 0.000000
vn -0.770448 -0.637503 0.000000
vn -0.770448 -0.637503 0.000000
vn -0.770448 -0.637503 0.000000
vn -0.770448 -0.637503 0.000000
vn 0.018053 -0.999837 0.000000
vn 0.018053 -0.999837 0.000000
vn 0.018053 -0.999837 0.000000
vn 0.018053 -0.999837 0.000000
vn 0.792961 -0.609273 0.000000
vn 0.792961 -0.609273 0.000000
vn 0.792961 -0.609273 0.000000
vn 0.792961 -0.609273 0.000000
vn 0.450080 -0.892988 0.000000
vn 0.450080 -0.892988 0.000000
vn 0.450080 -0.892988 0.000000
vn 0.450080 -0.892988 0.000000
vn -0.450081 0.892988 0.000000
vn -0.450081 0.892988 0.000000
vn -0.450081 0.892988 0.000000
vn -0.450081 0.892988 0.000000
vn -0.792960 0.609273 0.000000
vn -0.792960 0.609273 0.000000
vn -0.792960 0.609273 0.000000
vn -0.792960 0.609273 0.000000
vn -0.018052 0.999837 0.000000
vn -0.018052 0.999837 0.000000
vn -0.018052 0.999837 0.000000
vn -0.018052 0.999837 0.000000
vn 0.417545 0.908656 0.000000
vn 0.417545 0.908656 0.000000
vn 0.417545 0.908656 0.000000
vn 0.417545 0.908656 0.000000
vn 0.770447 0.637504 0.000000
vn 0.770447 0.637504 0.000000
vn 0.770447 0.637504 0.000000
vn 0.770447 0.637504 0.000000
vn -0.978786 0.204884 0.000000
vn -0.978786 0.204884 0.000000
vn -0.978786 0.204884 0.000000
vn -0.978786 0.204884 0.000000
vn 0.970751 0.240087 0.000000
vn 0.970751 0.240087 0.000000
vn 0.970751 0.240087 0.000000
vn 0.970751 0.240087 0.000000
vn -0.970752 -0.240086 0.000000
vn -0.970752 -0.240086 0.000000
vn -0.970752 -0.240086 0.000000
vn -0.970752 -0.240086 0.000000
vn 0.978786 -0.204883 0.000000
vn 0.978786 -0.204883 0.000000
vn 0.978786 -0.204883 0.000000
vn 0.978786 -0.204883 0.000000
vn -0.417548 -0.908655 0.000000
vn -0.417548 -0.908655 0.000000
vn -0.417548 -0.908655 0.000000
vn -0.417548 -0.908655 0.000000
vn -0.770448 -0.637503 0.000000
vn -0.770448 -0.637503 0.000000
vn -0.770448 -0.637503 0.000000
vn -0.770448 -0.637503 0.000000
vn 0.018053 -0.999837 0.000000
vn 0.018053 -0.999837 0.000000
vn 0.018053 -0.999837 0.000000
vn 0.018053 -0.999837 0.000000
vn 0.792957 -0.609277 0.000000
vn 0.792957 -0.609277 0.000000
vn 0.792957 -0.609277 0.000000
vn 0.792957 -0.609277 0.000000
vn 0.450081 -0.892987 0.000000
vn 0.450081 -0.892987 0.000000
vn 0.450081 -0.892987 0.000000
vn 0.450081 -0.892987 0.000000
vn -0.333150 0.573801 0.748173
vn -0.333150 0.573801 0.748173
vn -0.333150 0.573801 0.748173
vn -0.333150 0.573801 0.748173
vn -0.675985 0.477545 0.561244
vn -0.675985 0.477545 0.561244
vn -0.675985 0.477545 0.561244
vn -0.675985 0.477545 0.561244
vn -0.012577 0.575747 0.817531
vn -0.012577 0.575747 0.817531
vn -0.012577 0.575747 0.817531
vn -0.012577 0.575747 0.817531
vn 0.306446 0.575712 0.758054
vn 0.306446 0.575712 0.758054
vn 0.306446 0.575712 0.758054
vn 0.306446 0.575712 0.758054
vn 0.648346 0.491505 0.581438
vn 0.648346 0.491505 0.581438
vn 0.648346 0.491505 0.581438
vn 0.648346 0.491505 0.581438
vn -0.958764 0.190292 0.211095
vn -0.958764 0.190292 0.211095
vn -0.958764 0.190292 0.211095
vn -0.958764 0.190292 0.211095
vn 0.943782 0.220929 0.245899
vn 0.943782 0.220929 0.245899
vn 0.943782 0.220929 0.245899
vn 0.943782 0.220929 0.245899
vn -0.943857 -0.224746 -0.242123
vn -0.943857 -0.224746 -0.242123
vn -0.943857 -0.224746 -0.242123
vn -0.943857 -0.224746 -0.242123
vn 0.958812 -0.193062 -0.208342
vn 0.958812 -0.193062 -0.208342
vn 0.958812 -0.193062 -0.208342
vn 0.958812 -0.193062 -0.208342
vn -0.308932 -0.654712 -0.689864
vn -0.308932 -0.654712 -0.689864
vn -0.308932 -0.654713 -0.689864
vn -0.308932 -0.654712 -0.689864
vn -0.649497 -0.521443 -0.553400
vn -0.649497 -0.521443 -0.553400
vn -0.649497 -0.521443 -0.553400
vn -0.649497 -0.521443 -0.553400
vn 0.012763 -0.689068 -0.724584
vn 0.012763 -0.689068 -0.724584
vn 0.012763 -0.689068 -0.724584
vn 0.012763 -0.689068 -0.724584
vn 0.677006 -0.504488 -0.535868
vn 0.677006 -0.504488 -0.535868
vn 0.677006 -0.504488 -0.535868
vn 0.677006 -0.504488 -0.535868
vn 0.335606 -0.648336 -0.683396
vn 0.335606 -0.648336 -0.683396
vn 0.335606 -0.648336 -0.683396
vn 0.335606 -0.648336 -0.683396
vn -0.333149 0.573802 0.748173
vn -0.333149 0.573802 0.748173
vn -0.333149 0.573802 0.748173
vn -0.333149 0.573802 0.748173
vn -0.675985 0.477544 0.561245
vn -0.675985 0.477544 0.561245
vn -0.675985 0.477544 0.561245
vn -0.675985 0.477544 0.561245
vn -0.012577 0.575747 0.817531
vn -0.012577 0.575747 0.817531
vn -0.012577 0.575747 0.817531
vn -0.012577 0.575747 0.817531
vn 0.306446 0.575713 0.758054
vn 0.306446 0.575713 0.758054
vn 0.306446 0.575713 0.758054
vn 0.306446 0.575713 0.758054
vn 0.648344 0.491506 0.581439
vn 0.648344 0.491506 0.581439
vn 0.648344 0.491506 0.581439
vn 0.648344 0.491506 0.581439
vn -0.958764 0.190291 0.211093
vn -0.958764 0.190291 0.211093
vn -0.958764 0.190291 0.211093
vn -0.958764 0.190291 0.211093
vn 0.943781 0.220931 0.245901
vn 0.943781 0.220931 0.245901
vn 0.943781 0.220931 0.245901
vn 0.943781 0.220931 0.245901
vn -0.943857 -0.224747 -0.242122
vn -0.943857 -0.224746 -0.242122
vn -0.943857 -0.224746 -0.242122
vn -0.943857 -0.224746 -0.242122
vn 0.958812 -0.193062 -0.208342
vn 0.958812 -0.193062 -0.208342
vn 0.958812 -0.193062 -0.208342
vn 0.958812 -0.193062 -0.208342
vn -0.308932 -0.654712 -0.689864
vn -0.308932 -0.654712 -0.689864
vn -0.308932 -0.654712 -0.689864
vn -0.308932 -0.654712 -0.689864
vn -0.649496 -0.521444 -0.553400
vn -0.649496 -0.521444 -0.553400
vn -0.649496 -0.521444 -0.553400
vn -0.649496 -0.521444 -0.553400
vn 0.012763 -0.689069 -0.724584
vn 0.012763 -0.689069 -0.724584
vn 0.012763 -0.689069 -0.724584
vn 0.012763 -0.689069 -0.724584
vn 0.677002 -0.504491 -0.535870
vn 0.677002 -0.504491 -0.535870
vn 0.677002 -0.504491 -0.535870
vn 0.677002 -0.504491 -0.535870
vn 0.335607 -0.648335 -0.683396
vn 0.335607 -0.648335 -0.683396
vn 0.335607 -0.648335 -0.683396
vn 0.335607 -0.648335 -0.683396
vn -0.450082 0.000000 0.892987
vn -0.450082 0.000000 0.892987
vn -0.450082 0.000000 0.892987
vn -0.450082 0.000000 0.892987
vn -0.792961 0.000000 0.609273
vn -0.792961 0.000000 0.609273
vn -0.792961 0.000000 0.609273
vn -0.792961 0.000000 0.609273
vn -0.018052 0.000000 0.999837
vn -0.018052 0.000000 0.999837
vn -0.018052 0.000000 0.999837
vn -0.018052 0.000000 0.999837
vn 0.417545 0.000000 0.908656
vn 0.417545 0.000000 0.908656
vn 0.417545 0.000000 0.908656
vn 0.417545 0.000000 0.908656
vn 0.770448 0.000000 0.637503
vn 0.770448 0.000000 0.637503
vn 0.770448 0.000000 0.637503
vn 0.770448 0.000000 0.637503
vn -0.978786 0.000000 0.204885
vn -0.978786 0.000000 0.204885
vn -0.978786 0.000000 0.204885
vn -0.978786 0.000000 0.204885
vn 0.970752 0.000000 0.240084
vn 0.970752 0.000000 0.240084
vn 0.970752 0.000000 0.240084
vn 0.970752 0.000000 0.240084
vn -0.970751 0.000000 -0.240087
vn -0.970751 0.000000 -0.240087
vn -0.970751 0.000000 -0.240087
vn -0.970751 0.000000 -0.240087
vn 0.978786 0.000000 -0.204883
vn 0.978786 0.000000 -0.204883
vn 0.978786 0.000000 -0.204883
vn 0.978786 0.000000 -0.204883
vn -0.417547 0.000000 -0.908655
vn -0.417547 0.000000 -0.908655
vn -0.417547 0.000000 -0.908655
vn -0.417547 0.000000 -0.908655
vn -0.770449 0.000000 -0.637501
vn -0.770449 0.000000 -0.637501
vn -0.770449 0.000000 -0.637501
vn -0.770449 0.000000 -0.637501
vn 0.018055 0.000000 -0.999837
vn 0.018055 0.000000 -0.999837
vn 0.018055 0.000000 -0.999837
vn 0.018055 0.000000 -0.999837
vn 0.792961 0.000000 -0.609272
vn 0.792961 0.000000 -0.609272
vn 0.792961 0.000000 -0.609272
vn 0.792961 0.000000 -0.609272
vn 0.450079 0.000000 -0.892989
vn 0.450079 0.000000 -0.892989
vn 0.450079 0.000000 -0.892989
vn 0.450079 0.000000 -0.892989
vn -0.450082 0.000000 0.892987
vn -0.450082 0.000000 0.892987
vn -0.450082 0.000000 0.892987
vn -0.450082 0.000000 0.892987
vn -0.792960 0.000000 0.609273
vn -0.792960 0.000000 0.609273
vn -0.792960 0.000000 0.609273
vn -0.792960 0.000000 0.609273
vn -0.018052 0.000000 0.999837
vn -0.018052 0.000000 0.999837
vn -0.018052 0.000000 0.999837
vn -0.018052 0.000000 0.999837
vn 0.417546 0.000000 0.908656
vn 0.417546 0.000000 0.908656
vn 0.417546 0.000000 0.908656
vn 0.417546 0.000000 0.908656
vn 0.770446 0.000000 0.637505
vn 0.770446 0.000000 0.637505
vn 0.770446 0.000000 0.637505
vn 0.770446 0.000000 0.637505
vn -0.978786 0.000000 0.204883
vn -0.978786 0.000000 0.204883
vn -0.978786 0.000000 0.204883
vn -0.978786 0.000000 0.204883
vn 0.970752 0.000000 0.240086
vn 0.970752 0.000000 0.240086
vn 0.970752 0.000000 0.240086
vn 0.970752 0.000000 0.240086
vn -0.970752 0.000000 -0.240086
vn -0.970752 0.000000 -0.240086
vn -0.970752 0.000000 -0.240086
vn -0.970752 0.000000 -0.240086
vn 0.978786 0.000000 -0.204883
vn 0.978786 0.000000 -0.204883
vn 0.978786 0.000000 -0.204883
vn 0.978786 0.000000 -0.204883
vn -0.417547 0.000000 -0.908655
vn -0.417547 0.000000 -0.908655
vn -0.417547 0.000000 -0.908655
vn -0.417547 0.000000 -0.908655
vn -0.770449 0.000000 -0.637502
vn -0.770449 0.000000 -0.637502
vn -0.770449 0.000000 -0.637502
vn -0.770449 0.000000 -0.637502
vn 0.018055 0.000000 -0.999837
vn 0.018055 0.000000 -0.999837
vn 0.018055 0.000000 -0.999837
vn 0.018055 0.000000 -0.999837
vn 0.792959 0.000000 -0.609275
vn 0.792959 0.000000 -0.609275
vn 0.792959 0.000000 -0.609275
vn 0.792959 0.000000 -0.609275
vn 0.450080 0.000000 -0.892988
vn 0.450080 0.000000 -0.892988
vn 0.450080 0.000000 -0.892988
vn 0.450080 0.000000 -0.892988
vn 0.000000 -0.722106 0.691783
vn 0.000000 -0.722106 0.691783
vn 0.000000 -0.722106 0.691783
vn 0.000000 -0.722106 0.691783
vn 0.000000 0.718942 -0.695070
vn 0.000000 0.718942 -0.695070
vn 0.000000 0.718942 -0.695070
vn 0.000000 0.718942 -0.695070
vn 0.000000 -0.722105 0.691783
vn 0.000000 -0.722105 0.691783
vn 0.000000 -0.722105 0.691783
vn 0.000000 -0.722105 0.691783
vn 0.000000 0.718943 -0.695070
vn 0.000000 0.718943 -0.695070
vn 0.000000 0.718942 -0.695070
vn 0.000000 0.718943 -0.695070
vn 0.000000 -0.722106 0.691783
vn 0.000000 -0.722106 0.691783
vn 0.000000 -0.722106 0.691783
vn 0.000000 -0.722106 0.691783
vn 0.000000 0.718942 -0.695070
vn 0.000000 0.718942 -0.695070
vn 0.000000 0.718942 -0.695070
vn 0.000000 0.718942 -0.695070
vn 0.000000 -0.722106 0.691783
vn 0.000000 -0.722106 0.691783
vn 0.000000 -0.722106 0.691783
vn 0.000000 -0.722106 0.691783
vn 0.000000 0.718943 -0.695070
vn 0.000000 0.718943 -0.695070
vn 0.000000 0.718943 -0.695070
vn 0.000000 0.718943 -0.695070
vn 0.000000 -0.722105 0.691783
vn 0.000000 -0.722105 0.691783
vn 0.000000 -0.722105 0.691783
vn 0.000000 -0.722105 0.691783
vn 0.000000 0.718942 -0.695070
vn 0.000000 0.718942 -0.695070
vn 0.000000 0.718942 -0.695070
vn 0.000000 0.718942 -0.695070
vn 0.000000 -0.722106 0.691783
vn 0.000000 -0.722106 0.691783
vn 0.000000 -0.722106 0.691783
vn 0.000000 -0.722106 0.691783
vn 0.000000 0.718943 -0.695069
vn 0.000000 0.718943 -0.695069
vn 0.000000 0.718943 -0.695069
vn 0.000000 0.718943 -0.695069
vn 0.000000 -0.722106 0.691783
vn 0.000000 -0.722106 0.691783
vn 0.000000 -0.722106 0.691783
vn 0.000000 -0.722106 0.691783
vn 0.000000 0.718943 -0.695069
vn 0.000000 0.718943 -0.695069
vn 0.000000 0.718943 -0.695069
vn 0.000000 0.718943 -0.695069
vn 0.000000 -0.722106 0.691783
vn 0.000000 -0.722106 0.691783
vn 0.000000 -0.722106 0.691783
vn 0.000000 -0.722106 0.691783
vn 0.000000 0.718943 -0.695070
vn 0.000000 0.718943 -0.695070
vn 0.000000 0.718943 -0.695070
vn 0.000000 0.718943 -0.695070
vn 0.000000 -0.722106 0.691783
vn 0.000000 -0.722106 0.691783
vn 0.000000 -0.722106 0.691783
vn 0.000000 -0.722106 0.691783
vn 0.000000 0.718943 -0.695070
vn 0.000000 0.718943 -0.695070
vn 0.000000 0.718943 -0.695070
vn 0.000000 0.718943 -0.695069
vn 0.000000 -0.722106 0.691783
vn 0.000000 -0.722106 0.691783
vn 0.000000 -0.722106 0.691783
vn 0.000000 -0.722106 0.691783
vn 0.000000 0.718943 -0.695070
vn 0.000000 0.718943 -0.695070
vn 0.000000 0.718943 -0.695069
vn 0.000000 0.718943 -0.695070
vn 0.000000 -0.722106 0.691783
vn 0.000000 -0.722106 0.691783
vn 0.000000 -0.722106 0.691783
vn 0.000000 -0.722106 0.691783
vn 0.000000 0.718943 -0.695069
vn 0.000000 0.718943 -0.695070
vn 0.000000 0.718943 -0.695070
vn 0.000000 0.718943 -0.695070
vn 0.000000 -0.722105 0.691783
vn 0.000000 -0.722105 0.691783
vn 0.000000 -0.722105 0.691783
vn 0.000000 -0.722105 0.691783
vn -0.000000 0.718942 -0.695070
vn -0.000000 0.718942 -0.695070
vn -0.000000 0.718942 -0.695070
vn -0.000000 0.718942 -0.695070
vn 0.000000 -0.722105 0.691783
vn 0.000000 -0.722105 0.691783
vn 0.000000 -0.722105 0.691783
vn 0.000000 -0.722105 0.691783
vn 0.000000 0.718942 -0.695070
vn 0.000000 0.718942 -0.695070
vn 0.000000 0.718942 -0.695070
vn 0.000000 0.718942 -0.695070
vn 0.000000 -0.722105 0.691783
vn 0.000000 -0.722105 0.691783
vn 0.000000 -0.722105 0.691783
vn 0.000000 -0.722105 0.691783
vn 0.000000 0.718942 -0.695070
vn 0.000000 0.718942 -0.695070
vn 0.000000 0.718942 -0.695070
vn 0.000000 0.718942 -0.695070
vn 0.000000 -0.722105 0.691783
vn 0.000000 -0.722105 0.691783
vn 0.000000 -0.722105 0.691783
vn 0.000000 -0.722105 0.691783
vn 0.000000 0.718942 -0.695070
vn 0.000000 0.718942 -0.695070
vn 0.000000 0.718942 -0.695070
vn 0.000000 0.718942 -0.695070
vn 0.000000 -0.722105 0.691783
vn 0.000000 -0.722105 0.691783
vn 0.000000 -0.722105 0.691783
vn 0.000000 -0.722105 0.691783
vn 0.000000 0.718942 -0.695070
vn 0.000000 0.718942 -0.695070
vn 0.000000 0.718942 -0.695070
vn 0.000000 0.718942 -0.695070
vn 0.000000 -0.722105 0.691784
vn 0.000000 -0.722105 0.691784
vn 0.000000 -0.722105 0.691784
vn 0.000000 -0.722105 0.691784
vn 0.000000 0.718942 -0.695070
vn 0.000000 0.718942 -0.695070
vn 0.000000 0.718942 -0.695070
vn 0.000000 0.718942 -0.695070
vn 0.000000 -0.722105 0.691783
vn 0.000000 -0.722105 0.691783
vn 0.000000 -0.722105 0.691783
vn 0.000000 -0.722105 0.691783
vn 0.000000 0.718942 -0.695070
vn 0.000000 0.718942 -0.695070
vn 0.000000 0.718942 -0.695070
vn 0.000000 0.718942 -0.695070
vn 0.000000 -0.722106 0.691783
vn 0.000000 -0.722106 0.691783
vn 0.000000 -0.722106 0.691783
vn 0.000000 -0.722106 0.691783
vn 0.000000 0.718942 -0.695070
vn 0.000000 0.718942 -0.695070
vn 0.000000 0.718942 -0.695070
vn 0.000000 0.718942 -0.695070
vn 0.000000 -0.722105 0.691783
vn 0.000000 -0.722105 0.691783
vn 0.000000 -0.722105 0.691783
vn 0.000000 -0.722105 0.691783
vn 0.000000 0.718942 -0.695070
vn 0.000000 0.718942 -0.695070
vn 0.000000 0.718942 -0.695070
vn 0.000000 0.718942 -0.695070
vn 0.000000 -0.722105 0.691784
vn 0.000000 -0.722105 0.691784
vn 0.000000 -0.722105 0.691784
vn 0.000000 -0.722105 0.691784
vn 0.000000 0.718942 -0.695070
vn 0.000000 0.718942 -0.695070
vn 0.000000 0.718942 -0.695070
vn 0.000000 0.718942 -0.695070
vn 0.000000 -0.722105 0.691784
vn 0.000000 -0.722105 0.691784
vn 0.000000 -0.722105 0.691784
vn 0.000000 -0.722105 0.691784
vn 0.000000 0.718942 -0.695070
vn 0.000000 0.718942 -0.695070
vn 0.000000 0.718942 -0.695070
vn 0.000000 0.718942 -0.695070
vn 0.000000 -0.722105 0.691784
vn 0.000000 -0.722105 0.691784
vn 0.000000 -0.722105 0.691784
vn 0.000000 -0.722105 0.691784
vn 0.000000 0.718942 -0.695070
vn 0.000000 0.718942 -0.695070
vn 0.000000 0.718942 -0.695070
vn 0.000000 0.718942 -0.695070
vn 0.000000 -0.718942 -0.695070
vn 0.000000 -0.718942 -0.695070
vn 0.000000 -0.718942 -0.695070
vn 0.000000 -0.718942 -0.695070
vn -0.000000 0.722105 0.691783
vn -0.000000 0.722105 0.691783
vn -0.000000 0.722105 0.691783
vn -0.000000 0.722105 0.691783
vn 0.000000 -0.718943 -0.695070
vn 0.000000 -0.718943 -0.695070
vn 0.000000 -0.718943 -0.695070
vn 0.000000 -0.718942 -0.695070
vn 0.000000 0.722106 0.691783
vn 0.000000 0.722106 0.691783
vn 0.000000 0.722106 0.691783
vn 0.000000 0.722106 0.691783
vn 0.000000 -0.718942 -0.695070
vn 0.000000 -0.718942 -0.695070
vn 0.000000 -0.718942 -0.695070
vn 0.000000 -0.718942 -0.695070
vn 0.000000 0.722105 0.691783
vn 0.000000 0.722105 0.691783
vn 0.000000 0.722105 0.691783
vn 0.000000 0.722105 0.691783
vn 0.000000 -0.718943 -0.695070
vn 0.000000 -0.718943 -0.695070
vn 0.000000 -0.718943 -0.695070
vn 0.000000 -0.718943 -0.695070
vn 0.000000 0.722106 0.691783
vn 0.000000 0.722106 0.691783
vn 0.000000 0.722106 0.691783
vn 0.000000 0.722106 0.691783
vn 0.000000 -0.718942 -0.695070
vn 0.000000 -0.718942 -0.695070
vn 0.000000 -0.718942 -0.695070
vn 0.000000 -0.718942 -0.695070
vn 0.000000 0.722105 0.691783
vn 0.000000 0.722105 0.691783
vn 0.000000 0.722105 0.691783
vn 0.000000 0.722105 0.691783
vn 0.000000 -0.718942 -0.695070
vn 0.000000 -0.718942 -0.695070
vn 0.000000 -0.718942 -0.695070
vn 0.000000 -0.718942 -0.695070
vn 0.000000 0.722105 0.691783
vn 0.000000 0.722105 0.691783
vn 0.000000 0.722105 0.691783
vn 0.000000 0.722105 0.691783
vn 0.000000 -0.718943 -0.695070
vn 0.000000 -0.718943 -0.695070
vn 0.000000 -0.718942 -0.695070
vn 0.000000 -0.718943 -0.695070
vn 0.000000 0.722105 0.691783
vn 0.000000 0.722105 0.691783
vn 0.000000 0.722105 0.691783
vn 0.000000 0.722105 0.691783
vn 0.000000 -0.718943 -0.695070
vn 0.000000 -0.718943 -0.695070
vn 0.000000 -0.718943 -0.695069
vn 0.000000 -0.718943 -0.695069
vn 0.000000 0.722105 0.691783
vn 0.000000 0.722105 0.691783
vn 0.000000 0.722105 0.691783
vn 0.000000 0.722105 0.691783
vn 0.000000 -0.718943 -0.695070
vn 0.000000 -0.718943 -0.695070
vn 0.000000 -0.718943 -0.695070
vn 0.000000 -0.718943 -0.695070
vn -0.000000 0.722106 0.691783
vn -0.000000 0.722106 0.691783
vn -0.000000 0.722106 0.691783
vn -0.000000 0.722106 0.691783
vn 0.000000 -0.718942 -0.695070
vn 0.000000 -0.718942 -0.695070
vn 0.000000 -0.718942 -0.695070
vn 0.000000 -0.718942 -0.695070
vn 0.000000 0.722106 0.691783
vn 0.000000 0.722105 0.691783
vn 0.000000 0.722106 0.691783
vn 0.000000 0.722105 0.691783
vn 0.000000 -0.718943 -0.695070
vn 0.000000 -0.718943 -0.695069
vn 0.000000 -0.718943 -0.695070
vn 0.000000 -0.718943 -0.695070
vn 0.000000 0.722105 0.691783
vn 0.000000 0.722105 0.691783
vn 0.000000 0.722105 0.691783
vn 0.000000 0.722105 0.691783
vn 0.000000 -0.718943 -0.695069
vn 0.000000 -0.718943 -0.695069
vn 0.000000 -0.718943 -0.695069
vn 0.000000 -0.718943 -0.695069
vn 0.000000 0.722105 0.691783
vn 0.000000 0.722105 0.691783
vn 0.000000 0.722105 0.691783
vn 0.000000 0.722105 0.691783
vn -0.000000 -0.718943 -0.695069
vn -0.000000 -0.718943 -0.695069
vn -0.000000 -0.718943 -0.695069
vn -0.000000 -0.718943 -0.695069
vn -0.000000 0.722106 0.691783
vn -0.000000 0.722106 0.691783
vn -0.000000 0.722106 0.691783
vn -0.000000 0.722106 0.691783
vn 0.000000 -0.718942 -0.695070
vn 0.000000 -0.718942 -0.695070
vn 0.000000 -0.718942 -0.695070
vn 0.000000 -0.718942 -0.695070
vn 0.000000 0.722106 0.691783
vn 0.000000 0.722106 0.691783
vn 0.000000 0.722106 0.691783
vn 0.000000 0.722106 0.691783
vn 0.000000 -0.718942 -0.695070
vn 0.000000 -0.718942 -0.695070
vn 0.000000 -0.718942 -0.695070
vn 0.000000 -0.718942 -0.695070
vn 0.000000 0.722105 0.691783
vn 0.000000 0.722105 0.691783
vn 0.000000 0.722105 0.691783
vn 0.000000 0.722105 0.691783
vn 0.000000 -0.718943 -0.695069
vn 0.000000 -0.718943 -0.695070
vn 0.000000 -0.718943 -0.695070
vn 0.000000 -0.718943 -0.695070
vn 0.000000 0.722105 0.691783
vn 0.000000 0.722105 0.691783
vn 0.000000 0.722105 0.691783
vn 0.000000 0.722105 0.691783
vn 0.000000 -0.718942 -0.695070
vn 0.000000 -0.718942 -0.695070
vn 0.000000 -0.718942 -0.695070
vn 0.000000 -0.718942 -0.695070
vn 0.000000 0.722105 0.691783
vn 0.000000 0.722105 0.691783
vn 0.000000 0.722105 0.691783
vn 0.000000 0.722105 0.691783
vn 0.000000 -0.718943 -0.695070
vn 0.000000 -0.718942 -0.695070
vn 0.000000 -0.718943 -0.695070
vn 0.000000 -0.718943 -0.695070
vn 0.000000 0.722105 0.691783
vn 0.000000 0.722105 0.691783
vn 0.000000 0.722105 0.691783
vn 0.000000 0.722105 0.691783
vn 0.000000 -0.718943 -0.695069
vn 0.000000 -0.718943 -0.695069
vn 0.000000 -0.718943 -0.695069
vn 0.000000 -0.718943 -0.695069
vn 0.000000 0.722106 0.691783
vn 0.000000 0.722106 0.691783
vn 0.000000 0.722106 0.691783
vn 0.000000 0.722106 0.691783
vn 0.000000 -0.718943 -0.695069
vn 0.000000 -0.718943 -0.695070
vn 0.000000 -0.718943 -0.695069
vn 0.000000 -0.718943 -0.695069
vn 0.000000 0.722105 0.691783
vn 0.000000 0.722105 0.691783
vn 0.000000 0.722105 0.691783
vn 0.000000 0.722105 0.691783
vn 0.000000 -0.718943 -0.695069
vn 0.000000 -0.718943 -0.695069
vn 0.000000 -0.718943 -0.695069
vn 0.000000 -0.718943 -0.695069
vn 0.000000 0.722105 0.691783
vn 0.000000 0.722105 0.691783
vn 0.000000 0.722105 0.691783
vn 0.000000 0.722105 0.691783
vn 0.000000 -0.718942 -0.695070
vn 0.000000 -0.718942 -0.695070
vn 0.000000 -0.718942 -0.695070
vn 0.000000 -0.718942 -0.695070
vn 0.000000 0.722105 0.691783
vn 0.000000 0.722105 0.691783
vn 0.000000 0.722105 0.691783
vn 0.000000 0.722105 0.691783
vn -0.000000 -0.718942 -0.695070
vn -0.000000 -0.718942 -0.695070
vn -0.000000 -0.718942 -0.695070
vn -0.000000 -0.718942 -0.695070
vn 0.000000 0.722105 0.691783
vn 0.000000 0.722105 0.691783
vn 0.000000 0.722105 0.691783
vn 0.000000 0.722105 0.691783
vn 0.693000 0.000000 -0.720938
vn 0.693000 0.000000 -0.720938
vn 0.693000 0.000000 -0.720938
vn 0.693000 0.000000 -0.720938
vn -0.696282 0.000000 0.717769
vn -0.696282 0.000000 0.717769
vn -0.696282 0.000000 0.717769
vn -0.696282 0.000000 0.717769
vn 0.693001 0.000000 -0.720937
vn 0.693001 0.000000 -0.720937
vn 0.693001 0.000000 -0.720937
vn 0.693001 0.000000 -0.720937
vn -0.696282 0.000000 0.717768
vn -0.696282 0.000000 0.717768
vn -0.696282 0.000000 0.717768
vn -0.696282 0.000000 0.717768
vn 0.693001 0.000000 -0.720937
vn 0.693001 0.000000 -0.720937
vn 0.693001 0.000000 -0.720937
vn 0.693001 0.000000 -0.720937
vn -0.696282 0.000000 0.717769
vn -0.696282 0.000000 0.717769
vn -0.696282 0.000000 0.717769
vn -0.696282 0.000000 0.717769
vn 0.693000 0.000000 -0.720938
vn 0.693000 0.000000 -0.720938
vn 0.693000 0.000000 -0.720938
vn 0.693000 0.000000 -0.720938
vn -0.696282 0.000000 0.717769
vn -0.696282 0.000000 0.717769
vn -0.696282 0.000000 0.717769
vn -0.696282 0.000000 0.717769
vn 0.693000 0.000000 -0.720938
vn 0.693000 0.000000 -0.720938
vn 0.693000 0.000000 -0.720938
vn 0.693000 0.000000 -0.720938
vn -0.696282 0.000000 0.717769
vn -0.696282 0.000000 0.717769
vn -0.696282 0.000000 0.717769
vn -0.696282 0.000000 0.717769
vn 0.693000 0.000000 -0.720938
vn 0.693000 0.000000 -0.720938
vn 0.693000 0.000000 -0.720938
vn 0.693000 0.000000 -0.720938
vn -0.696282 0.000000 0.717768
vn -0.696282 0.000000 0.717768
vn -0.696282 0.000000 0.717768
vn -0.696282 0.000000 0.717768
vn 0.693000 0.000000 -0.720938
vn 0.693000 0.000000 -0.720938
vn 0.693000 0.000000 -0.720938
vn 0.693000 0.000000 -0.720938
vn -0.696282 0.000000 0.717769
vn -0.696282 0.000000 0.717769
vn -0.696282 0.000000 0.717769
vn -0.696282 0.000000 0.717769
vn 0.693000 0.000000 -0.720938
vn 0.693000 0.000000 -0.720938
vn 0.693000 0.000000 -0.720938
vn 0.693000 0.000000 -0.720938
vn -0.696282 0.000000 0.717769
vn -0.696282 0.000000 0.717768
vn -0.696282 0.000000 0.717769
vn -0.696282 0.000000 0.717769
vn 0.693000 0.000000 -0.720938
vn 0.693000 0.000000 -0.720938
vn 0.693000 0.000000 -0.720938
vn 0.693000 0.000000 -0.720938
vn -0.696282 0.000000 0.717768
vn -0.696282 0.000000 0.717768
vn -0.696282 0.000000 0.717768
vn -0.696282 0.000000 0.717768
vn 0.693000 0.000000 -0.720937
vn 0.693000 0.000000 -0.720937
vn 0.693000 0.000000 -0.720937
vn 0.693000 0.000000 -0.720937
vn -0.696282 0.000000 0.717768
vn -0.696282 0.000000 0.717768
vn -0.696282 0.000000 0.717768
vn -0.696282 0.000000 0.717768
vn 0.693000 0.000000 -0.720937
vn 0.693000 0.000000 -0.720937
vn 0.693000 0.000000 -0.720937
vn 0.693000 0.000000 -0.720937
vn -0.696282 0.000000 0.717768
vn -0.696282 0.000000 0.717768
vn -0.696282 0.000000 0.717768
vn -0.696282 0.000000 0.717768
vn 0.693000 0.000000 -0.720938
vn 0.693000 0.000000 -0.720938
vn 0.693000 0.000000 -0.720938
vn 0.693000 0.000000 -0.720938
vn -0.696282 0.000000 0.717769
vn -0.696282 0.000000 0.717769
vn -0.696282 0.000000 0.717769
vn -0.696282 0.000000 0.717769
vn 0.693000 0.000000 -0.720938
vn 0.693000 0.000000 -0.720938
vn 0.693000 0.000000 -0.720938
vn 0.693000 0.000000 -0.720938
vn -0.696282 0.000000 0.717769
vn -0.696282 0.000000 0.717769
vn -0.696282 0.000000 0.717769
vn -0.696282 0.000000 0.717769
vn 0.693000 0.000000 -0.720938
vn 0.693000 0.000000 -0.720938
vn 0.693000 0.000000 -0.720938
vn 0.693000 0.000000 -0.720938
vn -0.696282 0.000000 0.717768
vn -0.696282 0.000000 0.717768
vn -0.696282 0.000000 0.717768
vn -0.696282 0.000000 0.717768
vn 0.693000 0.000000 -0.720938
vn 0.693000 0.000000 -0.720937
vn 0.693000 0.000000 -0.720937
vn 0.693000 0.000000 -0.720938
vn -0.696282 0.000000 0.717768
vn -0.696282 0.000000 0.717768
vn -0.696282 0.000000 0.717768
vn -0.696282 0.000000 0.717768
vn 0.693000 0.000000 -0.720937
vn 0.693000 0.000000 -0.720937
vn 0.693000 0.000000 -0.720937
vn 0.693000 0.000000 -0.720937
vn -0.696282 0.000000 0.717769
vn -0.696282 0.000000 0.717768
vn -0.696282 0.000000 0.717769
vn -0.696282 0.000000 0.717768
vn 0.693000 0.000000 -0.720938
vn 0.693000 0.000000 -0.720938
vn 0.693000 0.000000 -0.720938
vn 0.693000 0.000000 -0.720938
vn -0.696282 0.000000 0.717768
vn -0.696282 0.000000 0.717769
vn -0.696282 0.000000 0.717769
vn -0.696282 0.000000 0.717769
vn 0.693000 0.000000 -0.720938
vn 0.693000 0.000000 -0.720938
vn 0.693000 0.000000 -0.720938
vn 0.693000 0.000000 -0.720938
vn -0.696282 0.000000 0.717769
vn -0.696282 0.000000 0.717769
vn -0.696282 0.000000 0.717769
vn -0.696282 0.000000 0.717769
vn 0.693000 0.000000 -0.720938
vn 0.693000 0.000000 -0.720938
vn 0.693000 0.000000 -0.720938
vn 0.693000 0.000000 -0.720938
vn -0.696282 0.000000 0.717768
vn -0.696282 0.000000 0.717768
vn -0.696282 0.000000 0.717768
vn -0.696282 0.000000 0.717768
vn 0.693000 0.000000 -0.720938
vn 0.693000 0.000000 -0.720938
vn 0.693000 0.000000 -0.720938
vn 0.693000 0.000000 -0.720938
vn -0.696282 0.000000 0.717769
vn -0.696282 0.000000 0.717769
vn -0.696282 0.000000 0.717769
vn -0.696282 0.000000 0.717769
vn 0.693000 0.000000 -0.720938
vn 0.693000 0.000000 -0.720938
vn 0.693000 0.000000 -0.720938
vn 0.693000 0.000000 -0.720938
vn -0.696282 0.000000 0.717769
vn -0.696282 0.000000 0.717769
vn -0.696282 0.000000 0.717769
vn -0.696282 0.000000 0.717769
vn 0.693000 0.000000 -0.720937
vn 0.693000 0.000000 -0.720937
vn 0.693000 0.000000 -0.720937
vn 0.693000 0.000000 -0.720937
vn -0.696282 0.000000 0.717768
vn -0.696282 0.000000 0.717768
vn -0.696282 0.000000 0.717768
vn -0.696282 0.000000 0.717768
vn 0.693000 0.000000 -0.720938
vn 0.693000 0.000000 -0.720938
vn 0.693000 0.000000 -0.720938
vn 0.693000 0.000000 -0.720938
vn -0.696282 0.000000 0.717768
vn -0.696282 0.000000 0.717768
vn -0.696282 0.000000 0.717768
vn -0.696282 0.000000 0.717768
vn 0.693001 0.000000 -0.720937
vn 0.693001 0.000000 -0.720937
vn 0.693001 0.000000 -0.720937
vn 0.693001 0.000000 -0.720937
vn -0.696283 0.000000 0.717768
vn -0.696283 0.000000 0.717768
vn -0.696283 0.000000 0.717768
vn -0.696283 0.000000 0.717768
vn 0.693000 0.000000 -0.720938
vn 0.693000 0.000000 -0.720937
vn 0.693000 0.000000 -0.720937
vn 0.693000 0.000000 -0.720938
vn -0.696281 0.000000 0.717769
vn -0.696281 0.000000 0.717769
vn -0.696281 0.000000 0.717769
vn -0.696281 0.000000 0.717769
vn 0.692999 0.000000 -0.720939
vn 0.692999 0.000000 -0.720938
vn 0.692999 0.000000 -0.720938
vn 0.692999 0.000000 -0.720939
vn -0.696282 0.000000 0.717769
vn -0.696282 0.000000 0.717768
vn -0.696282 0.000000 0.717769
vn -0.696282 0.000000 0.717769
vn 0.696282 -0.000001 0.717768
vn 0.696282 -0.000001 0.717768
vn 0.696282 -0.000001 0.717768
vn 0.696282 -0.000001 0.717768
vn -0.693000 0.000001 -0.720937
vn -0.693000 0.000001 -0.720937
vn -0.693000 0.000001 -0.720937
vn -0.693000 0.000001 -0.720937
vn 0.696282 0.000000 0.717768
vn 0.696282 0.000000 0.717768
vn 0.696282 0.000000 0.717768
vn 0.696282 0.000000 0.717768
vn -0.693000 0.000000 -0.720937
vn -0.693000 0.000000 -0.720937
vn -0.693000 0.000000 -0.720937
vn -0.693000 0.000000 -0.720937
vn 0.696282 0.000000 0.717768
vn 0.696282 0.000000 0.717768
vn 0.696282 0.000000 0.717768
vn 0.696282 0.000000 0.717768
vn -0.693000 0.000000 -0.720937
vn -0.693000 0.000000 -0.720937
vn -0.693000 0.000000 -0.720937
vn -0.693000 0.000000 -0.720937
vn 0.696282 0.000000 0.717768
vn 0.696282 0.000000 0.717768
vn 0.696282 0.000000 0.717768
vn 0.696282 0.000000 0.717768
vn -0.693000 0.000000 -0.720937
vn -0.693000 0.000000 -0.720937
vn -0.693000 0.000000 -0.720937
vn -0.693000 0.000000 -0.720937
vn 0.696282 0.000000 0.717768
vn 0.696282 0.000000 0.717768
vn 0.696282 0.000000 0.717768
vn 0.696282 0.000000 0.717768
vn -0.693000 0.000000 -0.720938
vn -0.693000 0.000000 -0.720938
vn -0.693000 0.000000 -0.720938
vn -0.693000 0.000000 -0.720938
vn 0.696282 0.000000 0.717769
vn 0.696282 0.000000 0.717769
vn 0.696282 0.000000 0.717769
vn 0.696282 0.000000 0.717769
vn -0.693000 0.000000 -0.720938
vn -0.693000 0.000000 -0.720938
vn -0.693000 0.000000 -0.720938
vn -0.693000 0.000000 -0.720938
vn 0.696282 0.000000 0.717768
vn 0.696282 0.000000 0.717768
vn 0.696282 0.000000 0.717768
vn 0.696282 0.000000 0.717768
vn -0.693000 0.000000 -0.720937
vn -0.693000 0.000000 -0.720937
vn -0.693000 0.000000 -0.720937
vn -0.693000 0.000000 -0.720937
vn 0.696282 0.000000 0.717768
vn 0.696282 0.000000 0.717768
vn 0.696282 0.000000 0.717768
vn 0.696282 0.000000 0.717768
vn -0.693000 0.000000 -0.720938
vn -0.693000 0.000000 -0.720938
vn -0.693000 0.000000 -0.720938
vn -0.693000 0.000000 -0.720937
vn 0.696282 0.000000 0.717768
vn 0.696282 0.000000 0.717768
vn 0.696282 0.000000 0.717768
vn 0.696282 0.000000 0.717768
vn -0.693000 0.000000 -0.720937
vn -0.693000 0.000000 -0.720938
vn -0.693000 0.000000 -0.720938
vn -0.693000 0.000000 -0.720938
vn 0.696282 0.000000 0.717768
vn 0.696282 0.000000 0.717768
vn 0.696282 0.000000 0.717768
vn 0.696282 0.000000 0.717768
vn -0.693000 0.000000 -0.720937
vn -0.693000 0.000000 -0.720937
vn -0.693000 0.000000 -0.720937
vn -0.693000 0.000000 -0.720937
vn 0.696282 0.000000 0.717768
vn 0.696282 0.000000 0.717768
vn 0.696282 0.000000 0.717768
vn 0.696282 0.000000 0.717768
vn -0.693000 0.000000 -0.720938
vn -0.693000 0.000000 -0.720937
vn -0.693000 0.000000 -0.720938
vn -0.693000 0.000000 -0.720938
vn 0.696282 0.000000 0.717768
vn 0.696282 0.000000 0.717768
vn 0.696282 0.000000 0.717768
vn 0.696282 0.000000 0.717768
vn -0.693000 0.000000 -0.720937
vn -0.693000 0.000000 -0.720937
vn -0.693000 0.000000 -0.720937
vn -0.693000 0.000000 -0.720937
vn 0.696282 0.000000 0.717768
vn 0.696282 0.000000 0.717768
vn 0.696282 0.000000 0.717768
vn 0.696282 0.000000 0.717768
vn -0.693000 -0.000001 -0.720938
vn -0.693000 -0.000001 -0.720938
vn -0.693000 -0.000001 -0.720938
vn -0.693000 -0.000001 -0.720938
vn 0.696282 0.000001 0.717768
vn 0.696282 0.000001 0.717768
vn 0.696282 0.000001 0.717768
vn 0.696282 0.000001 0.717768
vn -0.693000 0.000000 -0.720938
vn -0.693000 0.000000 -0.720938
vn -0.693000 0.000000 -0.720938
vn -0.693000 0.000000 -0.720938
vn 0.696282 0.000000 0.717769
vn 0.696282 0.000000 0.717769
vn 0.696282 0.000000 0.717769
vn 0.696282 0.000000 0.717769
vn -0.693000 0.000000 -0.720938
vn -0.693000 0.000000 -0.720938
vn -0.693000 0.000000 -0.720938
vn -0.693000 0.000000 -0.720938
vn 0.696282 0.000000 0.717768
vn 0.696282 0.000000 0.717768
vn 0.696282 0.000000 0.717768
vn 0.696282 0.000000 0.717768
vn -0.693000 0.000000 -0.720938
vn -0.693000 0.000000 -0.720938
vn -0.693000 0.000000 -0.720938
vn -0.693000 0.000000 -0.720938
vn 0.696282 0.000000 0.717769
vn 0.696282 0.000000 0.717769
vn 0.696282 0.000000 0.717769
vn 0.696282 0.000000 0.717769
vn -0.693000 0.000000 -0.720938
vn -0.693000 0.000000 -0.720938
vn -0.693000 0.000000 -0.720938
vn -0.693000 0.000000 -0.720938
vn 0.696282 0.000000 0.717769
vn 0.696282 0.000000 0.717769
vn 0.696282 0.000000 0.717769
vn 0.696282 0.000000 0.717768
vn -0.693000 0.000000 -0.720938
vn -0.693000 0.000000 -0.720938
vn -0.693000 0.000000 -0.720938
vn -0.693000 0.000000 -0.720938
vn 0.696282 0.000000 0.717768
vn 0.696282 0.000000 0.717768
vn 0.696282 0.000000 0.717768
vn 0.696282 0.000000 0.717768
vn -0.693000 0.000000 -0.720938
vn -0.693000 0.000000 -0.720938
vn -0.693000 0.000000 -0.720938
vn -0.693000 0.000000 -0.720938
vn 0.696282 0.000000 0.717769
vn 0.696282 0.000000 0.717769
vn 0.696282 0.000000 0.717769
vn 0.696282 0.000000 0.717769
vn -0.693000 0.000000 -0.720938
vn -0.693000 0.000000 -0.720938
vn -0.693000 0.000000 -0.720938
vn -0.693000 0.000000 -0.720938
vn 0.696282 0.000000 0.717769
vn 0.696282 0.000000 0.717769
vn 0.696282 0.000000 0.717769
vn 0.696282 0.000000 0.717769
vn -0.693000 0.000000 -0.720938
vn -0.693000 0.000000 -0.720938
vn -0.693000 0.000000 -0.720938
vn -0.693000 0.000000 -0.720938
vn 0.696282 0.000000 0.717769
vn 0.696282 0.000000 0.717769
vn 0.696282 0.000000 0.717769
vn 0.696282 0.000000 0.717769
vn -0.693000 0.000000 -0.720938
vn -0.693000 0.000000 -0.720938
vn -0.693000 0.000000 -0.720938
vn -0.693000 0.000000 -0.720938
vn 0.696282 0.000000 0.717768
vn 0.696282 0.000000 0.717768
vn 0.696282 0.000000 0.717768
vn 0.696282 0.000000 0.717768
vn -0.693000 0.000000 -0.720938
vn -0.693000 0.000000 -0.720938
vn -0.693000 0.000000 -0.720938
vn -0.693000 0.000000 -0.720938
vn 0.696281 0.000000 0.717769
vn 0.696281 0.000000 0.717769
vn 0.696281 0.000000 0.717769
vn 0.696281 0.000000 0.717769
vn -0.693000 0.000000 -0.720937
vn -0.693000 0.000000 -0.720937
vn -0.693000 0.000000 -0.720937
vn -0.693000 0.000000 -0.720938
vn 0.696282 0.000000 0.717768
vn 0.696282 0.000000 0.717768
vn 0.696282 0.000000 0.717768
vn 0.696282 0.000000 0.717768
vn -0.693000 0.000000 -0.720938
vn -0.693000 0.000000 -0.720938
vn -0.693000 0.000000 -0.720938
vn -0.693000 0.000000 -0.720938
vn 0.696281 -0.000001 0.717769
vn 0.696281 -0.000001 0.717769
vn 0.696281 -0.000001 0.717769
vn 0.696281 -0.000001 0.717769
vn -0.693000 0.000000 -0.720938
vn -0.693000 0.000000 -0.720938
vn -0.693000 0.000000 -0.720938
vn -0.693000 0.000000 -0.720938
s 1
g light
usemtl initialShadingGroup
f 1/1/1 2/2/2 26/26/3 25/25/4
f 2/2/2 3/3/5 27/27/6 26/26/3
f 3/3/5 4/4/7 28/28/8 27/27/6
f 4/4/7 5/5/9 29/29/10 28/28/8
f 5/5/9 6/6/11 30/30/12 29/29/10
f 6/6/11 7/7/13 31/31/14 30/30/12
f 7/7/13 8/8/15 32/32/16 31/31/14
f 8/8/15 9/9/17 33/33/18 32/32/16
f 9/9/17 10/10/19 34/34/20 33/33/18
f 10/10/19 11/11/21 35/35/22 34/34/20
f 11/11/21 12/12/23 36/36/24 35/35/22
f 12/12/23 13/13/25 37/37/26 36/36/24
f 13/13/25 14/14/27 38/38/28 37/37/26
f 14/14/27 15/15/29 39/39/30 38/38/28
f 15/15/29 16/16/31 40/40/32 39/39/30
f 16/16/31 17/17/33 41/41/34 40/40/32
f 17/17/33 18/18/35 42/42/36 41/41/34
f 18/18/35 19/19/37 43/43/38 42/42/36
f 19/19/37 20/20/39 44/44/40 43/43/38
f 20/20/39 21/21/41 45/45/42 44/44/40
f 21/21/41 22/22/43 46/46/44 45/45/42
f 22/22/43 23/23/45 47/47/46 46/46/44
f 23/23/45 24/24/47 48/48/48 47/47/46
f 25/25/4 26/26/3 50/50/49 49/49/50
f 26/26/3 27/27/6 51/51/51 50/50/49
f 27/27/6 28/28/8 52/52/52 51/51/51
f 28/28/8 29/29/10 53/53/53 52/52/52
f 29/29/10 30/30/12 54/54/54 53/53/53
f 30/30/12 31/31/14 55/55/55 54/54/54
f 31/31/14 32/32/16 56/56/56 55/55/55
f 32/32/16 33/33/18 57/57/57 56/56/56
f 33/33/18 34/34/20 58/58/58 57/57/57
f 34/34/20 35/35/22 59/59/59 58/58/58
f 35/35/22 36/36/24 60/60/60 59/59/59
f 36/36/24 37/37/26 61/61/61 60/60/60
f 37/37/26 38/38/28 62/62/62 61/61/61
f 38/38/28 39/39/30 63/63/63 62/62/62
f 39/39/30 40/40/32 64/64/64 63/63/63
f 40/40/32 41/41/34 65/65/65 64/64/64
f 41/41/34 42/42/36 66/66/66 65/65/65
f 42/42/36 43/43/38 67/67/67 66/66/66
f 43/43/38 44/44/40 68/68/68 67/67/67
f 44/44/40 45/45/42 69/69/69 68/68/68
f 45/45/42 46/46/44 70/70/70 69/69/69
f 46/46/44 47/47/46 71/71/71 70/70/70
f 47/47/46 48/48/48 72/72/72 71/71/71
f 49/49/50 50/50/49 74/74/73 73/73/74
s 2
f 1297/1347/75 1298/1348/76 75/75/77 1299/1349/78
f 1298/1348/76 1300/1350/79 1301/1351/80 75/75/77
s 1
f 52/52/52 53/53/53 77/77/81 76/76/82
f 53/53/53 54/54/54 78/78/83 77/77/81
s 3
f 1307/1377/84 1308/1378/85 79/79/86 1309/1379/87
f 1308/1378/85 1310/1380/88 1311/1381/89 79/79/86
s 1
f 56/56/56 57/57/57 81/81/90 80/80/91
f 57/57/57 58/58/58 82/82/92 81/81/90
s 4
f 1317/1407/93 1318/1408/94 83/83/95 1319/1409/96
f 1318/1408/94 1320/1410/97 1321/1411/98 83/83/95
s 1
f 60/60/60 61/61/61 85/85/99 84/84/100
s 5
f 1327/1437/101 1328/1438/102 86/86/103 1329/1439/104
f 1328/1438/102 1330/1440/105 1331/1441/106 86/86/103
s 1
f 63/63/63 64/64/64 88/88/107 87/87/108
f 64/64/64 65/65/65 89/89/109 88/88/107
s 6
f 1337/1467/110 1338/1468/111 90/90/112 1339/1469/113
f 1338/1468/111 1340/1470/114 1341/1471/115 90/90/112
s 1
f 67/67/67 68/68/68 92/92/116 91/91/117
f 68/68/68 69/69/69 93/93/118 92/92/116
s 7
f 1347/1497/119 1348/1498/120 94/94/121 1349/1499/122
f 1348/1498/120 1350/1500/123 1351/1501/124 94/94/121
s 1
f 71/71/71 72/72/72 96/96/125 95/95/126
f 73/73/74 74/74/73 98/98/127 97/97/128
s 2
f 1299/1349/78 75/75/77 99/99/129 1302/1352/130
f 75/75/77 1301/1351/80 1303/1353/131 99/99/129
s 1
f 76/76/82 77/77/81 101/101/132 100/100/133
f 77/77/81 78/78/83 102/102/134 101/101/132
s 3
f 1309/1379/87 79/79/86 103/103/135 1312/1382/136
f 79/79/86 1311/1381/89 1313/1383/137 103/103/135
s 1
f 80/80/91 81/81/90 105/105/138 104/104/139
f 81/81/90 82/82/92 106/106/140 105/105/138
s 4
f 1319/1409/96 83/83/95 107/107/141 1322/1412/142
f 83/83/95 1321/1411/98 1323/1413/143 107/107/141
s 1
f 84/84/100 85/85/99 109/109/144 108/108/145
s 5
f 1329/1439/104 86/86/103 110/110/146 1332/1442/147
f 86/86/103 1331/1441/106 1333/1443/148 110/110/146
s 1
f 87/87/108 88/88/107 112/112/149 111/111/150
f 88/88/107 89/89/109 113/113/151 112/112/149
s 6
f 1339/1469/113 90/90/112 114/114/152 1342/1472/153
f 90/90/112 1341/1471/115 1343/1473/154 114/114/152
s 1
f 91/91/117 92/92/116 116/116/155 115/115/156
f 92/92/116 93/93/118 117/117/157 116/116/155
s 7
f 1349/1499/122 94/94/121 118/118/158 1352/1502/159
f 94/94/121 1351/1501/124 1353/1503/160 118/118/158
s 1
f 95/95/126 96/96/125 120/120/161 119/119/162
f 97/97/128 98/98/127 122/122/163 121/121/164
s 2
f 1302/1352/130 99/99/129 1304/1354/165 1305/1355/166
f 99/99/129 1303/1353/131 1306/1356/167 1304/1354/165
s 1
f 100/100/133 101/101/132 125/125/168 124/124/169
f 101/101/132 102/102/134 126/126/170 125/125/168
s 3
f 1312/1382/136 103/103/135 1314/1384/171 1315/1385/172
f 103/103/135 1313/1383/137 1316/1386/173 1314/1384/171
s 1
f 104/104/139 105/105/138 129/129/174 128/128/175
f 105/105/138 106/106/140 130/130/176 129/129/174
s 4
f 1322/1412/142 107/107/141 1324/1414/177 1325/1415/178
f 107/107/141 1323/1413/143 1326/1416/179 1324/1414/177
s 1
f 108/108/145 109/109/144 133/133/180 132/132/181
s 5
f 1332/1442/147 110/110/146 1334/1444/182 1335/1445/183
f 110/110/146 1333/1443/148 1336/1446/184 1334/1444/182
s 1
f 111/111/150 112/112/149 136/136/185 135/135/186
f 112/112/149 113/113/151 137/137/187 136/136/185
s 6
f 1342/1472/153 114/114/152 1344/1474/188 1345/1475/189
f 114/114/152 1343/1473/154 1346/1476/190 1344/1474/188
s 1
f 115/115/156 116/116/155 140/140/191 139/139/192
f 116/116/155 117/117/157 141/141/193 140/140/191
s 7
f 1352/1502/159 118/118/158 1354/1504/194 1355/1505/195
f 118/118/158 1353/1503/160 1356/1506/196 1354/1504/194
s 1
f 119/119/162 120/120/161 144/144/197 143/143/198
f 121/121/164 122/122/163 146/146/199 145/145/200
f 122/122/163 123/123/201 147/147/202 146/146/199
f 123/123/201 124/124/169 148/148/203 147/147/202
f 124/124/169 125/125/168 149/149/204 148/148/203
f 125/125/168 126/126/170 150/150/205 149/149/204
f 126/126/170 127/127/206 151/151/207 150/150/205
f 127/127/206 128/128/175 152/152/208 151/151/207
f 128/128/175 129/129/174 153/153/209 152/152/208
f 129/129/174 130/130/176 154/154/210 153/153/209
f 130/130/176 131/131/211 155/155/212 154/154/210
f 131/131/211 132/132/181 156/156/213 155/155/212
f 132/132/181 133/133/180 157/157/214 156/156/213
f 133/133/180 134/134/215 158/158/216 157/157/214
f 134/134/215 135/135/186 159/159/217 158/158/216
f 135/135/186 136/136/185 160/160/218 159/159/217
f 136/136/185 137/137/187 161/161/219 160/160/218
f 137/137/187 138/138/220 162/162/221 161/161/219
f 138/138/220 139/139/192 163/163/222 162/162/221
f 139/139/192 140/140/191 164/164/223 163/163/222
f 140/140/191 141/141/193 165/165/224 164/164/223
f 141/141/193 142/142/225 166/166/226 165/165/224
f 142/142/225 143/143/198 167/167/227 166/166/226
f 143/143/198 144/144/197 168/168/228 167/167/227
f 145/145/200 146/146/199 170/170/229 169/169/230
f 146/146/199 147/147/202 171/171/231 170/170/229
f 147/147/202 148/148/203 172/172/232 171/171/231
f 148/148/203 149/149/204 173/173/233 172/172/232
f 149/149/204 150/150/205 174/174/234 173/173/233
f 150/150/205 151/151/207 175/175/235 174/174/234
f 151/151/207 152/152/208 176/176/236 175/175/235
f 152/152/208 153/153/209 177/177/237 176/176/236
f 153/153/209 154/154/210 178/178/238 177/177/237
f 154/154/210 155/155/212 179/179/239 178/178/238
f 155/155/212 156/156/213 180/180/240 179/179/239
f 156/156/213 157/157/214 181/181/241 180/180/240
f 157/157/214 158/158/216 182/182/242 181/181/241
f 158/158/216 159/159/217 183/183/243 182/182/242
f 159/159/217 160/160/218 184/184/244 183/183/243
f 160/160/218 161/161/219 185/185/245 184/184/244
f 161/161/219 162/162/221 186/186/246 185/185/245
f 162/162/221 163/163/222 187/187/247 186/186/246
f 163/163/222 164/164/223 188/188/248 187/187/247
f 164/164/223 165/165/224 189/189/249 188/188/248
f 165/165/224 166/166/226 190/190/250 189/189/249
f 166/166/226 167/167/227 191/191/251 190/190/250
f 167/167/227 168/168/228 192/192/252 191/191/251
f 169/169/230 170/170/229 194/194/253 193/193/254
f 170/170/229 171/171/231 195/195/255 194/194/253
f 171/171/231 172/172/232 196/196/256 195/195/255
f 172/172/232 173/173/233 197/197/257 196/196/256
f 173/173/233 174/174/234 198/198/258 197/197/257
f 174/174/234 175/175/235 199/199/259 198/198/258
f 175/175/235 176/176/236 200/200/260 199/199/259
f 176/176/236 177/177/237 201/201/261 200/200/260
f 177/177/237 178/178/238 202/202/262 201/201/261
f 178/178/238 179/179/239 203/203/263 202/202/262
f 179/179/239 180/180/240 204/204/264 203/203/263
f 180/180/240 181/181/241 205/205/265 204/204/264
f 181/181/241 182/182/242 206/206/266 205/205/265
f 182/182/242 183/183/243 207/207/267 206/206/266
f 183/183/243 184/184/244 208/208/268 207/207/267
f 184/184/244 185/185/245 209/209/269 208/208/268
f 185/185/245 186/186/246 210/210/270 209/209/269
f 186/186/246 187/187/247 211/211/271 210/210/270
f 187/187/247 188/188/248 212/212/272 211/211/271
f 188/188/248 189/189/249 213/213/273 212/212/272
f 189/189/249 190/190/250 214/214/274 213/213/273
f 190/190/250 191/191/251 215/215/275 214/214/274
f 191/191/251 192/192/252 216/216/276 215/215/275
f 193/193/254 194/194/253 218/218/277 217/217/278
f 194/194/253 195/195/255 219/219/279 218/218/277
f 195/195/255 196/196/256 220/220/280 219/219/279
f 196/196/256 197/197/257 221/221/281 220/220/280
f 197/197/257 198/198/258 222/222/282 221/221/281
f 198/198/258 199/199/259 223/223/283 222/222/282
f 199/199/259 200/200/260 224/224/284 223/223/283
f 200/200/260 201/201/261 225/225/285 224/224/284
f 201/201/261 202/202/262 226/226/286 225/225/285
f 202/202/262 203/203/263 227/227/287 226/226/286
f 203/203/263 204/204/264 228/228/288 227/227/287
f 204/204/264 205/205/265 229/229/289 228/228/288
f 205/205/265 206/206/266 230/230/290 229/229/289
f 206/206/266 207/207/267 231/231/291 230/230/290
f 207/207/267 208/208/268 232/232/292 231/231/291
f 208/208/268 209/209/269 233/233/293 232/232/292
f 209/209/269 210/210/270 234/234/294 233/233/293
f 210/210/270 211/211/271 235/235/295 234/234/294
f 211/211/271 212/212/272 236/236/296 235/235/295
f 212/212/272 213/213/273 237/237/297 236/236/296
f 213/213/273 214/214/274 238/238/298 237/237/297
f 214/214/274 215/215/275 239/239/299 238/238/298
f 215/215/275 216/216/276 240/240/300 239/239/299
f 217/217/278 218/218/277 242/242/301 241/241/302
s 8
f 1357/1527/303 1358/1528/304 243/243/305 1359/1529/306
f 1358/1528/304 1360/1530/307 1361/1531/308 243/243/305
s 1
f 220/220/280 221/221/281 245/245/309 244/244/310
f 221/221/281 222/222/282 246/246/311 245/245/309
s 9
f 1367/1557/312 1368/1558/313 247/247/314 1369/1559/315
f 1368/1558/313 1370/1560/316 1371/1561/317 247/247/314
s 1
f 224/224/284 225/225/285 249/249/318 248/248/319
f 225/225/285 226/226/286 250/250/320 249/249/318
s 10
f 1377/1587/321 1378/1588/322 251/251/323 1379/1589/324
f 1378/1588/322 1380/1590/325 1381/1591/326 251/251/323
s 1
f 228/228/288 229/229/289 253/253/327 252/252/328
s 11
f 1387/1617/329 1388/1618/330 254/254/331 1389/1619/332
f 1388/1618/330 1390/1620/333 1391/1621/334 254/254/331
s 1
f 231/231/291 232/232/292 256/256/335 255/255/336
f 232/232/292 233/233/293 257/257/337 256/256/335
s 12
f 1397/1647/338 1398/1648/339 258/258/340 1399/1649/341
f 1398/1648/339 1400/1650/342 1401/1651/343 258/258/340
s 1
f 235/235/295 236/236/296 260/260/344 259/259/345
f 236/236/296 237/237/297 261/261/346 260/260/344
s 13
f 1407/1677/347 1408/1678/348 262/262/349 1409/1679/350
f 1408/1678/348 1410/1680/351 1411/1681/352 262/262/349
s 1
f 239/239/299 240/240/300 264/264/353 263/263/354
f 241/241/302 242/242/301 266/266/355 265/265/356
s 8
f 1359/1529/306 243/243/305 267/267/357 1362/1532/358
f 243/243/305 1361/1531/308 1363/1533/359 267/267/357
s 1
f 244/244/310 245/245/309 269/269/360 268/268/361
f 245/245/309 246/246/311 270/270/362 269/269/360
s 9
f 1369/1559/315 247/247/314 271/271/363 1372/1562/364
f 247/247/314 1371/1561/317 1373/1563/365 271/271/363
s 1
f 248/248/319 249/249/318 273/273/366 272/272/367
f 249/249/318 250/250/320 274/274/368 273/273/366
s 10
f 1379/1589/324 251/251/323 275/275/369 1382/1592/370
f 251/251/323 1381/1591/326 1383/1593/371 275/275/369
s 1
f 252/252/328 253/253/327 277/277/372 276/276/373
s 11
f 1389/1619/332 254/254/331 278/278/374 1392/1622/375
f 254/254/331 1391/1621/334 1393/1623/376 278/278/374
s 1
f 255/255/336 256/256/335 280/280/377 279/279/378
f 256/256/335 257/257/337 281/281/379 280/280/377
s 12
f 1399/1649/341 258/258/340 282/282/380 1402/1652/381
f 258/258/340 1401/1651/343 1403/1653/382 282/282/380
s 1
f 259/259/345 260/260/344 284/284/383 283/283/384
f 260/260/344 261/261/346 285/285/385 284/284/383
s 13
f 1409/1679/350 262/262/349 286/286/386 1412/1682/387
f 262/262/349 1411/1681/352 1413/1683/388 286/286/386
s 1
f 263/263/354 264/264/353 288/288/389 287/287/390
f 265/265/356 266/266/355 290/290/391 289/289/392
s 8
f 1362/1532/358 267/267/357 1364/1534/393 1365/1535/394
f 267/267/357 1363/1533/359 1366/1536/395 1364/1534/393
s 1
f 268/268/361 269/269/360 293/293/396 292/292/397
f 269/269/360 270/270/362 294/294/398 293/293/396
s 9
f 1372/1562/364 271/271/363 1374/1564/399 1375/1565/400
f 271/271/363 1373/1563/365 1376/1566/401 1374/1564/399
s 1
f 272/272/367 273/273/366 297/297/402 296/296/403
f 273/273/366 274/274/368 298/298/404 297/297/402
s 10
f 1382/1592/370 275/275/369 1384/1594/405 1385/1595/406
f 275/275/369 1383/1593/371 1386/1596/407 1384/1594/405
s 1
f 276/276/373 277/277/372 301/301/408 300/300/409
s 11
f 1392/1622/375 278/278/374 1394/1624/410 1395/1625/411
f 278/278/374 1393/1623/376 1396/1626/412 1394/1624/410
s 1
f 279/279/378 280/280/377 304/304/413 303/303/414
f 280/280/377 281/281/379 305/305/415 304/304/413
s 12
f 1402/1652/381 282/282/380 1404/1654/416 1405/1655/417
f 282/282/380 1403/1653/382 1406/1656/418 1404/1654/416
s 1
f 283/283/384 284/284/383 308/308/419 307/307/420
f 284/284/383 285/285/385 309/309/421 308/308/419
s 13
f 1412/1682/387 286/286/386 1414/1684/422 1415/1685/423
f 286/286/386 1413/1683/388 1416/1686/424 1414/1684/422
s 1
f 287/287/390 288/288/389 312/312/425 311/311/426
f 289/289/392 290/290/391 314/314/427 313/313/428
f 290/290/391 291/291/429 315/315/430 314/314/427
f 291/291/429 292/292/397 316/316/431 315/315/430
f 292/292/397 293/293/396 317/317/432 316/316/431
f 293/293/396 294/294/398 318/318/433 317/317/432
f 294/294/398 295/295/434 319/319/435 318/318/433
f 295/295/434 296/296/403 320/320/436 319/319/435
f 296/296/403 297/297/402 321/321/437 320/320/436
f 297/297/402 298/298/404 322/322/438 321/321/437
f 298/298/404 299/299/439 323/323/440 322/322/438
f 299/299/439 300/300/409 324/324/441 323/323/440
f 300/300/409 301/301/408 325/325/442 324/324/441
f 301/301/408 302/302/443 326/326/444 325/325/442
f 302/302/443 303/303/414 327/327/445 326/326/444
f 303/303/414 304/304/413 328/328/446 327/327/445
f 304/304/413 305/305/415 329/329/447 328/328/446
f 305/305/415 306/306/448 330/330/449 329/329/447
f 306/306/448 307/307/420 331/331/450 330/330/449
f 307/307/420 308/308/419 332/332/451 331/331/450
f 308/308/419 309/309/421 333/333/452 332/332/451
f 309/309/421 310/310/453 334/334/454 333/333/452
f 310/310/453 311/311/426 335/335/455 334/334/454
f 311/311/426 312/312/425 336/336/456 335/335/455
f 313/313/428 314/314/427 338/338/457 337/337/458
f 314/314/427 315/315/430 339/339/459 338/338/457
f 315/315/430 316/316/431 340/340/460 339/339/459
f 316/316/431 317/317/432 341/341/461 340/340/460
f 317/317/432 318/318/433 342/342/462 341/341/461
f 318/318/433 319/319/435 343/343/463 342/342/462
f 319/319/435 320/320/436 344/344/464 343/343/463
f 320/320/436 321/321/437 345/345/465 344/344/464
f 321/321/437 322/322/438 346/346/466 345/345/465
f 322/322/438 323/323/440 347/347/467 346/346/466
f 323/323/440 324/324/441 348/348/468 347/347/467
f 324/324/441 325/325/442 349/349/469 348/348/468
f 325/325/442 326/326/444 350/350/470 349/349/469
f 326/326/444 327/327/445 351/351/471 350/350/470
f 327/327/445 328/328/446 352/352/472 351/351/471
f 328/328/446 329/329/447 353/353/473 352/352/472
f 329/329/447 330/330/449 354/354/474 353/353/473
f 330/330/449 331/331/450 355/355/475 354/354/474
f 331/331/450 332/332/451 356/356/476 355/355/475
f 332/332/451 333/333/452 357/357/477 356/356/476
f 333/333/452 334/334/454 358/358/478 357/357/477
f 334/334/454 335/335/455 359/359/479 358/358/478
f 335/335/455 336/336/456 360/360/480 359/359/479
f 337/337/458 338/338/457 362/362/481 361/361/482
f 338/338/457 339/339/459 363/363/483 362/362/481
f 339/339/459 340/340/460 364/364/484 363/363/483
f 340/340/460 341/341/461 365/365/485 364/364/484
f 341/341/461 342/342/462 366/366/486 365/365/485
f 342/342/462 343/343/463 367/367/487 366/366/486
f 343/343/463 344/344/464 368/368/488 367/367/487
f 344/344/464 345/345/465 369/369/489 368/368/488
f 345/345/465 346/346/466 370/370/490 369/369/489
f 346/346/466 347/347/467 371/371/491 370/370/490
f 347/347/467 348/348/468 372/372/492 371/371/491
f 348/348/468 349/349/469 373/373/493 372/372/492
f 349/349/469 350/350/470 374/374/494 373/373/493
f 350/350/470 351/351/471 375/375/495 374/374/494
f 351/351/471 352/352/472 376/376/496 375/375/495
f 352/352/472 353/353/473 377/377/497 376/376/496
f 353/353/473 354/354/474 378/378/498 377/377/497
f 354/354/474 355/355/475 379/379/499 378/378/498
f 355/355/475 356/356/476 380/380/500 379/379/499
f 356/356/476 357/357/477 381/381/501 380/380/500
f 357/357/477 358/358/478 382/382/502 381/381/501
f 358/358/478 359/359/479 383/383/503 382/382/502
f 359/359/479 360/360/480 384/384/504 383/383/503
f 361/361/482 362/362/481 386/386/505 385/385/506
s 14
f 1417/1707/507 1418/1708/508 387/387/509 1419/1709/510
f 1418/1708/508 1420/1710/511 1421/1711/512 387/387/509
s 1
f 364/364/484 365/365/485 389/389/513 388/388/514
f 365/365/485 366/366/486 390/390/515 389/389/513
s 15
f 1427/1737/516 1428/1738/517 391/391/518 1429/1739/519
f 1428/1738/517 1430/1740/520 1431/1741/521 391/391/518
s 1
f 368/368/488 369/369/489 393/393/522 392/392/523
f 369/369/489 370/370/490 394/394/524 393/393/522
s 16
f 1437/1767/525 1438/1768/526 395/395/527 1439/1769/528
f 1438/1768/526 1440/1770/529 1441/1771/530 395/395/527
s 1
f 372/372/492 373/373/493 397/397/531 396/396/532
s 17
f 1447/1797/533 1448/1798/534 398/398/535 1449/1799/536
f 1448/1798/534 1450/1800/537 1451/1801/538 398/398/535
s 1
f 375/375/495 376/376/496 400/400/539 399/399/540
f 376/376/496 377/377/497 401/401/541 400/400/539
s 18
f 1457/1827/542 1458/1828/543 402/402/544 1459/1829/545
f 1458/1828/543 1460/1830/546 1461/1831/547 402/402/544
s 1
f 379/379/499 380/380/500 404/404/548 403/403/549
f 380/380/500 381/381/501 405/405/550 404/404/548
s 19
f 1467/1857/551 1468/1858/552 406/406/553 1469/1859/554
f 1468/1858/552 1470/1860/555 1471/1861/556 406/406/553
s 1
f 383/383/503 384/384/504 408/408/557 407/407/558
f 385/385/506 386/386/505 410/410/559 409/409/560
s 14
f 1419/1709/510 387/387/509 411/411/561 1422/1712/562
f 387/387/509 1421/1711/512 1423/1713/563 411/411/561
s 1
f 388/388/514 389/389/513 413/413/564 412/412/565
f 389/389/513 390/390/515 414/414/566 413/413/564
s 15
f 1429/1739/519 391/391/518 415/415/567 1432/1742/568
f 391/391/518 1431/1741/521 1433/1743/569 415/415/567
s 1
f 392/392/523 393/393/522 417/417/570 416/416/571
f 393/393/522 394/394/524 418/418/572 417/417/570
s 16
f 1439/1769/528 395/395/527 419/419/573 1442/1772/574
f 395/395/527 1441/1771/530 1443/1773/575 419/419/573
s 1
f 396/396/532 397/397/531 421/421/576 420/420/577
s 17
f 1449/1799/536 398/398/535 422/422/578 1452/1802/579
f 398/398/535 1451/1801/538 1453/1803/580 422/422/578
s 1
f 399/399/540 400/400/539 424/424/581 423/423/582
f 400/400/539 401/401/541 425/425/583 424/424/581
s 18
f 1459/1829/545 402/402/544 426/426/584 1462/1832/585
f 402/402/544 1461/1831/547 1463/1833/586 426/426/584
s 1
f 403/403/549 404/404/548 428/428/587 427/427/588
f 404/404/548 405/405/550 429/429/589 428/428/587
s 19
f 1469/1859/554 406/406/553 430/430/590 1472/1862/591
f 406/406/553 1471/1861/556 1473/1863/592 430/430/590
s 1
f 407/407/558 408/408/557 432/432/593 431/431/594
f 409/409/560 410/410/559 434/434/595 433/433/596
s 14
f 1422/1712/562 411/411/561 1424/1714/597 1425/1715/598
f 411/411/561 1423/1713/563 1426/1716/599 1424/1714/597
s 1
f 412/412/565 413/413/564 437/437/600 436/436/601
f 413/413/564 414/414/566 438/438/602 437/437/600
s 15
f 1432/1742/568 415/415/567 1434/1744/603 1435/1745/604
f 415/415/567 1433/1743/569 1436/1746/605 1434/1744/603
s 1
f 416/416/571 417/417/570 441/441/606 440/440/607
f 417/417/570 418/418/572 442/442/608 441/441/606
s 16
f 1442/1772/574 419/419/573 1444/1774/609 1445/1775/610
f 419/419/573 1443/1773/575 1446/1776/611 1444/1774/609
s 1
f 420/420/577 421/421/576 445/445/612 444/444/613
s 17
f 1452/1802/579 422/422/578 1454/1804/614 1455/1805/615
f 422/422/578 1453/1803/580 1456/1806/616 1454/1804/614
s 1
f 423/423/582 424/424/581 448/448/617 447/447/618
f 424/424/581 425/425/583 449/449/619 448/448/617
s 18
f 1462/1832/585 426/426/584 1464/1834/620 1465/1835/621
f 426/426/584 1463/1833/586 1466/1836/622 1464/1834/620
s 1
f 427/427/588 428/428/587 452/452/623 451/451/624
f 428/428/587 429/429/589 453/453/625 452/452/623
s 19
f 1472/1862/591 430/430/590 1474/1864/626 1475/1865/627
f 430/430/590 1473/1863/592 1476/1866/628 1474/1864/626
s 1
f 431/431/594 432/432/593 456/456/629 455/455/630
f 433/433/596 434/434/595 458/458/631 457/457/632
f 434/434/595 435/435/633 459/459/634 458/458/631
f 435/435/633 436/436/601 460/460/635 459/459/634
f 436/436/601 437/437/600 461/461/636 460/460/635
f 437/437/600 438/438/602 462/462/637 461/461/636
f 438/438/602 439/439/638 463/463/639 462/462/637
f 439/439/638 440/440/607 464/464/640 463/463/639
f 440/440/607 441/441/606 465/465/641 464/464/640
f 441/441/606 442/442/608 466/466/642 465/465/641
f 442/442/608 443/443/643 467/467/644 466/466/642
f 443/443/643 444/444/613 468/468/645 467/467/644
f 444/444/613 445/445/612 469/469/646 468/468/645
f 445/445/612 446/446/647 470/470/648 469/469/646
f 446/446/647 447/447/618 471/471/649 470/470/648
f 447/447/618 448/448/617 472/472/650 471/471/649
f 448/448/617 449/449/619 473/473/651 472/472/650
f 449/449/619 450/450/652 474/474/653 473/473/651
f 450/450/652 451/451/624 475/475/654 474/474/653
f 451/451/624 452/452/623 476/476/655 475/475/654
f 452/452/623 453/453/625 477/477/656 476/476/655
f 453/453/625 454/454/657 478/478/658 477/477/656
f 454/454/657 455/455/630 479/479/659 478/478/658
f 455/455/630 456/456/629 480/480/660 479/479/659
f 457/457/632 458/458/631 482/482/661 481/481/662
f 458/458/631 459/459/634 483/483/663 482/482/661
f 459/459/634 460/460/635 484/484/664 483/483/663
f 460/460/635 461/461/636 485/485/665 484/484/664
f 461/461/636 462/462/637 486/486/666 485/485/665
f 462/462/637 463/463/639 487/487/667 486/486/666
f 463/463/639 464/464/640 488/488/668 487/487/667
f 464/464/640 465/465/641 489/489/669 488/488/668
f 465/465/641 466/466/642 490/490/670 489/489/669
f 466/466/642 467/467/644 491/491/671 490/490/670
f 467/467/644 468/468/645 492/492/672 491/491/671
f 468/468/645 469/469/646 493/493/673 492/492/672
f 469/469/646 470/470/648 494/494/674 493/493/673
f 470/470/648 471/471/649 495/495/675 494/494/674
f 471/471/649 472/472/650 496/496/676 495/495/675
f 472/472/650 473/473/651 497/497/677 496/496/676
f 473/473/651 474/474/653 498/498/678 497/497/677
f 474/474/653 475/475/654 499/499/679 498/498/678
f 475/475/654 476/476/655 500/500/680 499/499/679
f 476/476/655 477/477/656 501/501/681 500/500/680
f 477/477/656 478/478/658 502/502/682 501/501/681
f 478/478/658 479/479/659 503/503/683 502/502/682
f 479/479/659 480/480/660 504/504/684 503/503/683
f 481/481/662 482/482/661 506/506/685 505/505/686
f 482/482/661 483/483/663 507/507/687 506/506/685
f 483/483/663 484/484/664 508/508/688 507/507/687
f 484/484/664 485/485/665 509/509/689 508/508/688
f 485/485/665 486/486/666 510/510/690 509/509/689
f 486/486/666 487/487/667 511/511/691 510/510/690
f 487/487/667 488/488/668 512/512/692 511/511/691
f 488/488/668 489/489/669 513/513/693 512/512/692
f 489/489/669 490/490/670 514/514/694 513/513/693
f 490/490/670 491/491/671 515/515/695 514/514/694
f 491/491/671 492/492/672 516/516/696 515/515/695
f 492/492/672 493/493/673 517/517/697 516/516/696
f 493/493/673 494/494/674 518/518/698 517/517/697
f 494/494/674 495/495/675 519/519/699 518/518/698
f 495/495/675 496/496/676 520/520/700 519/519/699
f 496/496/676 497/497/677 521/521/701 520/520/700
f 497/497/677 498/498/678 522/522/702 521/521/701
f 498/498/678 499/499/679 523/523/703 522/522/702
f 499/499/679 500/500/680 524/524/704 523/523/703
f 500/500/680 501/501/681 525/525/705 524/524/704
f 501/501/681 502/502/682 526/526/706 525/525/705
f 502/502/682 503/503/683 527/527/707 526/526/706
f 503/503/683 504/504/684 528/528/708 527/527/707
f 505/505/686 506/506/685 530/530/709 529/529/710
f 506/506/685 507/507/687 531/531/711 530/530/709
f 507/507/687 508/508/688 532/532/712 531/531/711
f 508/508/688 509/509/689 533/533/713 532/532/712
f 509/509/689 510/510/690 534/534/714 533/533/713
f 510/510/690 511/511/691 535/535/715 534/534/714
f 511/511/691 512/512/692 536/536/716 535/535/715
f 512/512/692 513/513/693 537/537/717 536/536/716
f 513/513/693 514/514/694 538/538/718 537/537/717
f 514/514/694 515/515/695 539/539/719 538/538/718
f 515/515/695 516/516/696 540/540/720 539/539/719
f 516/516/696 517/517/697 541/541/721 540/540/720
f 517/517/697 518/518/698 542/542/722 541/541/721
f 518/518/698 519/519/699 543/543/723 542/542/722
f 519/519/699 520/520/700 544/544/724 543/543/723
f 520/520/700 521/521/701 545/545/725 544/544/724
f 521/521/701 522/522/702 546/546/726 545/545/725
f 522/522/702 523/523/703 547/547/727 546/546/726
f 523/523/703 524/524/704 548/548/728 547/547/727
f 524/524/704 525/525/705 549/549/729 548/548/728
f 525/525/705 526/526/706 550/550/730 549/549/729
f 526/526/706 527/527/707 551/551/731 550/550/730
f 527/527/707 528/528/708 552/552/732 551/551/731
f 529/529/710 530/530/709 554/554/733 553/553/734
s 20
f 1477/1887/735 1478/1888/736 555/555/737 1479/1889/738
f 1478/1888/736 1480/1890/739 1481/1891/740 555/555/737
s 1
f 532/532/712 533/533/713 557/557/741 556/556/742
f 533/533/713 534/534/714 558/558/743 557/557/741
s 21
f 1487/1917/744 1488/1918/745 559/559/746 1489/1919/747
f 1488/1918/745 1490/1920/748 1491/1921/749 559/559/746
s 1
f 536/536/716 537/537/717 561/561/750 560/560/751
f 537/537/717 538/538/718 562/562/752 561/561/750
s 22
f 1497/1947/753 1498/1948/754 563/563/755 1499/1949/756
f 1498/1948/754 1500/1950/757 1501/1951/758 563/563/755
s 1
f 540/540/720 541/541/721 565/565/759 564/564/760
s 23
f 1507/1977/761 1508/1978/762 566/566/763 1509/1979/764
f 1508/1978/762 1510/1980/765 1511/1981/766 566/566/763
s 1
f 543/543/723 544/544/724 568/568/767 567/567/768
f 544/544/724 545/545/725 569/569/769 568/568/767
s 24
f 1517/2007/770 1518/2008/771 570/570/772 1519/2009/773
f 1518/2008/771 1520/2010/774 1521/2011/775 570/570/772
s 1
f 547/547/727 548/548/728 572/572/776 571/571/777
f 548/548/728 549/549/729 573/573/778 572/572/776
s 25
f 1527/2037/779 1528/2038/780 574/574/781 1529/2039/782
f 1528/2038/780 1530/2040/783 1531/2041/784 574/574/781
s 1
f 551/551/731 552/552/732 576/576/785 575/575/786
f 553/553/734 554/554/733 578/578/787 577/577/788
s 20
f 1479/1889/738 555/555/737 579/579/789 1482/1892/790
f 555/555/737 1481/1891/740 1483/1893/791 579/579/789
s 1
f 556/556/742 557/557/741 581/581/792 580/580/793
f 557/557/741 558/558/743 582/582/794 581/581/792
s 21
f 1489/1919/747 559/559/746 583/583/795 1492/1922/796
f 559/559/746 1491/1921/749 1493/1923/797 583/583/795
s 1
f 560/560/751 561/561/750 585/585/798 584/584/799
f 561/561/750 562/562/752 586/586/800 585/585/798
s 22
f 1499/1949/756 563/563/755 587/587/801 1502/1952/802
f 563/563/755 1501/1951/758 1503/1953/803 587/587/801
s 1
f 564/564/760 565/565/759 589/589/804 588/588/805
s 23
f 1509/1979/764 566/566/763 590/590/806 1512/1982/807
f 566/566/763 1511/1981/766 1513/1983/808 590/590/806
s 1
f 567/567/768 568/568/767 592/592/809 591/591/810
f 568/568/767 569/569/769 593/593/811 592/592/809
s 24
f 1519/2009/773 570/570/772 594/594/812 1522/2012/813
f 570/570/772 1521/2011/775 1523/2013/814 594/594/812
s 1
f 571/571/777 572/572/776 596/596/815 595/595/816
f 572/572/776 573/573/778 597/597/817 596/596/815
s 25
f 1529/2039/782 574/574/781 598/598/818 1532/2042/819
f 574/574/781 1531/2041/784 1533/2043/820 598/598/818
s 1
f 575/575/786 576/576/785 600/600/821 599/599/822
f 577/577/788 578/578/787 602/602/823 601/601/824
s 20
f 1482/1892/790 579/579/789 1484/1894/825 1485/1895/826
f 579/579/789 1483/1893/791 1486/1896/827 1484/1894/825
s 1
f 580/580/793 581/581/792 605/605/828 604/604/829
f 581/581/792 582/582/794 606/606/830 605/605/828
s 21
f 1492/1922/796 583/583/795 1494/1924/831 1495/1925/832
f 583/583/795 1493/1923/797 1496/1926/833 1494/1924/831
s 1
f 584/584/799 585/585/798 609/609/834 608/608/835
f 585/585/798 586/586/800 610/610/836 609/609/834
s 22
f 1502/1952/802 587/587/801 1504/1954/837 1505/1955/838
f 587/587/801 1503/1953/803 1506/1956/839 1504/1954/837
s 1
f 588/588/805 589/589/804 613/613/840 612/612/841
s 23
f 1512/1982/807 590/590/806 1514/1984/842 1515/1985/843
f 590/590/806 1513/1983/808 1516/1986/844 1514/1984/842
s 1
f 591/591/810 592/592/809 616/616/845 615/615/846
f 592/592/809 593/593/811 617/617/847 616/616/845
s 24
f 1522/2012/813 594/594/812 1524/2014/848 1525/2015/849
f 594/594/812 1523/2013/814 1526/2016/850 1524/2014/848
s 1
f 595/595/816 596/596/815 620/620/851 619/619/852
f 596/596/815 597/597/817 621/621/853 620/620/851
s 25
f 1532/2042/819 598/598/818 1534/2044/854 1535/2045/855
f 598/598/818 1533/2043/820 1536/2046/856 1534/2044/854
s 1
f 599/599/822 600/600/821 624/624/857 623/623/858
f 601/601/824 602/602/823 626/626/859 625/625/860
f 602/602/823 603/603/861 627/627/862 626/626/859
f 603/603/861 604/604/829 628/628/863 627/627/862
f 604/604/829 605/605/828 629/629/864 628/628/863
f 605/605/828 606/606/830 630/630/865 629/629/864
f 606/606/830 607/607/866 631/631/867 630/630/865
f 607/607/866 608/608/835 632/632/868 631/631/867
f 608/608/835 609/609/834 633/633/869 632/632/868
f 609/609/834 610/610/836 634/634/870 633/633/869
f 610/610/836 611/611/871 635/635/872 634/634/870
f 611/611/871 612/612/841 636/636/873 635/635/872
f 612/612/841 613/613/840 637/637/874 636/636/873
f 613/613/840 614/614/875 638/638/876 637/637/874
f 614/614/875 615/615/846 639/639/877 638/638/876
f 615/615/846 616/616/845 640/640/878 639/639/877
f 616/616/845 617/617/847 641/641/879 640/640/878
f 617/617/847 618/618/880 642/642/881 641/641/879
f 618/618/880 619/619/852 643/643/882 642/642/881
f 619/619/852 620/620/851 644/644/883 643/643/882
f 620/620/851 621/621/853 645/645/884 644/644/883
f 621/621/853 622/622/885 646/646/886 645/645/884
f 622/622/885 623/623/858 647/647/887 646/646/886
f 623/623/858 624/624/857 648/648/888 647/647/887
s 26
f 1907/2067/889 1908/2068/890 1909/2069/891 1910/2070/892
f 1908/2068/890 1911/2071/893 1912/2072/894 1909/2069/891
f 1911/2071/893 1913/2073/895 1914/2074/896 1912/2072/894
f 1913/2073/895 1915/2075/897 1916/2076/898 1914/2074/896
f 1915/2075/897 1917/2077/899 1918/2078/900 1916/2076/898
f 1917/2077/899 1919/2079/901 1920/2080/902 1918/2078/900
f 1919/2079/901 1921/2081/903 1922/2082/904 1920/2080/902
f 1921/2081/903 1923/2083/905 1924/2084/906 1922/2082/904
f 1923/2083/905 1925/2085/907 1926/2086/908 1924/2084/906
f 1925/2085/907 1927/2087/909 1928/2088/910 1926/2086/908
f 1927/2087/909 1929/2089/911 1930/2090/912 1928/2088/910
f 1929/2089/911 1931/2091/913 1932/2092/914 1930/2090/912
f 1931/2091/913 1933/2093/915 1934/2094/916 1932/2092/914
f 1933/2093/915 1935/2095/917 1936/2096/918 1934/2094/916
f 1935/2095/917 1937/2097/919 1938/2098/920 1936/2096/918
f 1937/2097/919 1939/2099/921 1940/2100/922 1938/2098/920
f 1939/2099/921 1941/2101/923 1942/2102/924 1940/2100/922
f 1941/2101/923 1943/2103/925 1944/2104/926 1942/2102/924
f 1943/2103/925 1945/2105/927 1946/2106/928 1944/2104/926
f 1945/2105/927 1947/2107/929 1948/2108/930 1946/2106/928
f 1947/2107/929 1949/2109/931 1950/2110/932 1948/2108/930
f 1949/2109/931 1951/2111/933 1952/2112/934 1950/2110/932
f 1951/2111/933 1953/2113/935 1954/2114/936 1952/2112/934
s 27
f 649/649/937 650/650/938 674/674/939 673/673/940
f 650/650/938 651/651/941 675/675/942 674/674/939
f 651/651/941 652/652/943 676/676/944 675/675/942
f 652/652/943 653/653/945 677/677/946 676/676/944
f 653/653/945 654/654/947 678/678/948 677/677/946
f 654/654/947 655/655/949 679/679/950 678/678/948
f 655/655/949 656/656/951 680/680/952 679/679/950
f 656/656/951 657/657/953 681/681/954 680/680/952
f 657/657/953 658/658/955 682/682/956 681/681/954
f 658/658/955 659/659/957 683/683/958 682/682/956
f 659/659/957 660/660/959 684/684/960 683/683/958
f 660/660/959 661/661/961 685/685/962 684/684/960
f 661/661/961 662/662/963 686/686/964 685/685/962
f 662/662/963 663/663/965 687/687/966 686/686/964
f 663/663/965 664/664/967 688/688/968 687/687/966
f 664/664/967 665/665/969 689/689/970 688/688/968
f 665/665/969 666/666/971 690/690/972 689/689/970
f 666/666/971 667/667/973 691/691/974 690/690/972
f 667/667/973 668/668/975 692/692/976 691/691/974
f 668/668/975 669/669/977 693/693/978 692/692/976
f 669/669/977 670/670/979 694/694/980 693/693/978
f 670/670/979 671/671/981 695/695/982 694/694/980
f 671/671/981 672/672/983 696/696/984 695/695/982
f 673/673/940 674/674/939 698/698/985 697/697/986
s 28
f 1733/2608/987 1734/2609/988 699/699/989 1735/2610/990
f 1734/2609/988 1736/2611/991 700/700/992 699/699/989
f 1736/2611/991 1737/2612/993 701/701/994 700/700/992
f 1737/2612/993 1738/2613/995 702/702/996 701/701/994
f 1738/2613/995 1739/2614/997 703/703/998 702/702/996
f 1739/2614/997 1740/2615/999 704/704/1000 703/703/998
f 1740/2615/999 1741/2616/1001 705/705/1002 704/704/1000
f 1741/2616/1001 1742/2617/1003 706/706/1004 705/705/1002
f 1742/2617/1003 1743/2618/1005 707/707/1006 706/706/1004
f 1743/2618/1005 1744/2619/1007 708/708/1008 707/707/1006
f 1744/2619/1007 1745/2620/1009 709/709/1010 708/708/1008
f 1745/2620/1009 1746/2621/1011 710/710/1012 709/709/1010
f 1746/2621/1011 1747/2622/1013 711/711/1014 710/710/1012
f 1747/2622/1013 1748/2623/1015 712/712/1016 711/711/1014
f 1748/2623/1015 1749/2624/1017 713/713/1018 712/712/1016
f 1749/2624/1017 1750/2625/1019 714/714/1020 713/713/1018
f 1750/2625/1019 1751/2626/1021 715/715/1022 714/714/1020
f 1751/2626/1021 1752/2627/1023 716/716/1024 715/715/1022
f 1752/2627/1023 1753/2628/1025 717/717/1026 716/716/1024
f 1753/2628/1025 1754/2629/1027 718/718/1028 717/717/1026
f 1754/2629/1027 1755/2630/1029 1756/2631/1030 718/718/1028
s 27
f 695/695/982 696/696/984 720/720/1031 719/719/1032
f 697/697/986 698/698/985 722/722/1033 721/721/1034
s 28
f 1735/2610/990 699/699/989 723/723/1035 1757/2632/1036
f 699/699/989 700/700/992 724/724/1037 723/723/1035
f 700/700/992 701/701/994 725/725/1038 724/724/1037
f 701/701/994 702/702/996 726/726/1039 725/725/1038
f 702/702/996 703/703/998 727/727/1040 726/726/1039
f 703/703/998 704/704/1000 728/728/1041 727/727/1040
f 704/704/1000 705/705/1002 729/729/1042 728/728/1041
f 705/705/1002 706/706/1004 730/730/1043 729/729/1042
f 706/706/1004 707/707/1006 731/731/1044 730/730/1043
f 707/707/1006 708/708/1008 732/732/1045 731/731/1044
f 708/708/1008 709/709/1010 733/733/1046 732/732/1045
f 709/709/1010 710/710/1012 734/734/1047 733/733/1046
f 710/710/1012 711/711/1014 735/735/1048 734/734/1047
f 711/711/1014 712/712/1016 736/736/1049 735/735/1048
f 712/712/1016 713/713/1018 737/737/1050 736/736/1049
f 713/713/1018 714/714/1020 738/738/1051 737/737/1050
f 714/714/1020 715/715/1022 739/739/1052 738/738/1051
f 715/715/1022 716/716/1024 740/740/1053 739/739/1052
f 716/716/1024 717/717/1026 741/741/1054 740/740/1053
f 717/717/1026 718/718/1028 742/742/1055 741/741/1054
f 718/718/1028 1756/2631/1030 1758/2633/1056 742/742/1055
s 27
f 719/719/1032 720/720/1031 744/744/1057 743/743/1058
f 721/721/1034 722/722/1033 746/746/1059 745/745/1060
s 28
f 1757/2632/1036 723/723/1035 747/747/1061 1759/2634/1062
f 723/723/1035 724/724/1037 748/748/1063 747/747/1061
f 724/724/1037 725/725/1038 749/749/1064 748/748/1063
f 725/725/1038 726/726/1039 750/750/1065 749/749/1064
f 726/726/1039 727/727/1040 751/751/1066 750/750/1065
f 727/727/1040 728/728/1041 752/752/1067 751/751/1066
f 728/728/1041 729/729/1042 753/753/1068 752/752/1067
f 729/729/1042 730/730/1043 754/754/1069 753/753/1068
f 730/730/1043 731/731/1044 755/755/1070 754/754/1069
f 731/731/1044 732/732/1045 756/756/1071 755/755/1070
f 732/732/1045 733/733/1046 757/757/1072 756/756/1071
f 733/733/1046 734/734/1047 758/758/1073 757/757/1072
f 734/734/1047 735/735/1048 759/759/1074 758/758/1073
f 735/735/1048 736/736/1049 760/760/1075 759/759/1074
f 736/736/1049 737/737/1050 761/761/1076 760/760/1075
f 737/737/1050 738/738/1051 762/762/1077 761/761/1076
f 738/738/1051 739/739/1052 763/763/1078 762/762/1077
f 739/739/1052 740/740/1053 764/764/1079 763/763/1078
f 740/740/1053 741/741/1054 765/765/1080 764/764/1079
f 741/741/1054 742/742/1055 766/766/1081 765/765/1080
f 742/742/1055 1758/2633/1056 1760/2635/1082 766/766/1081
s 27
f 743/743/1058 744/744/1057 768/768/1083 767/767/1084
f 745/745/1060 746/746/1059 770/770/1085 769/769/1086
s 28
f 1759/2634/1062 747/747/1061 771/771/1087 1761/2636/1088
f 747/747/1061 748/748/1063 772/772/1089 771/771/1087
f 748/748/1063 749/749/1064 773/773/1090 772/772/1089
f 749/749/1064 750/750/1065 774/774/1091 773/773/1090
f 750/750/1065 751/751/1066 775/775/1092 774/774/1091
f 751/751/1066 752/752/1067 776/776/1093 775/775/1092
f 752/752/1067 753/753/1068 777/777/1094 776/776/1093
f 753/753/1068 754/754/1069 778/778/1095 777/777/1094
f 754/754/1069 755/755/1070 779/779/1096 778/778/1095
f 755/755/1070 756/756/1071 780/780/1097 779/779/1096
f 756/756/1071 757/757/1072 781/781/1098 780/780/1097
f 757/757/1072 758/758/1073 782/782/1099 781/781/1098
f 758/758/1073 759/759/1074 783/783/1100 782/782/1099
f 759/759/1074 760/760/1075 784/784/1101 783/783/1100
f 760/760/1075 761/761/1076 785/785/1102 784/784/1101
f 761/761/1076 762/762/1077 786/786/1103 785/785/1102
f 762/762/1077 763/763/1078 787/787/1104 786/786/1103
f 763/763/1078 764/764/1079 788/788/1105 787/787/1104
f 764/764/1079 765/765/1080 789/789/1106 788/788/1105
f 765/765/1080 766/766/1081 790/790/1107 789/789/1106
f 766/766/1081 1760/2635/1082 1762/2637/1108 790/790/1107
s 27
f 767/767/1084 768/768/1083 792/792/1109 791/791/1110
f 769/769/1086 770/770/1085 794/794/1111 793/793/1112
s 28
f 1761/2636/1088 771/771/1087 795/795/1113 1763/2638/1114
f 771/771/1087 772/772/1089 796/796/1115 795/795/1113
f 772/772/1089 773/773/1090 797/797/1116 796/796/1115
f 773/773/1090 774/774/1091 798/798/1117 797/797/1116
f 774/774/1091 775/775/1092 799/799/1118 798/798/1117
f 775/775/1092 776/776/1093 800/800/1119 799/799/1118
f 776/776/1093 777/777/1094 801/801/1120 800/800/1119
f 777/777/1094 778/778/1095 802/802/1121 801/801/1120
f 778/778/1095 779/779/1096 803/803/1122 802/802/1121
f 779/779/1096 780/780/1097 804/804/1123 803/803/1122
f 780/780/1097 781/781/1098 805/805/1124 804/804/1123
f 781/781/1098 782/782/1099 806/806/1125 805/805/1124
f 782/782/1099 783/783/1100 807/807/1126 806/806/1125
f 783/783/1100 784/784/1101 808/808/1127 807/807/1126
f 784/784/1101 785/785/1102 809/809/1128 808/808/1127
f 785/785/1102 786/786/1103 810/810/1129 809/809/1128
f 786/786/1103 787/787/1104 811/811/1130 810/810/1129
f 787/787/1104 788/788/1105 812/812/1131 811/811/1130
f 788/788/1105 789/789/1106 813/813/1132 812/812/1131
f 789/789/1106 790/790/1107 814/814/1133 813/813/1132
f 790/790/1107 1762/2637/1108 1764/2639/1134 814/814/1133
s 27
f 791/791/1110 792/792/1109 816/816/1135 815/815/1136
f 793/793/1112 794/794/1111 818/818/1137 817/817/1138
s 28
f 1763/2638/1114 795/795/1113 819/819/1139 1765/2640/1140
f 795/795/1113 796/796/1115 820/820/1141 819/819/1139
f 796/796/1115 797/797/1116 821/821/1142 820/820/1141
f 797/797/1116 798/798/1117 822/822/1143 821/821/1142
f 798/798/1117 799/799/1118 823/823/1144 822/822/1143
f 799/799/1118 800/800/1119 824/824/1145 823/823/1144
f 800/800/1119 801/801/1120 825/825/1146 824/824/1145
f 801/801/1120 802/802/1121 826/826/1147 825/825/1146
f 802/802/1121 803/803/1122 827/827/1148 826/826/1147
f 803/803/1122 804/804/1123 828/828/1149 827/827/1148
f 804/804/1123 805/805/1124 829/829/1150 828/828/1149
f 805/805/1124 806/806/1125 830/830/1151 829/829/1150
f 806/806/1125 807/807/1126 831/831/1152 830/830/1151
f 807/807/1126 808/808/1127 832/832/1153 831/831/1152
f 808/808/1127 809/809/1128 833/833/1154 832/832/1153
f 809/809/1128 810/810/1129 834/834/1155 833/833/1154
f 810/810/1129 811/811/1130 835/835/1156 834/834/1155
f 811/811/1130 812/812/1131 836/836/1157 835/835/1156
f 812/812/1131 813/813/1132 837/837/1158 836/836/1157
f 813/813/1132 814/814/1133 838/838/1159 837/837/1158
f 814/814/1133 1764/2639/1134 1766/2641/1160 838/838/1159
s 27
f 815/815/1136 816/816/1135 840/840/1161 839/839/1162
f 817/817/1138 818/818/1137 842/842/1163 841/841/1164
s 28
f 1765/2640/1140 819/819/1139 843/843/1165 1767/2642/1166
f 819/819/1139 820/820/1141 844/844/1167 843/843/1165
s 29
f 1879/2878/1168 1880/2879/1169 845/845/1170 1881/2880/1171
f 1880/2879/1169 1882/2881/1172 846/846/1173 845/845/1170
f 1882/2881/1172 1883/2882/1174 1884/2883/1175 846/846/1173
s 28
f 823/823/1144 824/824/1145 848/848/1176 847/847/1177
f 824/824/1145 825/825/1146 849/849/1178 848/848/1176
f 825/825/1146 826/826/1147 850/850/1179 849/849/1178
f 826/826/1147 827/827/1148 851/851/1180 850/850/1179
f 827/827/1148 828/828/1149 852/852/1181 851/851/1180
f 828/828/1149 829/829/1150 853/853/1182 852/852/1181
f 829/829/1150 830/830/1151 854/854/1183 853/853/1182
f 830/830/1151 831/831/1152 855/855/1184 854/854/1183
f 831/831/1152 832/832/1153 856/856/1185 855/855/1184
f 832/832/1153 833/833/1154 857/857/1186 856/856/1185
f 833/833/1154 834/834/1155 858/858/1187 857/857/1186
s 30
f 1893/2920/1188 1894/2921/1189 859/859/1190 1895/2922/1191
f 1894/2921/1189 1896/2923/1192 860/860/1193 859/859/1190
f 1896/2923/1192 1897/2924/1194 1898/2925/1195 860/860/1193
s 28
f 837/837/1158 838/838/1159 862/862/1196 861/861/1197
f 838/838/1159 1766/2641/1160 1768/2643/1198 862/862/1196
s 27
f 839/839/1162 840/840/1161 864/864/1199 863/863/1200
f 841/841/1164 842/842/1163 866/866/1201 865/865/1202
s 28
f 1767/2642/1166 843/843/1165 867/867/1203 1769/2644/1204
f 843/843/1165 844/844/1167 868/868/1205 867/867/1203
s 29
f 1881/2880/1171 845/845/1170 869/869/1206 1885/2884/1207
f 845/845/1170 846/846/1173 870/870/1208 869/869/1206
f 846/846/1173 1884/2883/1175 1886/2885/1209 870/870/1208
s 28
f 847/847/1177 848/848/1176 872/872/1210 871/871/1211
f 848/848/1176 849/849/1178 873/873/1212 872/872/1210
f 849/849/1178 850/850/1179 874/874/1213 873/873/1212
f 850/850/1179 851/851/1180 875/875/1214 874/874/1213
f 851/851/1180 852/852/1181 876/876/1215 875/875/1214
f 852/852/1181 853/853/1182 877/877/1216 876/876/1215
f 853/853/1182 854/854/1183 878/878/1217 877/877/1216
f 854/854/1183 855/855/1184 879/879/1218 878/878/1217
f 855/855/1184 856/856/1185 880/880/1219 879/879/1218
f 856/856/1185 857/857/1186 881/881/1220 880/880/1219
f 857/857/1186 858/858/1187 882/882/1221 881/881/1220
s 30
f 1895/2922/1191 859/859/1190 883/883/1222 1899/2926/1223
f 859/859/1190 860/860/1193 884/884/1224 883/883/1222
f 860/860/1193 1898/2925/1195 1900/2927/1225 884/884/1224
s 28
f 861/861/1197 862/862/1196 886/886/1226 885/885/1227
f 862/862/1196 1768/2643/1198 1770/2645/1228 886/886/1226
s 27
f 863/863/1200 864/864/1199 888/888/1229 887/887/1230
f 865/865/1202 866/866/1201 890/890/1231 889/889/1232
s 28
f 1769/2644/1204 867/867/1203 891/891/1233 1771/2646/1234
f 867/867/1203 868/868/1205 892/892/1235 891/891/1233
s 29
f 1885/2884/1207 869/869/1206 893/893/1236 1887/2886/1237
f 869/869/1206 870/870/1208 894/894/1238 893/893/1236
f 870/870/1208 1886/2885/1209 1888/2887/1239 894/894/1238
s 28
f 871/871/1211 872/872/1210 896/896/1240 895/895/1241
f 872/872/1210 873/873/1212 897/897/1242 896/896/1240
f 873/873/1212 874/874/1213 898/898/1243 897/897/1242
f 874/874/1213 875/875/1214 899/899/1244 898/898/1243
f 875/875/1214 876/876/1215 900/900/1245 899/899/1244
f 876/876/1215 877/877/1216 901/901/1246 900/900/1245
f 877/877/1216 878/878/1217 902/902/1247 901/901/1246
f 878/878/1217 879/879/1218 903/903/1248 902/902/1247
f 879/879/1218 880/880/1219 904/904/1249 903/903/1248
f 880/880/1219 881/881/1220 905/905/1250 904/904/1249
f 881/881/1220 882/882/1221 906/906/1251 905/905/1250
s 30
f 1899/2926/1223 883/883/1222 907/907/1252 1901/2928/1253
f 883/883/1222 884/884/1224 908/908/1254 907/907/1252
f 884/884/1224 1900/2927/1225 1902/2929/1255 908/908/1254
s 28
f 885/885/1227 886/886/1226 910/910/1256 909/909/1257
f 886/886/1226 1770/2645/1228 1772/2647/1258 910/910/1256
s 27
f 887/887/1230 888/888/1229 912/912/1259 911/911/1260
f 889/889/1232 890/890/1231 914/914/1261 913/913/1262
s 28
f 1771/2646/1234 891/891/1233 915/915/1263 1773/2648/1264
f 891/891/1233 892/892/1235 916/916/1265 915/915/1263
s 29
f 1887/2886/1237 893/893/1236 1889/2888/1266 1890/2889/1267
f 893/893/1236 894/894/1238 1891/2890/1268 1889/2888/1266
f 894/894/1238 1888/2887/1239 1892/2891/1269 1891/2890/1268
s 28
f 895/895/1241 896/896/1240 920/920/1270 919/919/1271
f 896/896/1240 897/897/1242 921/921/1272 920/920/1270
f 897/897/1242 898/898/1243 922/922/1273 921/921/1272
f 898/898/1243 899/899/1244 923/923/1274 922/922/1273
f 899/899/1244 900/900/1245 924/924/1275 923/923/1274
f 900/900/1245 901/901/1246 925/925/1276 924/924/1275
f 901/901/1246 902/902/1247 926/926/1277 925/925/1276
f 902/902/1247 903/903/1248 927/927/1278 926/926/1277
f 903/903/1248 904/904/1249 928/928/1279 927/927/1278
f 904/904/1249 905/905/1250 929/929/1280 928/928/1279
f 905/905/1250 906/906/1251 930/930/1281 929/929/1280
s 30
f 1901/2928/1253 907/907/1252 1903/2930/1282 1904/2931/1283
f 907/907/1252 908/908/1254 1905/2932/1284 1903/2930/1282
f 908/908/1254 1902/2929/1255 1906/2933/1285 1905/2932/1284
s 28
f 909/909/1257 910/910/1256 934/934/1286 933/933/1287
f 910/910/1256 1772/2647/1258 1774/2649/1288 934/934/1286
s 27
f 911/911/1260 912/912/1259 936/936/1289 935/935/1290
f 913/913/1262 914/914/1261 938/938/1291 937/937/1292
s 28
f 1773/2648/1264 915/915/1263 939/939/1293 1775/2650/1294
f 915/915/1263 916/916/1265 940/940/1295 939/939/1293
f 916/916/1265 917/917/1296 941/941/1297 940/940/1295
f 917/917/1296 918/918/1298 942/942/1299 941/941/1297
f 918/918/1298 919/919/1271 943/943/1300 942/942/1299
f 919/919/1271 920/920/1270 944/944/1301 943/943/1300
f 920/920/1270 921/921/1272 945/945/1302 944/944/1301
f 921/921/1272 922/922/1273 946/946/1303 945/945/1302
f 922/922/1273 923/923/1274 947/947/1304 946/946/1303
f 923/923/1274 924/924/1275 948/948/1305 947/947/1304
f 924/924/1275 925/925/1276 949/949/1306 948/948/1305
f 925/925/1276 926/926/1277 950/950/1307 949/949/1306
f 926/926/1277 927/927/1278 951/951/1308 950/950/1307
f 927/927/1278 928/928/1279 952/952/1309 951/951/1308
f 928/928/1279 929/929/1280 953/953/1310 952/952/1309
f 929/929/1280 930/930/1281 954/954/1311 953/953/1310
f 930/930/1281 931/931/1312 955/955/1313 954/954/1311
f 931/931/1312 932/932/1314 956/956/1315 955/955/1313
f 932/932/1314 933/933/1287 957/957/1316 956/956/1315
f 933/933/1287 934/934/1286 958/958/1317 957/957/1316
f 934/934/1286 1774/2649/1288 1776/2651/1318 958/958/1317
s 27
f 935/935/1290 936/936/1289 960/960/1319 959/959/1320
f 937/937/1292 938/938/1291 962/962/1321 961/961/1322
s 28
f 1775/2650/1294 939/939/1293 963/963/1323 1777/2652/1324
f 939/939/1293 940/940/1295 964/964/1325 963/963/1323
f 940/940/1295 941/941/1297 965/965/1326 964/964/1325
f 941/941/1297 942/942/1299 966/966/1327 965/965/1326
f 942/942/1299 943/943/1300 967/967/1328 966/966/1327
f 943/943/1300 944/944/1301 968/968/1329 967/967/1328
f 944/944/1301 945/945/1302 969/969/1330 968/968/1329
f 945/945/1302 946/946/1303 970/970/1331 969/969/1330
f 946/946/1303 947/947/1304 971/971/1332 970/970/1331
f 947/947/1304 948/948/1305 972/972/1333 971/971/1332
f 948/948/1305 949/949/1306 973/973/1334 972/972/1333
f 949/949/1306 950/950/1307 974/974/1335 973/973/1334
f 950/950/1307 951/951/1308 975/975/1336 974/974/1335
f 951/951/1308 952/952/1309 976/976/1337 975/975/1336
f 952/952/1309 953/953/1310 977/977/1338 976/976/1337
f 953/953/1310 954/954/1311 978/978/1339 977/977/1338
f 954/954/1311 955/955/1313 979/979/1340 978/978/1339
f 955/955/1313 956/956/1315 980/980/1341 979/979/1340
f 956/956/1315 957/957/1316 981/981/1342 980/980/1341
f 957/957/1316 958/958/1317 982/982/1343 981/981/1342
f 958/958/1317 1776/2651/1318 1778/2653/1344 982/982/1343
s 27
f 959/959/1320 960/960/1319 984/984/1345 983/983/1346
f 961/961/1322 962/962/1321 986/986/1347 985/985/1348
s 28
f 1777/2652/1324 963/963/1323 987/987/1349 1779/2654/1350
f 963/963/1323 964/964/1325 988/988/1351 987/987/1349
f 964/964/1325 965/965/1326 989/989/1352 988/988/1351
f 965/965/1326 966/966/1327 990/990/1353 989/989/1352
f 966/966/1327 967/967/1328 991/991/1354 990/990/1353
f 967/967/1328 968/968/1329 992/992/1355 991/991/1354
f 968/968/1329 969/969/1330 993/993/1356 992/992/1355
f 969/969/1330 970/970/1331 994/994/1357 993/993/1356
f 970/970/1331 971/971/1332 995/995/1358 994/994/1357
f 971/971/1332 972/972/1333 996/996/1359 995/995/1358
f 972/972/1333 973/973/1334 997/997/1360 996/996/1359
f 973/973/1334 974/974/1335 998/998/1361 997/997/1360
f 974/974/1335 975/975/1336 999/999/1362 998/998/1361
f 975/975/1336 976/976/1337 1000/1000/1363 999/999/1362
f 976/976/1337 977/977/1338 1001/1001/1364 1000/1000/1363
f 977/977/1338 978/978/1339 1002/1002/1365 1001/1001/1364
f 978/978/1339 979/979/1340 1003/1003/1366 1002/1002/1365
f 979/979/1340 980/980/1341 1004/1004/1367 1003/1003/1366
f 980/980/1341 981/981/1342 1005/1005/1368 1004/1004/1367
f 981/981/1342 982/982/1343 1006/1006/1369 1005/1005/1368
f 982/982/1343 1778/2653/1344 1780/2655/1370 1006/1006/1369
s 27
f 983/983/1346 984/984/1345 1008/1008/1371 1007/1007/1372
f 985/985/1348 986/986/1347 1010/1010/1373 1009/1009/1374
s 28
f 1779/2654/1350 987/987/1349 1011/1011/1375 1781/2656/1376
f 987/987/1349 988/988/1351 1012/1012/1377 1011/1011/1375
f 988/988/1351 989/989/1352 1013/1013/1378 1012/1012/1377
f 989/989/1352 990/990/1353 1014/1014/1379 1013/1013/1378
f 990/990/1353 991/991/1354 1015/1015/1380 1014/1014/1379
f 991/991/1354 992/992/1355 1016/1016/1381 1015/1015/1380
f 992/992/1355 993/993/1356 1017/1017/1382 1016/1016/1381
f 993/993/1356 994/994/1357 1018/1018/1383 1017/1017/1382
f 994/994/1357 995/995/1358 1019/1019/1384 1018/1018/1383
f 995/995/1358 996/996/1359 1020/1020/1385 1019/1019/1384
f 996/996/1359 997/997/1360 1021/1021/1386 1020/1020/1385
f 997/997/1360 998/998/1361 1022/1022/1387 1021/1021/1386
f 998/998/1361 999/999/1362 1023/1023/1388 1022/1022/1387
f 999/999/1362 1000/1000/1363 1024/1024/1389 1023/1023/1388
f 1000/1000/1363 1001/1001/1364 1025/1025/1390 1024/1024/1389
f 1001/1001/1364 1002/1002/1365 1026/1026/1391 1025/1025/1390
f 1002/1002/1365 1003/1003/1366 1027/1027/1392 1026/1026/1391
f 1003/1003/1366 1004/1004/1367 1028/1028/1393 1027/1027/1392
f 1004/1004/1367 1005/1005/1368 1029/1029/1394 1028/1028/1393
f 1005/1005/1368 1006/1006/1369 1030/1030/1395 1029/1029/1394
f 1006/1006/1369 1780/2655/1370 1782/2657/1396 1030/1030/1395
s 27
f 1007/1007/1372 1008/1008/1371 1032/1032/1397 1031/1031/1398
f 1009/1009/1374 1010/1010/1373 1034/1034/1399 1033/1033/1400
s 28
f 1781/2656/1376 1011/1011/1375 1035/1035/1401 1783/2658/1402
f 1011/1011/1375 1012/1012/1377 1036/1036/1403 1035/1035/1401
f 1012/1012/1377 1013/1013/1378 1037/1037/1404 1036/1036/1403
f 1013/1013/1378 1014/1014/1379 1038/1038/1405 1037/1037/1404
f 1014/1014/1379 1015/1015/1380 1039/1039/1406 1038/1038/1405
f 1015/1015/1380 1016/1016/1381 1040/1040/1407 1039/1039/1406
f 1016/1016/1381 1017/1017/1382 1041/1041/1408 1040/1040/1407
f 1017/1017/1382 1018/1018/1383 1042/1042/1409 1041/1041/1408
f 1018/1018/1383 1019/1019/1384 1043/1043/1410 1042/1042/1409
f 1019/1019/1384 1020/1020/1385 1044/1044/1411 1043/1043/1410
f 1020/1020/1385 1021/1021/1386 1045/1045/1412 1044/1044/1411
f 1021/1021/1386 1022/1022/1387 1046/1046/1413 1045/1045/1412
f 1022/1022/1387 1023/1023/1388 1047/1047/1414 1046/1046/1413
f 1023/1023/1388 1024/1024/1389 1048/1048/1415 1047/1047/1414
f 1024/1024/1389 1025/1025/1390 1049/1049/1416 1048/1048/1415
f 1025/1025/1390 1026/1026/1391 1050/1050/1417 1049/1049/1416
f 1026/1026/1391 1027/1027/1392 1051/1051/1418 1050/1050/1417
f 1027/1027/1392 1028/1028/1393 1052/1052/1419 1051/1051/1418
f 1028/1028/1393 1029/1029/1394 1053/1053/1420 1052/1052/1419
f 1029/1029/1394 1030/1030/1395 1054/1054/1421 1053/1053/1420
f 1030/1030/1395 1782/2657/1396 1784/2659/1422 1054/1054/1421
s 27
f 1031/1031/1398 1032/1032/1397 1056/1056/1423 1055/1055/1424
f 1033/1033/1400 1034/1034/1399 1058/1058/1425 1057/1057/1426
s 28
f 1783/2658/1402 1035/1035/1401 1059/1059/1427 1785/2660/1428
f 1035/1035/1401 1036/1036/1403 1060/1060/1429 1059/1059/1427
f 1036/1036/1403 1037/1037/1404 1061/1061/1430 1060/1060/1429
f 1037/1037/1404 1038/1038/1405 1062/1062/1431 1061/1061/1430
f 1038/1038/1405 1039/1039/1406 1063/1063/1432 1062/1062/1431
f 1039/1039/1406 1040/1040/1407 1064/1064/1433 1063/1063/1432
f 1040/1040/1407 1041/1041/1408 1065/1065/1434 1064/1064/1433
f 1041/1041/1408 1042/1042/1409 1066/1066/1435 1065/1065/1434
f 1042/1042/1409 1043/1043/1410 1067/1067/1436 1066/1066/1435
f 1043/1043/1410 1044/1044/1411 1068/1068/1437 1067/1067/1436
f 1044/1044/1411 1045/1045/1412 1069/1069/1438 1068/1068/1437
f 1045/1045/1412 1046/1046/1413 1070/1070/1439 1069/1069/1438
f 1046/1046/1413 1047/1047/1414 1071/1071/1440 1070/1070/1439
f 1047/1047/1414 1048/1048/1415 1072/1072/1441 1071/1071/1440
f 1048/1048/1415 1049/1049/1416 1073/1073/1442 1072/1072/1441
f 1049/1049/1416 1050/1050/1417 1074/1074/1443 1073/1073/1442
f 1050/1050/1417 1051/1051/1418 1075/1075/1444 1074/1074/1443
f 1051/1051/1418 1052/1052/1419 1076/1076/1445 1075/1075/1444
f 1052/1052/1419 1053/1053/1420 1077/1077/1446 1076/1076/1445
f 1053/1053/1420 1054/1054/1421 1078/1078/1447 1077/1077/1446
f 1054/1054/1421 1784/2659/1422 1786/2661/1448 1078/1078/1447
s 27
f 1055/1055/1424 1056/1056/1423 1080/1080/1449 1079/1079/1450
f 1057/1057/1426 1058/1058/1425 1082/1082/1451 1081/1081/1452
s 28
f 1785/2660/1428 1059/1059/1427 1083/1083/1453 1787/2662/1454
f 1059/1059/1427 1060/1060/1429 1084/1084/1455 1083/1083/1453
f 1060/1060/1429 1061/1061/1430 1085/1085/1456 1084/1084/1455
f 1061/1061/1430 1062/1062/1431 1086/1086/1457 1085/1085/1456
f 1062/1062/1431 1063/1063/1432 1087/1087/1458 1086/1086/1457
f 1063/1063/1432 1064/1064/1433 1088/1088/1459 1087/1087/1458
f 1064/1064/1433 1065/1065/1434 1089/1089/1460 1088/1088/1459
f 1065/1065/1434 1066/1066/1435 1090/1090/1461 1089/1089/1460
f 1066/1066/1435 1067/1067/1436 1091/1091/1462 1090/1090/1461
f 1067/1067/1436 1068/1068/1437 1092/1092/1463 1091/1091/1462
f 1068/1068/1437 1069/1069/1438 1093/1093/1464 1092/1092/1463
f 1069/1069/1438 1070/1070/1439 1094/1094/1465 1093/1093/1464
f 1070/1070/1439 1071/1071/1440 1095/1095/1466 1094/1094/1465
f 1071/1071/1440 1072/1072/1441 1096/1096/1467 1095/1095/1466
f 1072/1072/1441 1073/1073/1442 1097/1097/1468 1096/1096/1467
f 1073/1073/1442 1074/1074/1443 1098/1098/1469 1097/1097/1468
f 1074/1074/1443 1075/1075/1444 1099/1099/1470 1098/1098/1469
f 1075/1075/1444 1076/1076/1445 1100/1100/1471 1099/1099/1470
f 1076/1076/1445 1077/1077/1446 1101/1101/1472 1100/1100/1471
f 1077/1077/1446 1078/1078/1447 1102/1102/1473 1101/1101/1472
f 1078/1078/1447 1786/2661/1448 1788/2663/1474 1102/1102/1473
s 27
f 1079/1079/1450 1080/1080/1449 1104/1104/1475 1103/1103/1476
f 1081/1081/1452 1082/1082/1451 1106/1106/1477 1105/1105/1478
s 28
f 1787/2662/1454 1083/1083/1453 1107/1107/1479 1789/2664/1480
f 1083/1083/1453 1084/1084/1455 1108/1108/1481 1107/1107/1479
f 1084/1084/1455 1085/1085/1456 1109/1109/1482 1108/1108/1481
f 1085/1085/1456 1086/1086/1457 1110/1110/1483 1109/1109/1482
f 1086/1086/1457 1087/1087/1458 1111/1111/1484 1110/1110/1483
f 1087/1087/1458 1088/1088/1459 1112/1112/1485 1111/1111/1484
f 1088/1088/1459 1089/1089/1460 1113/1113/1486 1112/1112/1485
f 1089/1089/1460 1090/1090/1461 1114/1114/1487 1113/1113/1486
f 1090/1090/1461 1091/1091/1462 1115/1115/1488 1114/1114/1487
f 1091/1091/1462 1092/1092/1463 1116/1116/1489 1115/1115/1488
f 1092/1092/1463 1093/1093/1464 1117/1117/1490 1116/1116/1489
f 1093/1093/1464 1094/1094/1465 1118/1118/1491 1117/1117/1490
f 1094/1094/1465 1095/1095/1466 1119/1119/1492 1118/1118/1491
f 1095/1095/1466 1096/1096/1467 1120/1120/1493 1119/1119/1492
f 1096/1096/1467 1097/1097/1468 1121/1121/1494 1120/1120/1493
f 1097/1097/1468 1098/1098/1469 1122/1122/1495 1121/1121/1494
f 1098/1098/1469 1099/1099/1470 1123/1123/1496 1122/1122/1495
f 1099/1099/1470 1100/1100/1471 1124/1124/1497 1123/1123/1496
f 1100/1100/1471 1101/1101/1472 1125/1125/1498 1124/1124/1497
f 1101/1101/1472 1102/1102/1473 1126/1126/1499 1125/1125/1498
f 1102/1102/1473 1788/2663/1474 1790/2665/1500 1126/1126/1499
s 27
f 1103/1103/1476 1104/1104/1475 1128/1128/1501 1127/1127/1502
f 1105/1105/1478 1106/1106/1477 1130/1130/1503 1129/1129/1504
s 28
f 1789/2664/1480 1107/1107/1479 1131/1131/1505 1791/2666/1506
f 1107/1107/1479 1108/1108/1481 1132/1132/1507 1131/1131/1505
f 1108/1108/1481 1109/1109/1482 1133/1133/1508 1132/1132/1507
f 1109/1109/1482 1110/1110/1483 1134/1134/1509 1133/1133/1508
f 1110/1110/1483 1111/1111/1484 1135/1135/1510 1134/1134/1509
f 1111/1111/1484 1112/1112/1485 1136/1136/1511 1135/1135/1510
f 1112/1112/1485 1113/1113/1486 1137/1137/1512 1136/1136/1511
f 1113/1113/1486 1114/1114/1487 1138/1138/1513 1137/1137/1512
f 1114/1114/1487 1115/1115/1488 1139/1139/1514 1138/1138/1513
f 1115/1115/1488 1116/1116/1489 1140/1140/1515 1139/1139/1514
f 1116/1116/1489 1117/1117/1490 1141/1141/1516 1140/1140/1515
f 1117/1117/1490 1118/1118/1491 1142/1142/1517 1141/1141/1516
f 1118/1118/1491 1119/1119/1492 1143/1143/1518 1142/1142/1517
f 1119/1119/1492 1120/1120/1493 1144/1144/1519 1143/1143/1518
f 1120/1120/1493 1121/1121/1494 1145/1145/1520 1144/1144/1519
f 1121/1121/1494 1122/1122/1495 1146/1146/1521 1145/1145/1520
f 1122/1122/1495 1123/1123/1496 1147/1147/1522 1146/1146/1521
f 1123/1123/1496 1124/1124/1497 1148/1148/1523 1147/1147/1522
f 1124/1124/1497 1125/1125/1498 1149/1149/1524 1148/1148/1523
f 1125/1125/1498 1126/1126/1499 1150/1150/1525 1149/1149/1524
f 1126/1126/1499 1790/2665/1500 1792/2667/1526 1150/1150/1525
s 27
f 1127/1127/1502 1128/1128/1501 1152/1152/1527 1151/1151/1528
f 1129/1129/1504 1130/1130/1503 1154/1154/1529 1153/1153/1530
s 28
f 1791/2666/1506 1131/1131/1505 1155/1155/1531 1793/2668/1532
f 1131/1131/1505 1132/1132/1507 1156/1156/1533 1155/1155/1531
f 1132/1132/1507 1133/1133/1508 1157/1157/1534 1156/1156/1533
f 1133/1133/1508 1134/1134/1509 1158/1158/1535 1157/1157/1534
f 1134/1134/1509 1135/1135/1510 1159/1159/1536 1158/1158/1535
f 1135/1135/1510 1136/1136/1511 1160/1160/1537 1159/1159/1536
f 1136/1136/1511 1137/1137/1512 1161/1161/1538 1160/1160/1537
f 1137/1137/1512 1138/1138/1513 1162/1162/1539 1161/1161/1538
f 1138/1138/1513 1139/1139/1514 1163/1163/1540 1162/1162/1539
f 1139/1139/1514 1140/1140/1515 1164/1164/1541 1163/1163/1540
f 1140/1140/1515 1141/1141/1516 1165/1165/1542 1164/1164/1541
f 1141/1141/1516 1142/1142/1517 1166/1166/1543 1165/1165/1542
f 1142/1142/1517 1143/1143/1518 1167/1167/1544 1166/1166/1543
f 1143/1143/1518 1144/1144/1519 1168/1168/1545 1167/1167/1544
f 1144/1144/1519 1145/1145/1520 1169/1169/1546 1168/1168/1545
f 1145/1145/1520 1146/1146/1521 1170/1170/1547 1169/1169/1546
f 1146/1146/1521 1147/1147/1522 1171/1171/1548 1170/1170/1547
f 1147/1147/1522 1148/1148/1523 1172/1172/1549 1171/1171/1548
f 1148/1148/1523 1149/1149/1524 1173/1173/1550 1172/1172/1549
f 1149/1149/1524 1150/1150/1525 1174/1174/1551 1173/1173/1550
f 1150/1150/1525 1792/2667/1526 1794/2669/1552 1174/1174/1551
s 27
f 1151/1151/1528 1152/1152/1527 1176/1176/1553 1175/1175/1554
f 1153/1153/1530 1154/1154/1529 1178/1178/1555 1177/1177/1556
s 28
f 1793/2668/1532 1155/1155/1531 1179/1179/1557 1795/2670/1558
f 1155/1155/1531 1156/1156/1533 1180/1180/1559 1179/1179/1557
f 1156/1156/1533 1157/1157/1534 1181/1181/1560 1180/1180/1559
f 1157/1157/1534 1158/1158/1535 1182/1182/1561 1181/1181/1560
f 1158/1158/1535 1159/1159/1536 1183/1183/1562 1182/1182/1561
f 1159/1159/1536 1160/1160/1537 1184/1184/1563 1183/1183/1562
f 1160/1160/1537 1161/1161/1538 1185/1185/1564 1184/1184/1563
f 1161/1161/1538 1162/1162/1539 1186/1186/1565 1185/1185/1564
f 1162/1162/1539 1163/1163/1540 1187/1187/1566 1186/1186/1565
f 1163/1163/1540 1164/1164/1541 1188/1188/1567 1187/1187/1566
f 1164/1164/1541 1165/1165/1542 1189/1189/1568 1188/1188/1567
f 1165/1165/1542 1166/1166/1543 1190/1190/1569 1189/1189/1568
f 1166/1166/1543 1167/1167/1544 1191/1191/1570 1190/1190/1569
f 1167/1167/1544 1168/1168/1545 1192/1192/1571 1191/1191/1570
f 1168/1168/1545 1169/1169/1546 1193/1193/1572 1192/1192/1571
f 1169/1169/1546 1170/1170/1547 1194/1194/1573 1193/1193/1572
f 1170/1170/1547 1171/1171/1548 1195/1195/1574 1194/1194/1573
f 1171/1171/1548 1172/1172/1549 1196/1196/1575 1195/1195/1574
f 1172/1172/1549 1173/1173/1550 1197/1197/1576 1196/1196/1575
f 1173/1173/1550 1174/1174/1551 1198/1198/1577 1197/1197/1576
f 1174/1174/1551 1794/2669/1552 1796/2671/1578 1198/1198/1577
s 27
f 1175/1175/1554 1176/1176/1553 1200/1200/1579 1199/1199/1580
f 1177/1177/1556 1178/1178/1555 1202/1202/1581 1201/1201/1582
s 28
f 1795/2670/1558 1179/1179/1557 1203/1203/1583 1797/2672/1584
f 1179/1179/1557 1180/1180/1559 1204/1204/1585 1203/1203/1583
f 1180/1180/1559 1181/1181/1560 1205/1205/1586 1204/1204/1585
f 1181/1181/1560 1182/1182/1561 1206/1206/1587 1205/1205/1586
f 1182/1182/1561 1183/1183/1562 1207/1207/1588 1206/1206/1587
f 1183/1183/1562 1184/1184/1563 1208/1208/1589 1207/1207/1588
f 1184/1184/1563 1185/1185/1564 1209/1209/1590 1208/1208/1589
f 1185/1185/1564 1186/1186/1565 1210/1210/1591 1209/1209/1590
f 1186/1186/1565 1187/1187/1566 1211/1211/1592 1210/1210/1591
f 1187/1187/1566 1188/1188/1567 1212/1212/1593 1211/1211/1592
f 1188/1188/1567 1189/1189/1568 1213/1213/1594 1212/1212/1593
f 1189/1189/1568 1190/1190/1569 1214/1214/1595 1213/1213/1594
f 1190/1190/1569 1191/1191/1570 1215/1215/1596 1214/1214/1595
f 1191/1191/1570 1192/1192/1571 1216/1216/1597 1215/1215/1596
f 1192/1192/1571 1193/1193/1572 1217/1217/1598 1216/1216/1597
f 1193/1193/1572 1194/1194/1573 1218/1218/1599 1217/1217/1598
f 1194/1194/1573 1195/1195/1574 1219/1219/1600 1218/1218/1599
f 1195/1195/1574 1196/1196/1575 1220/1220/1601 1219/1219/1600
f 1196/1196/1575 1197/1197/1576 1221/1221/1602 1220/1220/1601
f 1197/1197/1576 1198/1198/1577 1222/1222/1603 1221/1221/1602
f 1198/1198/1577 1796/2671/1578 1798/2673/1604 1222/1222/1603
s 27
f 1199/1199/1580 1200/1200/1579 1224/1224/1605 1223/1223/1606
f 1201/1201/1582 1202/1202/1581 1226/1226/1607 1225/1225/1608
s 28
f 1797/2672/1584 1203/1203/1583 1227/1227/1609 1799/2674/1610
f 1203/1203/1583 1204/1204/1585 1228/1228/1611 1227/1227/1609
f 1204/1204/1585 1205/1205/1586 1229/1229/1612 1228/1228/1611
f 1205/1205/1586 1206/1206/1587 1230/1230/1613 1229/1229/1612
f 1206/1206/1587 1207/1207/1588 1231/1231/1614 1230/1230/1613
f 1207/1207/1588 1208/1208/1589 1232/1232/1615 1231/1231/1614
f 1208/1208/1589 1209/1209/1590 1233/1233/1616 1232/1232/1615
f 1209/1209/1590 1210/1210/1591 1234/1234/1617 1233/1233/1616
f 1210/1210/1591 1211/1211/1592 1235/1235/1618 1234/1234/1617
f 1211/1211/1592 1212/1212/1593 1236/1236/1619 1235/1235/1618
f 1212/1212/1593 1213/1213/1594 1237/1237/1620 1236/1236/1619
f 1213/1213/1594 1214/1214/1595 1238/1238/1621 1237/1237/1620
f 1214/1214/1595 1215/1215/1596 1239/1239/1622 1238/1238/1621
f 1215/1215/1596 1216/1216/1597 1240/1240/1623 1239/1239/1622
f 1216/1216/1597 1217/1217/1598 1241/1241/1624 1240/1240/1623
f 1217/1217/1598 1218/1218/1599 1242/1242/1625 1241/1241/1624
f 1218/1218/1599 1219/1219/1600 1243/1243/1626 1242/1242/1625
f 1219/1219/1600 1220/1220/1601 1244/1244/1627 1243/1243/1626
f 1220/1220/1601 1221/1221/1602 1245/1245/1628 1244/1244/1627
f 1221/1221/1602 1222/1222/1603 1246/1246/1629 1245/1245/1628
f 1222/1222/1603 1798/2673/1604 1800/2675/1630 1246/1246/1629
s 27
f 1223/1223/1606 1224/1224/1605 1248/1248/1631 1247/1247/1632
f 1225/1225/1608 1226/1226/1607 1250/1250/1633 1249/1249/1634
s 28
f 1799/2674/1610 1227/1227/1609 1801/2676/1635 1802/2677/1636
f 1227/1227/1609 1228/1228/1611 1803/2678/1637 1801/2676/1635
f 1228/1228/1611 1229/1229/1612 1804/2679/1638 1803/2678/1637
f 1229/1229/1612 1230/1230/1613 1805/2680/1639 1804/2679/1638
f 1230/1230/1613 1231/1231/1614 1806/2681/1640 1805/2680/1639
f 1231/1231/1614 1232/1232/1615 1807/2682/1641 1806/2681/1640
f 1232/1232/1615 1233/1233/1616 1808/2683/1642 1807/2682/1641
f 1233/1233/1616 1234/1234/1617 1809/2684/1643 1808/2683/1642
f 1234/1234/1617 1235/1235/1618 1810/2685/1644 1809/2684/1643
f 1235/1235/1618 1236/1236/1619 1811/2686/1645 1810/2685/1644
f 1236/1236/1619 1237/1237/1620 1812/2687/1646 1811/2686/1645
f 1237/1237/1620 1238/1238/1621 1813/2688/1647 1812/2687/1646
f 1238/1238/1621 1239/1239/1622 1814/2689/1648 1813/2688/1647
f 1239/1239/1622 1240/1240/1623 1815/2690/1649 1814/2689/1648
f 1240/1240/1623 1241/1241/1624 1816/2691/1650 1815/2690/1649
f 1241/1241/1624 1242/1242/1625 1817/2692/1651 1816/2691/1650
f 1242/1242/1625 1243/1243/1626 1818/2693/1652 1817/2692/1651
f 1243/1243/1626 1244/1244/1627 1819/2694/1653 1818/2693/1652
f 1244/1244/1627 1245/1245/1628 1820/2695/1654 1819/2694/1653
f 1245/1245/1628 1246/1246/1629 1821/2696/1655 1820/2695/1654
f 1246/1246/1629 1800/2675/1630 1822/2697/1656 1821/2696/1655
s 27
f 1247/1247/1632 1248/1248/1631 1272/1272/1657 1271/1271/1658
f 1249/1249/1634 1250/1250/1633 1274/1274/1659 1273/1273/1660
f 1250/1250/1633 1251/1251/1661 1275/1275/1662 1274/1274/1659
f 1251/1251/1661 1252/1252/1663 1276/1276/1664 1275/1275/1662
f 1252/1252/1663 1253/1253/1665 1277/1277/1666 1276/1276/1664
f 1253/1253/1665 1254/1254/1667 1278/1278/1668 1277/1277/1666
f 1254/1254/1667 1255/1255/1669 1279/1279/1670 1278/1278/1668
f 1255/1255/1669 1256/1256/1671 1280/1280/1672 1279/1279/1670
f 1256/1256/1671 1257/1257/1673 1281/1281/1674 1280/1280/1672
f 1257/1257/1673 1258/1258/1675 1282/1282/1676 1281/1281/1674
f 1258/1258/1675 1259/1259/1677 1283/1283/1678 1282/1282/1676
f 1259/1259/1677 1260/1260/1679 1284/1284/1680 1283/1283/1678
f 1260/1260/1679 1261/1261/1681 1285/1285/1682 1284/1284/1680
f 1261/1261/1681 1262/1262/1683 1286/1286/1684 1285/1285/1682
f 1262/1262/1683 1263/1263/1685 1287/1287/1686 1286/1286/1684
f 1263/1263/1685 1264/1264/1687 1288/1288/1688 1287/1287/1686
f 1264/1264/1687 1265/1265/1689 1289/1289/1690 1288/1288/1688
f 1265/1265/1689 1266/1266/1691 1290/1290/1692 1289/1289/1690
f 1266/1266/1691 1267/1267/1693 1291/1291/1694 1290/1290/1692
f 1267/1267/1693 1268/1268/1695 1292/1292/1696 1291/1291/1694
f 1268/1268/1695 1269/1269/1697 1293/1293/1698 1292/1292/1696
f 1269/1269/1697 1270/1270/1699 1294/1294/1700 1293/1293/1698
f 1270/1270/1699 1271/1271/1658 1295/1295/1701 1294/1294/1700
f 1271/1271/1658 1272/1272/1657 1296/1296/1702 1295/1295/1701
s 31
f 1955/2115/1703 1956/2116/1704 1957/1297/1705 1958/2117/1706
f 1956/2116/1704 1959/2118/1707 1960/1298/1708 1957/1297/1705
f 1959/2118/1707 1961/2119/1709 1962/1299/1710 1960/1298/1708
f 1961/2119/1709 1963/2120/1711 1964/1300/1712 1962/1299/1710
f 1963/2120/1711 1965/2121/1713 1966/1301/1714 1964/1300/1712
f 1965/2121/1713 1967/2122/1715 1968/1302/1716 1966/1301/1714
f 1967/2122/1715 1969/2123/1717 1970/1303/1718 1968/1302/1716
f 1969/2123/1717 1971/2124/1719 1972/1304/1720 1970/1303/1718
f 1971/2124/1719 1973/2125/1721 1974/1305/1722 1972/1304/1720
f 1973/2125/1721 1975/2126/1723 1976/1306/1724 1974/1305/1722
f 1975/2126/1723 1977/2127/1725 1978/1307/1726 1976/1306/1724
f 1977/2127/1725 1979/2128/1727 1980/1308/1728 1978/1307/1726
f 1979/2128/1727 1981/2129/1729 1982/1309/1730 1980/1308/1728
f 1981/2129/1729 1983/2130/1731 1984/1310/1732 1982/1309/1730
f 1983/2130/1731 1985/2131/1733 1986/1311/1734 1984/1310/1732
f 1985/2131/1733 1987/2132/1735 1988/1312/1736 1986/1311/1734
f 1987/2132/1735 1989/2133/1737 1990/1313/1738 1988/1312/1736
f 1989/2133/1737 1991/2134/1739 1992/1314/1740 1990/1313/1738
f 1991/2134/1739 1993/2135/1741 1994/1315/1742 1992/1314/1740
f 1993/2135/1741 1995/2136/1743 1996/1316/1744 1994/1315/1742
f 1995/2136/1743 1997/2137/1745 1998/1317/1746 1996/1316/1744
f 1997/2137/1745 1999/2138/1747 2000/1318/1748 1998/1317/1746
f 1999/2138/1747 2001/2139/1749 2002/1319/1750 2000/1318/1748
s 32
f 2002/2140/1751 2001/1320/1752 2003/1321/1753 2004/2141/1754
f 2004/2141/1754 2003/1321/1753 2005/1322/1755 2006/2142/1756
f 2006/2142/1756 2005/1322/1755 2007/1323/1757 2008/2143/1758
f 2008/2143/1758 2007/1323/1757 2009/1324/1759 2010/2144/1760
f 2010/2144/1760 2009/1324/1759 2011/1325/1761 2012/2145/1762
f 2012/2145/1762 2011/1325/1761 2013/1326/1763 2014/2146/1764
f 2014/2146/1764 2013/1326/1763 2015/1327/1765 2016/2147/1766
f 2016/2147/1766 2015/1327/1765 2017/1328/1767 2018/2148/1768
f 2018/2148/1768 2017/1328/1767 2019/1329/1769 2020/2149/1770
f 2020/2149/1770 2019/1329/1769 2021/1330/1771 2022/2150/1772
f 2022/2150/1772 2021/1330/1771 2023/1331/1773 2024/2151/1774
f 2024/2151/1774 2023/1331/1773 2025/1332/1775 2026/2152/1776
f 2026/2152/1776 2025/1332/1775 2027/1333/1777 2028/2153/1778
f 2028/2153/1778 2027/1333/1777 2029/1334/1779 2030/2154/1780
f 2030/2154/1780 2029/1334/1779 2031/1335/1781 2032/2155/1782
f 2032/2155/1782 2031/1335/1781 2033/1336/1783 2034/2156/1784
f 2034/2156/1784 2033/1336/1783 2035/1337/1785 2036/2157/1786
f 2036/2157/1786 2035/1337/1785 2037/1338/1787 2038/2158/1788
f 2038/2158/1788 2037/1338/1787 2039/1339/1789 2040/2159/1790
f 2040/2159/1790 2039/1339/1789 2041/1340/1791 2042/2160/1792
f 2042/2160/1792 2041/1340/1791 2043/1341/1793 2044/2161/1794
f 2044/2161/1794 2043/1341/1793 2045/1342/1795 2046/2162/1796
f 2046/2162/1796 2045/1342/1795 2047/1343/1797 2048/2163/1798
f 2048/2163/1798 2047/1343/1797 2049/1344/1799 2050/2164/1800
f 2050/2164/1800 2049/1344/1799 2051/1345/1801 2052/2165/1802
f 2052/2165/1802 2051/1345/1801 1954/1346/1803 1953/2113/1804
s off
f 1958/2117/1805 2053/2166/1806 2054/2167/1807 1955/2115/1808
f 2053/2166/1809 2055/2168/1810 2056/2169/1811 2054/2167/1812
f 2055/2168/1813 2057/2170/1814 2058/2171/1815 2056/2169/1816
f 2057/2170/1817 2059/2172/1818 2060/2173/1819 2058/2171/1820
f 2059/2172/1821 2061/2174/1822 2062/2175/1823 2060/2173/1824
f 2061/2174/1825 2063/2176/1826 2064/2177/1827 2062/2175/1828
f 2063/2176/1829 2065/2178/1830 2066/2179/1831 2064/2177/1832
f 2065/2178/1833 2067/2180/1834 2068/2181/1835 2066/2179/1836
f 2067/2180/1837 2069/2182/1838 2070/2183/1839 2068/2181/1840
f 2069/2182/1841 2071/2184/1842 2072/2185/1843 2070/2183/1844
f 2071/2184/1845 2073/2186/1846 2074/2187/1847 2072/2185/1848
f 2073/2186/1849 2075/2188/1850 2076/2189/1851 2074/2187/1852
f 2075/2188/1853 2077/2190/1854 2078/2191/1855 2076/2189/1856
f 2077/2190/1857 2079/2192/1858 2080/2193/1859 2078/2191/1860
f 2079/2192/1861 2081/2194/1862 2082/2195/1863 2080/2193/1864
f 2081/2194/1865 2083/2196/1866 2084/2197/1867 2082/2195/1868
f 2083/2196/1869 2085/2198/1870 2086/2199/1871 2084/2197/1872
f 2085/2198/1873 2087/2200/1874 2088/2201/1875 2086/2199/1876
f 2087/2200/1877 2089/2202/1878 2090/2203/1879 2088/2201/1880
f 2089/2202/1881 2091/2204/1882 2092/2205/1883 2090/2203/1884
f 2091/2204/1885 2093/2206/1886 2094/2207/1887 2092/2205/1888
f 2093/2206/1889 2095/2208/1890 2096/2209/1891 2094/2207/1892
f 2095/2208/1893 2097/2210/1894 2098/2211/1895 2096/2209/1896
f 2097/2210/1897 2099/2212/1898 2100/2213/1899 2098/2211/1900
f 2099/2212/1901 2101/2214/1902 2102/2215/1903 2100/2213/1904
f 2101/2214/1905 1907/2067/1906 1910/2070/1907 2102/2215/1908
f 50/1357/1909 51/1358/1910 1298/1359/1911 1297/1360/1912
f 74/1361/1913 50/1357/1914 1297/1360/1915 1299/1362/1916
f 51/1358/1917 52/1363/1918 1300/1364/1919 1298/1359/1920
f 52/1363/1921 76/1365/1922 1301/1366/1923 1300/1364/1924
f 98/1367/1925 74/1361/1926 1299/1362/1927 1302/1368/1928
f 76/1365/1929 100/1369/1930 1303/1370/1931 1301/1366/1932
f 123/1371/1933 122/1372/1934 1305/1373/1935 1304/1374/1936
f 122/1372/1937 98/1367/1938 1302/1368/1939 1305/1373/1940
f 100/1369/1941 124/1375/1942 1306/1376/1943 1303/1370/1944
f 124/1375/1945 123/1371/1946 1304/1374/1947 1306/1376/1948
f 54/1387/1949 55/1388/1950 1308/1389/1951 1307/1390/1952
f 78/1391/1953 54/1387/1954 1307/1390/1955 1309/1392/1956
f 55/1388/1957 56/1393/1958 1310/1394/1959 1308/1389/1960
f 56/1393/1961 80/1395/1962 1311/1396/1963 1310/1394/1964
f 102/1397/1965 78/1391/1966 1309/1392/1967 1312/1398/1968
f 80/1395/1969 104/1399/1970 1313/1400/1971 1311/1396/1972
f 127/1401/1973 126/1402/1974 1315/1403/1975 1314/1404/1976
f 126/1402/1977 102/1397/1978 1312/1398/1979 1315/1403/1980
f 104/1399/1981 128/1405/1982 1316/1406/1983 1313/1400/1984
f 128/1405/1985 127/1401/1986 1314/1404/1987 1316/1406/1988
f 58/1417/1989 59/1418/1990 1318/1419/1991 1317/1420/1992
f 82/1421/1993 58/1417/1994 1317/1420/1995 1319/1422/1996
f 59/1418/1997 60/1423/1998 1320/1424/1999 1318/1419/2000
f 60/1423/2001 84/1425/2002 1321/1426/2003 1320/1424/2004
f 106/1427/2005 82/1421/2006 1319/1422/2007 1322/1428/2008
f 84/1425/2009 108/1429/2010 1323/1430/2011 1321/1426/2012
f 131/1431/2013 130/1432/2014 1325/1433/2015 1324/1434/2016
f 130/1432/2017 106/1427/2018 1322/1428/2019 1325/1433/2020
f 108/1429/2021 132/1435/2022 1326/1436/2023 1323/1430/2024
f 132/1435/2025 131/1431/2026 1324/1434/2027 1326/1436/2028
f 61/1447/2029 62/1448/2030 1328/1449/2031 1327/1450/2032
f 85/1451/2033 61/1447/2034 1327/1450/2035 1329/1452/2036
f 62/1448/2037 63/1453/2038 1330/1454/2039 1328/1449/2040
f 63/1453/2041 87/1455/2042 1331/1456/2043 1330/1454/2044
f 109/1457/2045 85/1451/2046 1329/1452/2047 1332/1458/2048
f 87/1455/2049 111/1459/2050 1333/1460/2051 1331/1456/2052
f 134/1461/2053 133/1462/2054 1335/1463/2055 1334/1464/2056
f 133/1462/2057 109/1457/2058 1332/1458/2059 1335/1463/2060
f 111/1459/2061 135/1465/2062 1336/1466/2063 1333/1460/2064
f 135/1465/2065 134/1461/2066 1334/1464/2067 1336/1466/2068
f 65/1477/2069 66/1478/2070 1338/1479/2071 1337/1480/2072
f 89/1481/2073 65/1477/2074 1337/1480/2075 1339/1482/2076
f 66/1478/2077 67/1483/2078 1340/1484/2079 1338/1479/2080
f 67/1483/2081 91/1485/2082 1341/1486/2083 1340/1484/2084
f 113/1487/2085 89/1481/2086 1339/1482/2087 1342/1488/2088
f 91/1485/2089 115/1489/2090 1343/1490/2091 1341/1486/2092
f 138/1491/2093 137/1492/2094 1345/1493/2095 1344/1494/2096
f 137/1492/2097 113/1487/2098 1342/1488/2099 1345/1493/2100
f 115/1489/2101 139/1495/2102 1346/1496/2103 1343/1490/2104
f 139/1495/2105 138/1491/2106 1344/1494/2107 1346/1496/2108
f 69/1507/2109 70/1508/2110 1348/1509/2111 1347/1510/2112
f 93/1511/2113 69/1507/2114 1347/1510/2115 1349/1512/2116
f 70/1508/2117 71/1513/2118 1350/1514/2119 1348/1509/2120
f 71/1513/2121 95/1515/2122 1351/1516/2123 1350/1514/2124
f 117/1517/2125 93/1511/2126 1349/1512/2127 1352/1518/2128
f 95/1515/2129 119/1519/2130 1353/1520/2131 1351/1516/2132
f 142/1521/2133 141/1522/2134 1355/1523/2135 1354/1524/2136
f 141/1522/2137 117/1517/2138 1352/1518/2139 1355/1523/2140
f 119/1519/2141 143/1525/2142 1356/1526/2143 1353/1520/2144
f 143/1525/2145 142/1521/2146 1354/1524/2147 1356/1526/2148
f 218/1537/2149 219/1538/2150 1358/1539/2151 1357/1540/2152
f 242/1541/2153 218/1537/2154 1357/1540/2155 1359/1542/2156
f 219/1538/2157 220/1543/2158 1360/1544/2159 1358/1539/2160
f 220/1543/2161 244/1545/2162 1361/1546/2163 1360/1544/2164
f 266/1547/2165 242/1541/2166 1359/1542/2167 1362/1548/2168
f 244/1545/2169 268/1549/2170 1363/1550/2171 1361/1546/2172
f 291/1551/2173 290/1552/2174 1365/1553/2175 1364/1554/2176
f 290/1552/2177 266/1547/2178 1362/1548/2179 1365/1553/2180
f 268/1549/2181 292/1555/2182 1366/1556/2183 1363/1550/2184
f 292/1555/2185 291/1551/2186 1364/1554/2187 1366/1556/2188
f 222/1567/2189 223/1568/2190 1368/1569/2191 1367/1570/2192
f 246/1571/2193 222/1567/2194 1367/1570/2195 1369/1572/2196
f 223/1568/2197 224/1573/2198 1370/1574/2199 1368/1569/2200
f 224/1573/2201 248/1575/2202 1371/1576/2203 1370/1574/2204
f 270/1577/2205 246/1571/2206 1369/1572/2207 1372/1578/2208
f 248/1575/2209 272/1579/2210 1373/1580/2211 1371/1576/2212
f 295/1581/2213 294/1582/2214 1375/1583/2215 1374/1584/2216
f 294/1582/2217 270/1577/2218 1372/1578/2219 1375/1583/2220
f 272/1579/2221 296/1585/2222 1376/1586/2223 1373/1580/2224
f 296/1585/2225 295/1581/2226 1374/1584/2227 1376/1586/2228
f 226/1597/2229 227/1598/2230 1378/1599/2231 1377/1600/2232
f 250/1601/2233 226/1597/2234 1377/1600/2235 1379/1602/2236
f 227/1598/2237 228/1603/2238 1380/1604/2239 1378/1599/2240
f 228/1603/2241 252/1605/2242 1381/1606/2243 1380/1604/2244
f 274/1607/2245 250/1601/2246 1379/1602/2247 1382/1608/2248
f 252/1605/2249 276/1609/2250 1383/1610/2251 1381/1606/2252
f 299/1611/2253 298/1612/2254 1385/1613/2255 1384/1614/2256
f 298/1612/2257 274/1607/2258 1382/1608/2259 1385/1613/2260
f 276/1609/2261 300/1615/2262 1386/1616/2263 1383/1610/2264
f 300/1615/2265 299/1611/2266 1384/1614/2267 1386/1616/2268
f 229/1627/2269 230/1628/2270 1388/1629/2271 1387/1630/2272
f 253/1631/2273 229/1627/2274 1387/1630/2275 1389/1632/2276
f 230/1628/2277 231/1633/2278 1390/1634/2279 1388/1629/2280
f 231/1633/2281 255/1635/2282 1391/1636/2283 1390/1634/2284
f 277/1637/2285 253/1631/2286 1389/1632/2287 1392/1638/2288
f 255/1635/2289 279/1639/2290 1393/1640/2291 1391/1636/2292
f 302/1641/2293 301/1642/2294 1395/1643/2295 1394/1644/2296
f 301/1642/2297 277/1637/2298 1392/1638/2299 1395/1643/2300
f 279/1639/2301 303/1645/2302 1396/1646/2303 1393/1640/2304
f 303/1645/2305 302/1641/2306 1394/1644/2307 1396/1646/2308
f 233/1657/2309 234/1658/2310 1398/1659/2311 1397/1660/2312
f 257/1661/2313 233/1657/2314 1397/1660/2315 1399/1662/2316
f 234/1658/2317 235/1663/2318 1400/1664/2319 1398/1659/2320
f 235/1663/2321 259/1665/2322 1401/1666/2323 1400/1664/2324
f 281/1667/2325 257/1661/2326 1399/1662/2327 1402/1668/2328
f 259/1665/2329 283/1669/2330 1403/1670/2331 1401/1666/2332
f 306/1671/2333 305/1672/2334 1405/1673/2335 1404/1674/2336
f 305/1672/2337 281/1667/2338 1402/1668/2339 1405/1673/2340
f 283/1669/2341 307/1675/2342 1406/1676/2343 1403/1670/2344
f 307/1675/2345 306/1671/2346 1404/1674/2347 1406/1676/2348
f 237/1687/2349 238/1688/2350 1408/1689/2351 1407/1690/2352
f 261/1691/2353 237/1687/2354 1407/1690/2355 1409/1692/2356
f 238/1688/2357 239/1693/2358 1410/1694/2359 1408/1689/2360
f 239/1693/2361 263/1695/2362 1411/1696/2363 1410/1694/2364
f 285/1697/2365 261/1691/2366 1409/1692/2367 1412/1698/2368
f 263/1695/2369 287/1699/2370 1413/1700/2371 1411/1696/2372
f 310/1701/2373 309/1702/2374 1415/1703/2375 1414/1704/2376
f 309/1702/2377 285/1697/2378 1412/1698/2379 1415/1703/2380
f 287/1699/2381 311/1705/2382 1416/1706/2383 1413/1700/2384
f 311/1705/2385 310/1701/2386 1414/1704/2387 1416/1706/2388
f 362/1717/2389 363/1718/2390 1418/1719/2391 1417/1720/2392
f 386/1721/2393 362/1717/2394 1417/1720/2395 1419/1722/2396
f 363/1718/2397 364/1723/2398 1420/1724/2399 1418/1719/2400
f 364/1723/2401 388/1725/2402 1421/1726/2403 1420/1724/2404
f 410/1727/2405 386/1721/2406 1419/1722/2407 1422/1728/2408
f 388/1725/2409 412/1729/2410 1423/1730/2411 1421/1726/2412
f 435/1731/2413 434/1732/2414 1425/1733/2415 1424/1734/2416
f 434/1732/2417 410/1727/2418 1422/1728/2419 1425/1733/2420
f 412/1729/2421 436/1735/2422 1426/1736/2423 1423/1730/2424
f 436/1735/2425 435/1731/2426 1424/1734/2427 1426/1736/2428
f 366/1747/2429 367/1748/2430 1428/1749/2431 1427/1750/2432
f 390/1751/2433 366/1747/2434 1427/1750/2435 1429/1752/2436
f 367/1748/2437 368/1753/2438 1430/1754/2439 1428/1749/2440
f 368/1753/2441 392/1755/2442 1431/1756/2443 1430/1754/2444
f 414/1757/2445 390/1751/2446 1429/1752/2447 1432/1758/2448
f 392/1755/2449 416/1759/2450 1433/1760/2451 1431/1756/2452
f 439/1761/2453 438/1762/2454 1435/1763/2455 1434/1764/2456
f 438/1762/2457 414/1757/2458 1432/1758/2459 1435/1763/2460
f 416/1759/2461 440/1765/2462 1436/1766/2463 1433/1760/2464
f 440/1765/2465 439/1761/2466 1434/1764/2467 1436/1766/2468
f 370/1777/2469 371/1778/2470 1438/1779/2471 1437/1780/2472
f 394/1781/2473 370/1777/2474 1437/1780/2475 1439/1782/2476
f 371/1778/2477 372/1783/2478 1440/1784/2479 1438/1779/2480
f 372/1783/2481 396/1785/2482 1441/1786/2483 1440/1784/2484
f 418/1787/2485 394/1781/2486 1439/1782/2487 1442/1788/2488
f 396/1785/2489 420/1789/2490 1443/1790/2491 1441/1786/2492
f 443/1791/2493 442/1792/2494 1445/1793/2495 1444/1794/2496
f 442/1792/2497 418/1787/2498 1442/1788/2499 1445/1793/2500
f 420/1789/2501 444/1795/2502 1446/1796/2503 1443/1790/2504
f 444/1795/2505 443/1791/2506 1444/1794/2507 1446/1796/2508
f 373/1807/2509 374/1808/2510 1448/1809/2511 1447/1810/2512
f 397/1811/2513 373/1807/2514 1447/1810/2515 1449/1812/2516
f 374/1808/2517 375/1813/2518 1450/1814/2519 1448/1809/2520
f 375/1813/2521 399/1815/2522 1451/1816/2523 1450/1814/2524
f 421/1817/2525 397/1811/2526 1449/1812/2527 1452/1818/2528
f 399/1815/2529 423/1819/2530 1453/1820/2531 1451/1816/2532
f 446/1821/2533 445/1822/2534 1455/1823/2535 1454/1824/2536
f 445/1822/2537 421/1817/2538 1452/1818/2539 1455/1823/2540
f 423/1819/2541 447/1825/2542 1456/1826/2543 1453/1820/2544
f 447/1825/2545 446/1821/2546 1454/1824/2547 1456/1826/2548
f 377/1837/2549 378/1838/2550 1458/1839/2551 1457/1840/2552
f 401/1841/2553 377/1837/2554 1457/1840/2555 1459/1842/2556
f 378/1838/2557 379/1843/2558 1460/1844/2559 1458/1839/2560
f 379/1843/2561 403/1845/2562 1461/1846/2563 1460/1844/2564
f 425/1847/2565 401/1841/2566 1459/1842/2567 1462/1848/2568
f 403/1845/2569 427/1849/2570 1463/1850/2571 1461/1846/2572
f 450/1851/2573 449/1852/2574 1465/1853/2575 1464/1854/2576
f 449/1852/2577 425/1847/2578 1462/1848/2579 1465/1853/2580
f 427/1849/2581 451/1855/2582 1466/1856/2583 1463/1850/2584
f 451/1855/2585 450/1851/2586 1464/1854/2587 1466/1856/2588
f 381/1867/2589 382/1868/2590 1468/1869/2591 1467/1870/2592
f 405/1871/2593 381/1867/2594 1467/1870/2595 1469/1872/2596
f 382/1868/2597 383/1873/2598 1470/1874/2599 1468/1869/2600
f 383/1873/2601 407/1875/2602 1471/1876/2603 1470/1874/2604
f 429/1877/2605 405/1871/2606 1469/1872/2607 1472/1878/2608
f 407/1875/2609 431/1879/2610 1473/1880/2611 1471/1876/2612
f 454/1881/2613 453/1882/2614 1475/1883/2615 1474/1884/2616
f 453/1882/2617 429/1877/2618 1472/1878/2619 1475/1883/2620
f 431/1879/2621 455/1885/2622 1476/1886/2623 1473/1880/2624
f 455/1885/2625 454/1881/2626 1474/1884/2627 1476/1886/2628
f 530/1897/2629 531/1898/2630 1478/1899/2631 1477/1900/2632
f 554/1901/2633 530/1897/2634 1477/1900/2635 1479/1902/2636
f 531/1898/2637 532/1903/2638 1480/1904/2639 1478/1899/2640
f 532/1903/2641 556/1905/2642 1481/1906/2643 1480/1904/2644
f 578/1907/2645 554/1901/2646 1479/1902/2647 1482/1908/2648
f 556/1905/2649 580/1909/2650 1483/1910/2651 1481/1906/2652
f 603/1911/2653 602/1912/2654 1485/1913/2655 1484/1914/2656
f 602/1912/2657 578/1907/2658 1482/1908/2659 1485/1913/2660
f 580/1909/2661 604/1915/2662 1486/1916/2663 1483/1910/2664
f 604/1915/2665 603/1911/2666 1484/1914/2667 1486/1916/2668
f 534/1927/2669 535/1928/2670 1488/1929/2671 1487/1930/2672
f 558/1931/2673 534/1927/2674 1487/1930/2675 1489/1932/2676
f 535/1928/2677 536/1933/2678 1490/1934/2679 1488/1929/2680
f 536/1933/2681 560/1935/2682 1491/1936/2683 1490/1934/2684
f 582/1937/2685 558/1931/2686 1489/1932/2687 1492/1938/2688
f 560/1935/2689 584/1939/2690 1493/1940/2691 1491/1936/2692
f 607/1941/2693 606/1942/2694 1495/1943/2695 1494/1944/2696
f 606/1942/2697 582/1937/2698 1492/1938/2699 1495/1943/2700
f 584/1939/2701 608/1945/2702 1496/1946/2703 1493/1940/2704
f 608/1945/2705 607/1941/2706 1494/1944/2707 1496/1946/2708
f 538/1957/2709 539/1958/2710 1498/1959/2711 1497/1960/2712
f 562/1961/2713 538/1957/2714 1497/1960/2715 1499/1962/2716
f 539/1958/2717 540/1963/2718 1500/1964/2719 1498/1959/2720
f 540/1963/2721 564/1965/2722 1501/1966/2723 1500/1964/2724
f 586/1967/2725 562/1961/2726 1499/1962/2727 1502/1968/2728
f 564/1965/2729 588/1969/2730 1503/1970/2731 1501/1966/2732
f 611/1971/2733 610/1972/2734 1505/1973/2735 1504/1974/2736
f 610/1972/2737 586/1967/2738 1502/1968/2739 1505/1973/2740
f 588/1969/2741 612/1975/2742 1506/1976/2743 1503/1970/2744
f 612/1975/2745 611/1971/2746 1504/1974/2747 1506/1976/2748
f 541/1987/2749 542/1988/2750 1508/1989/2751 1507/1990/2752
f 565/1991/2753 541/1987/2754 1507/1990/2755 1509/1992/2756
f 542/1988/2757 543/1993/2758 1510/1994/2759 1508/1989/2760
f 543/1993/2761 567/1995/2762 1511/1996/2763 1510/1994/2764
f 589/1997/2765 565/1991/2766 1509/1992/2767 1512/1998/2768
f 567/1995/2769 591/1999/2770 1513/2000/2771 1511/1996/2772
f 614/2001/2773 613/2002/2774 1515/2003/2775 1514/2004/2776
f 613/2002/2777 589/1997/2778 1512/1998/2779 1515/2003/2780
f 591/1999/2781 615/2005/2782 1516/2006/2783 1513/2000/2784
f 615/2005/2785 614/2001/2786 1514/2004/2787 1516/2006/2788
f 545/2017/2789 546/2018/2790 1518/2019/2791 1517/2020/2792
f 569/2021/2793 545/2017/2794 1517/2020/2795 1519/2022/2796
f 546/2018/2797 547/2023/2798 1520/2024/2799 1518/2019/2800
f 547/2023/2801 571/2025/2802 1521/2026/2803 1520/2024/2804
f 593/2027/2805 569/2021/2806 1519/2022/2807 1522/2028/2808
f 571/2025/2809 595/2029/2810 1523/2030/2811 1521/2026/2812
f 618/2031/2813 617/2032/2814 1525/2033/2815 1524/2034/2816
f 617/2032/2817 593/2027/2818 1522/2028/2819 1525/2033/2820
f 595/2029/2821 619/2035/2822 1526/2036/2823 1523/2030/2824
f 619/2035/2825 618/2031/2826 1524/2034/2827 1526/2036/2828
f 549/2047/2829 550/2048/2830 1528/2049/2831 1527/2050/2832
f 573/2051/2833 549/2047/2834 1527/2050/2835 1529/2052/2836
f 550/2048/2837 551/2053/2838 1530/2054/2839 1528/2049/2840
f 551/2053/2841 575/2055/2842 1531/2056/2843 1530/2054/2844
f 597/2057/2845 573/2051/2846 1529/2052/2847 1532/2058/2848
f 575/2055/2849 599/2059/2850 1533/2060/2851 1531/2056/2852
f 622/2061/2853 621/2062/2854 1535/2063/2855 1534/2064/2856
f 621/2062/2857 597/2057/2858 1532/2058/2859 1535/2063/2860
f 599/2059/2861 623/2065/2862 1536/2066/2863 1533/2060/2864
f 623/2065/2865 622/2061/2866 1534/2064/2867 1536/2066/2868
f 625/2216/2869 626/2217/2870 1538/2218/2871 1537/2219/2872
f 650/2220/2873 649/2221/2874 1540/2222/2875 1539/2223/2876
f 626/2217/2877 627/2224/2878 1541/2225/2879 1538/2218/2880
f 651/2226/2881 650/2220/2882 1539/2223/2883 1542/2227/2884
f 627/2224/2885 628/2228/2886 1543/2229/2887 1541/2225/2888
f 652/2230/2889 651/2226/2890 1542/2227/2891 1544/2231/2892
f 628/2228/2893 629/2232/2894 1545/2233/2895 1543/2229/2896
f 653/2234/2897 652/2230/2898 1544/2231/2899 1546/2235/2900
f 629/2232/2901 630/2236/2902 1547/2237/2903 1545/2233/2904
f 654/2238/2905 653/2234/2906 1546/2235/2907 1548/2239/2908
f 630/2236/2909 631/2240/2910 1549/2241/2911 1547/2237/2912
f 655/2242/2913 654/2238/2914 1548/2239/2915 1550/2243/2916
f 631/2240/2917 632/2244/2918 1551/2245/2919 1549/2241/2920
f 656/2246/2921 655/2242/2922 1550/2243/2923 1552/2247/2924
f 632/2244/2925 633/2248/2926 1553/2249/2927 1551/2245/2928
f 657/2250/2929 656/2246/2930 1552/2247/2931 1554/2251/2932
f 633/2248/2933 634/2252/2934 1555/2253/2935 1553/2249/2936
f 658/2254/2937 657/2250/2938 1554/2251/2939 1556/2255/2940
f 634/2252/2941 635/2256/2942 1557/2257/2943 1555/2253/2944
f 659/2258/2945 658/2254/2946 1556/2255/2947 1558/2259/2948
f 635/2256/2949 636/2260/2950 1559/2261/2951 1557/2257/2952
f 660/2262/2953 659/2258/2954 1558/2259/2955 1560/2263/2956
f 636/2260/2957 637/2264/2958 1561/2265/2959 1559/2261/2960
f 661/2266/2961 660/2262/2962 1560/2263/2963 1562/2267/2964
f 637/2264/2965 638/2268/2966 1563/2269/2967 1561/2265/2968
f 662/2270/2969 661/2266/2970 1562/2267/2971 1564/2271/2972
f 638/2268/2973 639/2272/2974 1565/2273/2975 1563/2269/2976
f 663/2274/2977 662/2270/2978 1564/2271/2979 1566/2275/2980
f 639/2272/2981 640/2276/2982 1567/2277/2983 1565/2273/2984
f 664/2278/2985 663/2274/2986 1566/2275/2987 1568/2279/2988
f 640/2276/2989 641/2280/2990 1569/2281/2991 1567/2277/2992
f 665/2282/2993 664/2278/2994 1568/2279/2995 1570/2283/2996
f 641/2280/2997 642/2284/2998 1571/2285/2999 1569/2281/3000
f 666/2286/3001 665/2282/3002 1570/2283/3003 1572/2287/3004
f 642/2284/3005 643/2288/3006 1573/2289/3007 1571/2285/3008
f 667/2290/3009 666/2286/3010 1572/2287/3011 1574/2291/3012
f 643/2288/3013 644/2292/3014 1575/2293/3015 1573/2289/3016
f 668/2294/3017 667/2290/3018 1574/2291/3019 1576/2295/3020
f 644/2292/3021 645/2296/3022 1577/2297/3023 1575/2293/3024
f 669/2298/3025 668/2294/3026 1576/2295/3027 1578/2299/3028
f 645/2296/3029 646/2300/3030 1579/2301/3031 1577/2297/3032
f 670/2302/3033 669/2298/3034 1578/2299/3035 1580/2303/3036
f 646/2300/3037 647/2304/3038 1581/2305/3039 1579/2301/3040
f 671/2306/3041 670/2302/3042 1580/2303/3043 1582/2307/3044
f 647/2304/3045 648/2308/3046 1583/2309/3047 1581/2305/3048
f 672/2310/3049 671/2306/3050 1582/2307/3051 1584/2311/3052
f 1273/2312/3053 1274/2313/3054 1586/2314/3055 1585/2315/3056
f 2/2316/3057 1/2317/3058 1588/2318/3059 1587/2319/3060
f 1274/2313/3061 1275/2320/3062 1589/2321/3063 1586/2314/3064
f 3/2322/3065 2/2316/3066 1587/2319/3067 1590/2323/3068
f 1275/2320/3069 1276/2324/3070 1591/2325/3071 1589/2321/3072
f 4/2326/3073 3/2322/3074 1590/2323/3075 1592/2327/3076
f 1276/2324/3077 1277/2328/3078 1593/2329/3079 1591/2325/3080
f 5/2330/3081 4/2326/3082 1592/2327/3083 1594/2331/3084
f 1277/2328/3085 1278/2332/3086 1595/2333/3087 1593/2329/3088
f 6/2334/3089 5/2330/3090 1594/2331/3091 1596/2335/3092
f 1278/2332/3093 1279/2336/3094 1597/2337/3095 1595/2333/3096
f 7/2338/3097 6/2334/3098 1596/2335/3099 1598/2339/3100
f 1279/2336/3101 1280/2340/3102 1599/2341/3103 1597/2337/3104
f 8/2342/3105 7/2338/3106 1598/2339/3107 1600/2343/3108
f 1280/2340/3109 1281/2344/3110 1601/2345/3111 1599/2341/3112
f 9/2346/3113 8/2342/3114 1600/2343/3115 1602/2347/3116
f 1281/2344/3117 1282/2348/3118 1603/2349/3119 1601/2345/3120
f 10/2350/3121 9/2346/3122 1602/2347/3123 1604/2351/3124
f 1282/2348/3125 1283/2352/3126 1605/2353/3127 1603/2349/3128
f 11/2354/3129 10/2350/3130 1604/2351/3131 1606/2355/3132
f 1283/2352/3133 1284/2356/3134 1607/2357/3135 1605/2353/3136
f 12/2358/3137 11/2354/3138 1606/2355/3139 1608/2359/3140
f 1284/2356/3141 1285/2360/3142 1609/2361/3143 1607/2357/3144
f 13/2362/3145 12/2358/3146 1608/2359/3147 1610/2363/3148
f 1285/2360/3149 1286/2364/3150 1611/2365/3151 1609/2361/3152
f 14/2366/3153 13/2362/3154 1610/2363/3155 1612/2367/3156
f 1286/2364/3157 1287/2368/3158 1613/2369/3159 1611/2365/3160
f 15/2370/3161 14/2366/3162 1612/2367/3163 1614/2371/3164
f 1287/2368/3165 1288/2372/3166 1615/2373/3167 1613/2369/3168
f 16/2374/3169 15/2370/3170 1614/2371/3171 1616/2375/3172
f 1288/2372/3173 1289/2376/3174 1617/2377/3175 1615/2373/3176
f 17/2378/3177 16/2374/3178 1616/2375/3179 1618/2379/3180
f 1289/2376/3181 1290/2380/3182 1619/2381/3183 1617/2377/3184
f 18/2382/3185 17/2378/3186 1618/2379/3187 1620/2383/3188
f 1290/2380/3189 1291/2384/3190 1621/2385/3191 1619/2381/3192
f 19/2386/3193 18/2382/3194 1620/2383/3195 1622/2387/3196
f 1291/2384/3197 1292/2388/3198 1623/2389/3199 1621/2385/3200
f 20/2390/3201 19/2386/3202 1622/2387/3203 1624/2391/3204
f 1292/2388/3205 1293/2392/3206 1625/2393/3207 1623/2389/3208
f 21/2394/3209 20/2390/3210 1624/2391/3211 1626/2395/3212
f 1293/2392/3213 1294/2396/3214 1627/2397/3215 1625/2393/3216
f 22/2398/3217 21/2394/3218 1626/2395/3219 1628/2399/3220
f 1294/2396/3221 1295/2400/3222 1629/2401/3223 1627/2397/3224
f 23/2402/3225 22/2398/3226 1628/2399/3227 1630/2403/3228
f 1295/2400/3229 1296/2404/3230 1631/2405/3231 1629/2401/3232
f 24/2406/3233 23/2402/3234 1630/2403/3235 1632/2407/3236
f 1296/2404/3237 1272/2408/3238 1633/2409/3239 1631/2405/3240
f 48/2410/3241 24/2406/3242 1632/2407/3243 1634/2411/3244
f 1272/2408/3245 1248/2412/3246 1635/2413/3247 1633/2409/3248
f 72/2414/3249 48/2410/3250 1634/2411/3251 1636/2415/3252
f 1248/2412/3253 1224/2416/3254 1637/2417/3255 1635/2413/3256
f 96/2418/3257 72/2414/3258 1636/2415/3259 1638/2419/3260
f 1224/2416/3261 1200/2420/3262 1639/2421/3263 1637/2417/3264
f 120/2422/3265 96/2418/3266 1638/2419/3267 1640/2423/3268
f 1200/2420/3269 1176/2424/3270 1641/2425/3271 1639/2421/3272
f 144/2426/3273 120/2422/3274 1640/2423/3275 1642/2427/3276
f 1176/2424/3277 1152/2428/3278 1643/2429/3279 1641/2425/3280
f 168/2430/3281 144/2426/3282 1642/2427/3283 1644/2431/3284
f 1152/2428/3285 1128/2432/3286 1645/2433/3287 1643/2429/3288
f 192/2434/3289 168/2430/3290 1644/2431/3291 1646/2435/3292
f 1128/2432/3293 1104/2436/3294 1647/2437/3295 1645/2433/3296
f 216/2438/3297 192/2434/3298 1646/2435/3299 1648/2439/3300
f 1104/2436/3301 1080/2440/3302 1649/2441/3303 1647/2437/3304
f 240/2442/3305 216/2438/3306 1648/2439/3307 1650/2443/3308
f 1080/2440/3309 1056/2444/3310 1651/2445/3311 1649/2441/3312
f 264/2446/3313 240/2442/3314 1650/2443/3315 1652/2447/3316
f 1056/2444/3317 1032/2448/3318 1653/2449/3319 1651/2445/3320
f 288/2450/3321 264/2446/3322 1652/2447/3323 1654/2451/3324
f 1032/2448/3325 1008/2452/3326 1655/2453/3327 1653/2449/3328
f 312/2454/3329 288/2450/3330 1654/2451/3331 1656/2455/3332
f 1008/2452/3333 984/2456/3334 1657/2457/3335 1655/2453/3336
f 336/2458/3337 312/2454/3338 1656/2455/3339 1658/2459/3340
f 984/2456/3341 960/2460/3342 1659/2461/3343 1657/2457/3344
f 360/2462/3345 336/2458/3346 1658/2459/3347 1660/2463/3348
f 960/2460/3349 936/2464/3350 1661/2465/3351 1659/2461/3352
f 384/2466/3353 360/2462/3354 1660/2463/3355 1662/2467/3356
f 936/2464/3357 912/2468/3358 1663/2469/3359 1661/2465/3360
f 408/2470/3361 384/2466/3362 1662/2467/3363 1664/2471/3364
f 912/2468/3365 888/2472/3366 1665/2473/3367 1663/2469/3368
f 432/2474/3369 408/2470/3370 1664/2471/3371 1666/2475/3372
f 888/2472/3373 864/2476/3374 1667/2477/3375 1665/2473/3376
f 456/2478/3377 432/2474/3378 1666/2475/3379 1668/2479/3380
f 864/2476/3381 840/2480/3382 1669/2481/3383 1667/2477/3384
f 480/2482/3385 456/2478/3386 1668/2479/3387 1670/2483/3388
f 840/2480/3389 816/2484/3390 1671/2485/3391 1669/2481/3392
f 504/2486/3393 480/2482/3394 1670/2483/3395 1672/2487/3396
f 816/2484/3397 792/2488/3398 1673/2489/3399 1671/2485/3400
f 528/2490/3401 504/2486/3402 1672/2487/3403 1674/2491/3404
f 792/2488/3405 768/2492/3406 1675/2493/3407 1673/2489/3408
f 552/2494/3409 528/2490/3410 1674/2491/3411 1676/2495/3412
f 768/2492/3413 744/2496/3414 1677/2497/3415 1675/2493/3416
f 576/2498/3417 552/2494/3418 1676/2495/3419 1678/2499/3420
f 744/2496/3421 720/2500/3422 1679/2501/3423 1677/2497/3424
f 600/2502/3425 576/2498/3426 1678/2499/3427 1680/2503/3428
f 720/2500/3429 696/2504/3430 1681/2505/3431 1679/2501/3432
f 624/2506/3433 600/2502/3434 1680/2503/3435 1682/2507/3436
f 696/2504/3437 672/2310/3438 1584/2311/3439 1681/2505/3440
f 648/2308/3441 624/2506/3442 1682/2507/3443 1583/2309/3444
f 1/2317/3445 25/2508/3446 1683/2509/3447 1588/2318/3448
f 1249/2510/3449 1273/2312/3450 1585/2315/3451 1684/2511/3452
f 25/2508/3453 49/2512/3454 1685/2513/3455 1683/2509/3456
f 1225/2514/3457 1249/2510/3458 1684/2511/3459 1686/2515/3460
f 49/2512/3461 73/2516/3462 1687/2517/3463 1685/2513/3464
f 1201/2518/3465 1225/2514/3466 1686/2515/3467 1688/2519/3468
f 73/2516/3469 97/2520/3470 1689/2521/3471 1687/2517/3472
f 1177/2522/3473 1201/2518/3474 1688/2519/3475 1690/2523/3476
f 97/2520/3477 121/2524/3478 1691/2525/3479 1689/2521/3480
f 1153/2526/3481 1177/2522/3482 1690/2523/3483 1692/2527/3484
f 121/2524/3485 145/2528/3486 1693/2529/3487 1691/2525/3488
f 1129/2530/3489 1153/2526/3490 1692/2527/3491 1694/2531/3492
f 145/2528/3493 169/2532/3494 1695/2533/3495 1693/2529/3496
f 1105/2534/3497 1129/2530/3498 1694/2531/3499 1696/2535/3500
f 169/2532/3501 193/2536/3502 1697/2537/3503 1695/2533/3504
f 1081/2538/3505 1105/2534/3506 1696/2535/3507 1698/2539/3508
f 193/2536/3509 217/2540/3510 1699/2541/3511 1697/2537/3512
f 1057/2542/3513 1081/2538/3514 1698/2539/3515 1700/2543/3516
f 217/2540/3517 241/2544/3518 1701/2545/3519 1699/2541/3520
f 1033/2546/3521 1057/2542/3522 1700/2543/3523 1702/2547/3524
f 241/2544/3525 265/2548/3526 1703/2549/3527 1701/2545/3528
f 1009/2550/3529 1033/2546/3530 1702/2547/3531 1704/2551/3532
f 265/2548/3533 289/2552/3534 1705/2553/3535 1703/2549/3536
f 985/2554/3537 1009/2550/3538 1704/2551/3539 1706/2555/3540
f 289/2552/3541 313/2556/3542 1707/2557/3543 1705/2553/3544
f 961/2558/3545 985/2554/3546 1706/2555/3547 1708/2559/3548
f 313/2556/3549 337/2560/3550 1709/2561/3551 1707/2557/3552
f 937/2562/3553 961/2558/3554 1708/2559/3555 1710/2563/3556
f 337/2560/3557 361/2564/3558 1711/2565/3559 1709/2561/3560
f 913/2566/3561 937/2562/3562 1710/2563/3563 1712/2567/3564
f 361/2564/3565 385/2568/3566 1713/2569/3567 1711/2565/3568
f 889/2570/3569 913/2566/3570 1712/2567/3571 1714/2571/3572
f 385/2568/3573 409/2572/3574 1715/2573/3575 1713/2569/3576
f 865/2574/3577 889/2570/3578 1714/2571/3579 1716/2575/3580
f 409/2572/3581 433/2576/3582 1717/2577/3583 1715/2573/3584
f 841/2578/3585 865/2574/3586 1716/2575/3587 1718/2579/3588
f 433/2576/3589 457/2580/3590 1719/2581/3591 1717/2577/3592
f 817/2582/3593 841/2578/3594 1718/2579/3595 1720/2583/3596
f 457/2580/3597 481/2584/3598 1721/2585/3599 1719/2581/3600
f 793/2586/3601 817/2582/3602 1720/2583/3603 1722/2587/3604
f 481/2584/3605 505/2588/3606 1723/2589/3607 1721/2585/3608
f 769/2590/3609 793/2586/3610 1722/2587/3611 1724/2591/3612
f 505/2588/3613 529/2592/3614 1725/2593/3615 1723/2589/3616
f 745/2594/3617 769/2590/3618 1724/2591/3619 1726/2595/3620
f 529/2592/3621 553/2596/3622 1727/2597/3623 1725/2593/3624
f 721/2598/3625 745/2594/3626 1726/2595/3627 1728/2599/3628
f 553/2596/3629 577/2600/3630 1729/2601/3631 1727/2597/3632
f 697/2602/3633 721/2598/3634 1728/2599/3635 1730/2603/3636
f 577/2600/3637 601/2604/3638 1731/2605/3639 1729/2601/3640
f 673/2606/3641 697/2602/3642 1730/2603/3643 1732/2607/3644
f 601/2604/3645 625/2216/3646 1537/2219/3647 1731/2605/3648
f 649/2221/3649 673/2606/3650 1732/2607/3651 1540/2222/3652
f 674/2698/3653 675/2699/3654 1734/2700/3655 1733/2701/3656
f 698/2702/3657 674/2698/3658 1733/2701/3659 1735/2703/3660
f 675/2699/3661 676/2704/3662 1736/2705/3663 1734/2700/3664
f 676/2704/3665 677/2706/3666 1737/2707/3667 1736/2705/3668
f 677/2706/3669 678/2708/3670 1738/2709/3671 1737/2707/3672
f 678/2708/3673 679/2710/3674 1739/2711/3675 1738/2709/3676
f 679/2710/3677 680/2712/3678 1740/2713/3679 1739/2711/3680
f 680/2712/3681 681/2714/3682 1741/2715/3683 1740/2713/3684
f 681/2714/3685 682/2716/3686 1742/2717/3687 1741/2715/3688
f 682/2716/3689 683/2718/3690 1743/2719/3691 1742/2717/3692
f 683/2718/3693 684/2720/3694 1744/2721/3695 1743/2719/3696
f 684/2720/3697 685/2722/3698 1745/2723/3699 1744/2721/3700
f 685/2722/3701 686/2724/3702 1746/2725/3703 1745/2723/3704
f 686/2724/3705 687/2726/3706 1747/2727/3707 1746/2725/3708
f 687/2726/3709 688/2728/3710 1748/2729/3711 1747/2727/3712
f 688/2728/3713 689/2730/3714 1749/2731/3715 1748/2729/3716
f 689/2730/3717 690/2732/3718 1750/2733/3719 1749/2731/3720
f 690/2732/3721 691/2734/3722 1751/2735/3723 1750/2733/3724
f 691/2734/3725 692/2736/3726 1752/2737/3727 1751/2735/3728
f 692/2736/3729 693/2738/3730 1753/2739/3731 1752/2737/3732
f 693/2738/3733 694/2740/3734 1754/2741/3735 1753/2739/3736
f 694/2740/3737 695/2742/3738 1755/2743/3739 1754/2741/3740
f 695/2742/3741 719/2744/3742 1756/2745/3743 1755/2743/3744
f 722/2746/3745 698/2702/3746 1735/2703/3747 1757/2747/3748
f 719/2744/3749 743/2748/3750 1758/2749/3751 1756/2745/3752
f 746/2750/3753 722/2746/3754 1757/2747/3755 1759/2751/3756
f 743/2748/3757 767/2752/3758 1760/2753/3759 1758/2749/3760
f 770/2754/3761 746/2750/3762 1759/2751/3763 1761/2755/3764
f 767/2752/3765 791/2756/3766 1762/2757/3767 1760/2753/3768
f 794/2758/3769 770/2754/3770 1761/2755/3771 1763/2759/3772
f 791/2756/3773 815/2760/3774 1764/2761/3775 1762/2757/3776
f 818/2762/3777 794/2758/3778 1763/2759/3779 1765/2763/3780
f 815/2760/3781 839/2764/3782 1766/2765/3783 1764/2761/3784
f 842/2766/3785 818/2762/3786 1765/2763/3787 1767/2767/3788
f 839/2764/3789 863/2768/3790 1768/2769/3791 1766/2765/3792
f 866/2770/3793 842/2766/3794 1767/2767/3795 1769/2771/3796
f 863/2768/3797 887/2772/3798 1770/2773/3799 1768/2769/3800
f 890/2774/3801 866/2770/3802 1769/2771/3803 1771/2775/3804
f 887/2772/3805 911/2776/3806 1772/2777/3807 1770/2773/3808
f 914/2778/3809 890/2774/3810 1771/2775/3811 1773/2779/3812
f 911/2776/3813 935/2780/3814 1774/2781/3815 1772/2777/3816
f 938/2782/3817 914/2778/3818 1773/2779/3819 1775/2783/3820
f 935/2780/3821 959/2784/3822 1776/2785/3823 1774/2781/3824
f 962/2786/3825 938/2782/3826 1775/2783/3827 1777/2787/3828
f 959/2784/3829 983/2788/3830 1778/2789/3831 1776/2785/3832
f 986/2790/3833 962/2786/3834 1777/2787/3835 1779/2791/3836
f 983/2788/3837 1007/2792/3838 1780/2793/3839 1778/2789/3840
f 1010/2794/3841 986/2790/3842 1779/2791/3843 1781/2795/3844
f 1007/2792/3845 1031/2796/3846 1782/2797/3847 1780/2793/3848
f 1034/2798/3849 1010/2794/3850 1781/2795/3851 1783/2799/3852
f 1031/2796/3853 1055/2800/3854 1784/2801/3855 1782/2797/3856
f 1058/2802/3857 1034/2798/3858 1783/2799/3859 1785/2803/3860
f 1055/2800/3861 1079/2804/3862 1786/2805/3863 1784/2801/3864
f 1082/2806/3865 1058/2802/3866 1785/2803/3867 1787/2807/3868
f 1079/2804/3869 1103/2808/3870 1788/2809/3871 1786/2805/3872
f 1106/2810/3873 1082/2806/3874 1787/2807/3875 1789/2811/3876
f 1103/2808/3877 1127/2812/3878 1790/2813/3879 1788/2809/3880
f 1130/2814/3881 1106/2810/3882 1789/2811/3883 1791/2815/3884
f 1127/2812/3885 1151/2816/3886 1792/2817/3887 1790/2813/3888
f 1154/2818/3889 1130/2814/3890 1791/2815/3891 1793/2819/3892
f 1151/2816/3893 1175/2820/3894 1794/2821/3895 1792/2817/3896
f 1178/2822/3897 1154/2818/3898 1793/2819/3899 1795/2823/3900
f 1175/2820/3901 1199/2824/3902 1796/2825/3903 1794/2821/3904
f 1202/2826/3905 1178/2822/3906 1795/2823/3907 1797/2827/3908
f 1199/2824/3909 1223/2828/3910 1798/2829/3911 1796/2825/3912
f 1226/2830/3913 1202/2826/3914 1797/2827/3915 1799/2831/3916
f 1223/2828/3917 1247/2832/3918 1800/2833/3919 1798/2829/3920
f 1251/2834/3921 1250/2835/3922 1802/2836/3923 1801/2837/3924
f 1250/2835/3925 1226/2830/3926 1799/2831/3927 1802/2836/3928
f 1252/2838/3929 1251/2834/3930 1801/2837/3931 1803/2839/3932
f 1253/2840/3933 1252/2838/3934 1803/2839/3935 1804/2841/3936
f 1254/2842/3937 1253/2840/3938 1804/2841/3939 1805/2843/3940
f 1255/2844/3941 1254/2842/3942 1805/2843/3943 1806/2845/3944
f 1256/2846/3945 1255/2844/3946 1806/2845/3947 1807/2847/3948
f 1257/2848/3949 1256/2846/3950 1807/2847/3951 1808/2849/3952
f 1258/2850/3953 1257/2848/3954 1808/2849/3955 1809/2851/3956
f 1259/2852/3957 1258/2850/3958 1809/2851/3959 1810/2853/3960
f 1260/2854/3961 1259/2852/3962 1810/2853/3963 1811/2855/3964
f 1261/2856/3965 1260/2854/3966 1811/2855/3967 1812/2857/3968
f 1262/2858/3969 1261/2856/3970 1812/2857/3971 1813/2859/3972
f 1263/2860/3973 1262/2858/3974 1813/2859/3975 1814/2861/3976
f 1264/2862/3977 1263/2860/3978 1814/2861/3979 1815/2863/3980
f 1265/2864/3981 1264/2862/3982 1815/2863/3983 1816/2865/3984
f 1266/2866/3985 1265/2864/3986 1816/2865/3987 1817/2867/3988
f 1267/2868/3989 1266/2866/3990 1817/2867/3991 1818/2869/3992
f 1268/2870/3993 1267/2868/3994 1818/2869/3995 1819/2871/3996
f 1269/2872/3997 1268/2870/3998 1819/2871/3999 1820/2873/4000
f 1270/2874/4001 1269/2872/4002 1820/2873/4003 1821/2875/4004
f 1247/2832/4005 1271/2876/4006 1822/2877/4007 1800/2833/4008
f 1271/2876/4009 1270/2874/4010 1821/2875/4011 1822/2877/4012
f 820/2892/4013 821/2893/4014 1824/2894/4015 1823/2895/4016
f 844/2896/4017 820/2892/4018 1823/2895/4019 1825/2897/4020
f 821/2893/4021 822/2898/4022 1826/2899/4023 1824/2894/4024
f 822/2898/4025 823/2900/4026 1827/2901/4027 1826/2899/4028
f 823/2900/4029 847/2902/4030 1828/2903/4031 1827/2901/4032
f 868/2904/4033 844/2896/4034 1825/2897/4035 1829/2905/4036
f 847/2902/4037 871/2906/4038 1830/2907/4039 1828/2903/4040
f 892/2908/4041 868/2904/4042 1829/2905/4043 1831/2909/4044
f 871/2906/4045 895/2910/4046 1832/2911/4047 1830/2907/4048
f 917/2912/4049 916/2913/4050 1834/2914/4051 1833/2915/4052
f 916/2913/4053 892/2908/4054 1831/2909/4055 1834/2914/4056
f 918/2916/4057 917/2912/4058 1833/2915/4059 1835/2917/4060
f 895/2910/4061 919/2918/4062 1836/2919/4063 1832/2911/4064
f 919/2918/4065 918/2916/4066 1835/2917/4067 1836/2919/4068
f 834/2934/4069 835/2935/4070 1838/2936/4071 1837/2937/4072
f 858/2938/4073 834/2934/4074 1837/2937/4075 1839/2939/4076
f 835/2935/4077 836/2940/4078 1840/2941/4079 1838/2936/4080
f 836/2940/4081 837/2942/4082 1841/2943/4083 1840/2941/4084
f 837/2942/4085 861/2944/4086 1842/2945/4087 1841/2943/4088
f 882/2946/4089 858/2938/4090 1839/2939/4091 1843/2947/4092
f 861/2944/4093 885/2948/4094 1844/2949/4095 1842/2945/4096
f 906/2950/4097 882/2946/4098 1843/2947/4099 1845/2951/4100
f 885/2948/4101 909/2952/4102 1846/2953/4103 1844/2949/4104
f 931/2954/4105 930/2955/4106 1848/2956/4107 1847/2957/4108
f 930/2955/4109 906/2950/4110 1845/2951/4111 1848/2956/4112
f 932/2958/4113 931/2954/4114 1847/2957/4115 1849/2959/4116
f 909/2952/4117 933/2960/4118 1850/2961/4119 1846/2953/4120
f 933/2960/4121 932/2958/4122 1849/2959/4123 1850/2961/4124
f 1823/2962/4125 1824/2963/4126 1852/2964/4127 1851/2965/4128
f 1825/2966/4129 1823/2962/4130 1851/2965/4131 1853/2967/4132
f 1824/2963/4133 1826/2968/4134 1854/2969/4135 1852/2964/4136
f 1826/2968/4137 1827/2970/4138 1855/2971/4139 1854/2969/4140
f 1827/2970/4141 1828/2972/4142 1856/2973/4143 1855/2971/4144
f 1829/2974/4145 1825/2966/4146 1853/2967/4147 1857/2975/4148
f 1828/2972/4149 1830/2976/4150 1858/2977/4151 1856/2973/4152
f 1831/2978/4153 1829/2974/4154 1857/2975/4155 1859/2979/4156
f 1830/2976/4157 1832/2980/4158 1860/2981/4159 1858/2977/4160
f 1833/2982/4161 1834/2983/4162 1862/2984/4163 1861/2985/4164
f 1834/2983/4165 1831/2978/4166 1859/2979/4167 1862/2984/4168
f 1835/2986/4169 1833/2982/4170 1861/2985/4171 1863/2987/4172
f 1832/2980/4173 1836/2988/4174 1864/2989/4175 1860/2981/4176
f 1836/2988/4177 1835/2986/4178 1863/2987/4179 1864/2989/4180
f 1837/2990/4181 1838/2991/4182 1866/2992/4183 1865/2993/4184
f 1839/2994/4185 1837/2990/4186 1865/2993/4187 1867/2995/4188
f 1838/2991/4189 1840/2996/4190 1868/2997/4191 1866/2992/4192
f 1840/2996/4193 1841/2998/4194 1869/2999/4195 1868/2997/4196
f 1841/2998/4197 1842/3000/4198 1870/3001/4199 1869/2999/4200
f 1843/3002/4201 1839/2994/4202 1867/2995/4203 1871/3003/4204
f 1842/3000/4205 1844/3004/4206 1872/3005/4207 1870/3001/4208
f 1845/3006/4209 1843/3002/4210 1871/3003/4211 1873/3007/4212
f 1844/3004/4213 1846/3008/4214 1874/3009/4215 1872/3005/4216
f 1847/3010/4217 1848/3011/4218 1876/3012/4219 1875/3013/4220
f 1848/3011/4221 1845/3006/4222 1873/3007/4223 1876/3012/4224
f 1849/3014/4225 1847/3010/4226 1875/3013/4227 1877/3015/4228
f 1846/3008/4229 1850/3016/4230 1878/3017/4231 1874/3009/4232
f 1850/3016/4233 1849/3014/4234 1877/3015/4235 1878/3017/4236
f 1851/3018/4237 1852/3019/4238 1880/3020/4239 1879/3021/4240
f 1853/3022/4241 1851/3018/4242 1879/3021/4243 1881/3023/4244
f 1852/3019/4245 1854/3024/4246 1882/3025/4247 1880/3020/4248
f 1854/3024/4249 1855/3026/4250 1883/3027/4251 1882/3025/4252
f 1855/3026/4253 1856/3028/4254 1884/3029/4255 1883/3027/4256
f 1857/3030/4257 1853/3022/4258 1881/3023/4259 1885/3031/4260
f 1856/3028/4261 1858/3032/4262 1886/3033/4263 1884/3029/4264
f 1859/3034/4265 1857/3030/4266 1885/3031/4267 1887/3035/4268
f 1858/3032/4269 1860/3036/4270 1888/3037/4271 1886/3033/4272
f 1861/3038/4273 1862/3039/4274 1890/3040/4275 1889/3041/4276
f 1862/3039/4277 1859/3034/4278 1887/3035/4279 1890/3040/4280
f 1863/3042/4281 1861/3038/4282 1889/3041/4283 1891/3043/4284
f 1860/3036/4285 1864/3044/4286 1892/3045/4287 1888/3037/4288
f 1864/3044/4289 1863/3042/4290 1891/3043/4291 1892/3045/4292
f 1865/3046/4293 1866/3047/4294 1894/3048/4295 1893/3049/4296
f 1867/3050/4297 1865/3046/4298 1893/3049/4299 1895/3051/4300
f 1866/3047/4301 1868/3052/4302 1896/3053/4303 1894/3048/4304
f 1868/3052/4305 1869/3054/4306 1897/3055/4307 1896/3053/4308
f 1869/3054/4309 1870/3056/4310 1898/3057/4311 1897/3055/4312
f 1871/3058/4313 1867/3050/4314 1895/3051/4315 1899/3059/4316
f 1870/3056/4317 1872/3060/4318 1900/3061/4319 1898/3057/4320
f 1873/3062/4321 1871/3058/4322 1899/3059/4323 1901/3063/4324
f 1872/3060/4325 1874/3064/4326 1902/3065/4327 1900/3061/4328
f 1875/3066/4329 1876/3067/4330 1904/3068/4331 1903/3069/4332
f 1876/3067/4333 1873/3062/4334 1901/3063/4335 1904/3068/4336
f 1877/3070/4337 1875/3066/4338 1903/3069/4339 1905/3071/4340
f 1874/3064/4341 1878/3072/4342 1906/3073/4343 1902/3065/4344
f 1878/3072/4345 1877/3070/4346 1905/3071/4347 1906/3073/4348
f 1537/3074/4349 1538/3075/4350 1908/3076/4351 1907/3077/4352
f 1539/3078/4353 1540/3079/4354 1910/3080/4355 1909/3081/4356
f 1538/3075/4357 1541/3082/4358 1911/3083/4359 1908/3076/4360
f 1542/3084/4361 1539/3078/4362 1909/3081/4363 1912/3085/4364
f 1541/3082/4365 1543/3086/4366 1913/3087/4367 1911/3083/4368
f 1544/3088/4369 1542/3084/4370 1912/3085/4371 1914/3089/4372
f 1543/3086/4373 1545/3090/4374 1915/3091/4375 1913/3087/4376
f 1546/3092/4377 1544/3088/4378 1914/3089/4379 1916/3093/4380
f 1545/3090/4381 1547/3094/4382 1917/3095/4383 1915/3091/4384
f 1548/3096/4385 1546/3092/4386 1916/3093/4387 1918/3097/4388
f 1547/3094/4389 1549/3098/4390 1919/3099/4391 1917/3095/4392
f 1550/3100/4393 1548/3096/4394 1918/3097/4395 1920/3101/4396
f 1549/3098/4397 1551/3102/4398 1921/3103/4399 1919/3099/4400
f 1552/3104/4401 1550/3100/4402 1920/3101/4403 1922/3105/4404
f 1551/3102/4405 1553/3106/4406 1923/3107/4407 1921/3103/4408
f 1554/3108/4409 1552/3104/4410 1922/3105/4411 1924/3109/4412
f 1553/3106/4413 1555/3110/4414 1925/3111/4415 1923/3107/4416
f 1556/3112/4417 1554/3108/4418 1924/3109/4419 1926/3113/4420
f 1555/3110/4421 1557/3114/4422 1927/3115/4423 1925/3111/4424
f 1558/3116/4425 1556/3112/4426 1926/3113/4427 1928/3117/4428
f 1557/3114/4429 1559/3118/4430 1929/3119/4431 1927/3115/4432
f 1560/3120/4433 1558/3116/4434 1928/3117/4435 1930/3121/4436
f 1559/3118/4437 1561/3122/4438 1931/3123/4439 1929/3119/4440
f 1562/3124/4441 1560/3120/4442 1930/3121/4443 1932/3125/4444
f 1561/3122/4445 1563/3126/4446 1933/3127/4447 1931/3123/4448
f 1564/3128/4449 1562/3124/4450 1932/3125/4451 1934/3129/4452
f 1563/3126/4453 1565/3130/4454 1935/3131/4455 1933/3127/4456
f 1566/3132/4457 1564/3128/4458 1934/3129/4459 1936/3133/4460
f 1565/3130/4461 1567/3134/4462 1937/3135/4463 1935/3131/4464
f 1568/3136/4465 1566/3132/4466 1936/3133/4467 1938/3137/4468
f 1567/3134/4469 1569/3138/4470 1939/3139/4471 1937/3135/4472
f 1570/3140/4473 1568/3136/4474 1938/3137/4475 1940/3141/4476
f 1569/3138/4477 1571/3142/4478 1941/3143/4479 1939/3139/4480
f 1572/3144/4481 1570/3140/4482 1940/3141/4483 1942/3145/4484
f 1571/3142/4485 1573/3146/4486 1943/3147/4487 1941/3143/4488
f 1574/3148/4489 1572/3144/4490 1942/3145/4491 1944/3149/4492
f 1573/3146/4493 1575/3150/4494 1945/3151/4495 1943/3147/4496
f 1576/3152/4497 1574/3148/4498 1944/3149/4499 1946/3153/4500
f 1575/3150/4501 1577/3154/4502 1947/3155/4503 1945/3151/4504
f 1578/3156/4505 1576/3152/4506 1946/3153/4507 1948/3157/4508
f 1577/3154/4509 1579/3158/4510 1949/3159/4511 1947/3155/4512
f 1580/3160/4513 1578/3156/4514 1948/3157/4515 1950/3161/4516
f 1579/3158/4517 1581/3162/4518 1951/3163/4519 1949/3159/4520
f 1582/3164/4521 1580/3160/4522 1950/3161/4523 1952/3165/4524
f 1581/3162/4525 1583/3166/4526 1953/3167/4527 1951/3163/4528
f 1584/3168/4529 1582/3164/4530 1952/3165/4531 1954/3169/4532
f 1585/3170/4533 1586/3171/4534 1956/3172/4535 1955/3173/4536
f 1587/3174/4537 1588/3175/4538 1958/3176/4539 1957/3177/4540
f 1586/3171/4541 1589/3178/4542 1959/3179/4543 1956/3172/4544
f 1590/3180/4545 1587/3174/4546 1957/3177/4547 1960/3181/4548
f 1589/3178/4549 1591/3182/4550 1961/3183/4551 1959/3179/4552
f 1592/3184/4553 1590/3180/4554 1960/3181/4555 1962/3185/4556
f 1591/3182/4557 1593/3186/4558 1963/3187/4559 1961/3183/4560
f 1594/3188/4561 1592/3184/4562 1962/3185/4563 1964/3189/4564
f 1593/3186/4565 1595/3190/4566 1965/3191/4567 1963/3187/4568
f 1596/3192/4569 1594/3188/4570 1964/3189/4571 1966/3193/4572
f 1595/3190/4573 1597/3194/4574 1967/3195/4575 1965/3191/4576
f 1598/3196/4577 1596/3192/4578 1966/3193/4579 1968/3197/4580
f 1597/3194/4581 1599/3198/4582 1969/3199/4583 1967/3195/4584
f 1600/3200/4585 1598/3196/4586 1968/3197/4587 1970/3201/4588
f 1599/3198/4589 1601/3202/4590 1971/3203/4591 1969/3199/4592
f 1602/3204/4593 1600/3200/4594 1970/3201/4595 1972/3205/4596
f 1601/3202/4597 1603/3206/4598 1973/3207/4599 1971/3203/4600
f 1604/3208/4601 1602/3204/4602 1972/3205/4603 1974/3209/4604
f 1603/3206/4605 1605/3210/4606 1975/3211/4607 1973/3207/4608
f 1606/3212/4609 1604/3208/4610 1974/3209/4611 1976/3213/4612
f 1605/3210/4613 1607/3214/4614 1977/3215/4615 1975/3211/4616
f 1608/3216/4617 1606/3212/4618 1976/3213/4619 1978/3217/4620
f 1607/3214/4621 1609/3218/4622 1979/3219/4623 1977/3215/4624
f 1610/3220/4625 1608/3216/4626 1978/3217/4627 1980/3221/4628
f 1609/3218/4629 1611/3222/4630 1981/3223/4631 1979/3219/4632
f 1612/3224/4633 1610/3220/4634 1980/3221/4635 1982/3225/4636
f 1611/3222/4637 1613/3226/4638 1983/3227/4639 1981/3223/4640
f 1614/3228/4641 1612/3224/4642 1982/3225/4643 1984/3229/4644
f 1613/3226/4645 1615/3230/4646 1985/3231/4647 1983/3227/4648
f 1616/3232/4649 1614/3228/4650 1984/3229/4651 1986/3233/4652
f 1615/3230/4653 1617/3234/4654 1987/3235/4655 1985/3231/4656
f 1618/3236/4657 1616/3232/4658 1986/3233/4659 1988/3237/4660
f 1617/3234/4661 1619/3238/4662 1989/3239/4663 1987/3235/4664
f 1620/3240/4665 1618/3236/4666 1988/3237/4667 1990/3241/4668
f 1619/3238/4669 1621/3242/4670 1991/3243/4671 1989/3239/4672
f 1622/3244/4673 1620/3240/4674 1990/3241/4675 1992/3245/4676
f 1621/3242/4677 1623/3246/4678 1993/3247/4679 1991/3243/4680
f 1624/3248/4681 1622/3244/4682 1992/3245/4683 1994/3249/4684
f 1623/3246/4685 1625/3250/4686 1995/3251/4687 1993/3247/4688
f 1626/3252/4689 1624/3248/4690 1994/3249/4691 1996/3253/4692
f 1625/3250/4693 1627/3254/4694 1997/3255/4695 1995/3251/4696
f 1628/3256/4697 1626/3252/4698 1996/3253/4699 1998/3257/4700
f 1627/3254/4701 1629/3258/4702 1999/3259/4703 1997/3255/4704
f 1630/3260/4705 1628/3256/4706 1998/3257/4707 2000/3261/4708
f 1629/3258/4709 1631/3262/4710 2001/3263/4711 1999/3259/4712
f 1632/3264/4713 1630/3260/4714 2000/3261/4715 2002/3265/4716
f 1631/3262/4717 1633/3266/4718 2003/3267/4719 2001/3263/4720
f 1634/3268/4721 1632/3264/4722 2002/3265/4723 2004/3269/4724
f 1633/3266/4725 1635/3270/4726 2005/3271/4727 2003/3267/4728
f 1636/3272/4729 1634/3268/4730 2004/3269/4731 2006/3273/4732
f 1635/3270/4733 1637/3274/4734 2007/3275/4735 2005/3271/4736
f 1638/3276/4737 1636/3272/4738 2006/3273/4739 2008/3277/4740
f 1637/3274/4741 1639/3278/4742 2009/3279/4743 2007/3275/4744
f 1640/3280/4745 1638/3276/4746 2008/3277/4747 2010/3281/4748
f 1639/3278/4749 1641/3282/4750 2011/3283/4751 2009/3279/4752
f 1642/3284/4753 1640/3280/4754 2010/3281/4755 2012/3285/4756
f 1641/3282/4757 1643/3286/4758 2013/3287/4759 2011/3283/4760
f 1644/3288/4761 1642/3284/4762 2012/3285/4763 2014/3289/4764
f 1643/3286/4765 1645/3290/4766 2015/3291/4767 2013/3287/4768
f 1646/3292/4769 1644/3288/4770 2014/3289/4771 2016/3293/4772
f 1645/3290/4773 1647/3294/4774 2017/3295/4775 2015/3291/4776
f 1648/3296/4777 1646/3292/4778 2016/3293/4779 2018/3297/4780
f 1647/3294/4781 1649/3298/4782 2019/3299/4783 2017/3295/4784
f 1650/3300/4785 1648/3296/4786 2018/3297/4787 2020/3301/4788
f 1649/3298/4789 1651/3302/4790 2021/3303/4791 2019/3299/4792
f 1652/3304/4793 1650/3300/4794 2020/3301/4795 2022/3305/4796
f 1651/3302/4797 1653/3306/4798 2023/3307/4799 2021/3303/4800
f 1654/3308/4801 1652/3304/4802 2022/3305/4803 2024/3309/4804
f 1653/3306/4805 1655/3310/4806 2025/3311/4807 2023/3307/4808
f 1656/3312/4809 1654/3308/4810 2024/3309/4811 2026/3313/4812
f 1655/3310/4813 1657/3314/4814 2027/3315/4815 2025/3311/4816
f 1658/3316/4817 1656/3312/4818 2026/3313/4819 2028/3317/4820
f 1657/3314/4821 1659/3318/4822 2029/3319/4823 2027/3315/4824
f 1660/3320/4825 1658/3316/4826 2028/3317/4827 2030/3321/4828
f 1659/3318/4829 1661/3322/4830 2031/3323/4831 2029/3319/4832
f 1662/3324/4833 1660/3320/4834 2030/3321/4835 2032/3325/4836
f 1661/3322/4837 1663/3326/4838 2033/3327/4839 2031/3323/4840
f 1664/3328/4841 1662/3324/4842 2032/3325/4843 2034/3329/4844
f 1663/3326/4845 1665/3330/4846 2035/3331/4847 2033/3327/4848
f 1666/3332/4849 1664/3328/4850 2034/3329/4851 2036/3333/4852
f 1665/3330/4853 1667/3334/4854 2037/3335/4855 2035/3331/4856
f 1668/3336/4857 1666/3332/4858 2036/3333/4859 2038/3337/4860
f 1667/3334/4861 1669/3338/4862 2039/3339/4863 2037/3335/4864
f 1670/3340/4865 1668/3336/4866 2038/3337/4867 2040/3341/4868
f 1669/3338/4869 1671/3342/4870 2041/3343/4871 2039/3339/4872
f 1672/3344/4873 1670/3340/4874 2040/3341/4875 2042/3345/4876
f 1671/3342/4877 1673/3346/4878 2043/3347/4879 2041/3343/4880
f 1674/3348/4881 1672/3344/4882 2042/3345/4883 2044/3349/4884
f 1673/3346/4885 1675/3350/4886 2045/3351/4887 2043/3347/4888
f 1676/3352/4889 1674/3348/4890 2044/3349/4891 2046/3353/4892
f 1675/3350/4893 1677/3354/4894 2047/3355/4895 2045/3351/4896
f 1678/3356/4897 1676/3352/4898 2046/3353/4899 2048/3357/4900
f 1677/3354/4901 1679/3358/4902 2049/3359/4903 2047/3355/4904
f 1680/3360/4905 1678/3356/4906 2048/3357/4907 2050/3361/4908
f 1679/3358/4909 1681/3362/4910 2051/3363/4911 2049/3359/4912
f 1682/3364/4913 1680/3360/4914 2050/3361/4915 2052/3365/4916
f 1681/3362/4917 1584/3168/4918 1954/3169/4919 2051/3363/4920
f 1583/3166/4921 1682/3364/4922 2052/3365/4923 1953/3167/4924
f 1588/3175/4925 1683/3366/4926 2053/3367/4927 1958/3176/4928
f 1684/3368/4929 1585/3170/4930 1955/3173/4931 2054/3369/4932
f 1683/3366/4933 1685/3370/4934 2055/3371/4935 2053/3367/4936
f 1686/3372/4937 1684/3368/4938 2054/3369/4939 2056/3373/4940
f 1685/3370/4941 1687/3374/4942 2057/3375/4943 2055/3371/4944
f 1688/3376/4945 1686/3372/4946 2056/3373/4947 2058/3377/4948
f 1687/3374/4949 1689/3378/4950 2059/3379/4951 2057/3375/4952
f 1690/3380/4953 1688/3376/4954 2058/3377/4955 2060/3381/4956
f 1689/3378/4957 1691/3382/4958 2061/3383/4959 2059/3379/4960
f 1692/3384/4961 1690/3380/4962 2060/3381/4963 2062/3385/4964
f 1691/3382/4965 1693/3386/4966 2063/3387/4967 2061/3383/4968
f 1694/3388/4969 1692/3384/4970 2062/3385/4971 2064/3389/4972
f 1693/3386/4973 1695/3390/4974 2065/3391/4975 2063/3387/4976
f 1696/3392/4977 1694/3388/4978 2064/3389/4979 2066/3393/4980
f 1695/3390/4981 1697/3394/4982 2067/3395/4983 2065/3391/4984
f 1698/3396/4985 1696/3392/4986 2066/3393/4987 2068/3397/4988
f 1697/3394/4989 1699/3398/4990 2069/3399/4991 2067/3395/4992
f 1700/3400/4993 1698/3396/4994 2068/3397/4995 2070/3401/4996
f 1699/3398/4997 1701/3402/4998 2071/3403/4999 2069/3399/5000
f 1702/3404/5001 1700/3400/5002 2070/3401/5003 2072/3405/5004
f 1701/3402/5005 1703/3406/5006 2073/3407/5007 2071/3403/5008
f 1704/3408/5009 1702/3404/5010 2072/3405/5011 2074/3409/5012
f 1703/3406/5013 1705/3410/5014 2075/3411/5015 2073/3407/5016
f 1706/3412/5017 1704/3408/5018 2074/3409/5019 2076/3413/5020
f 1705/3410/5021 1707/3414/5022 2077/3415/5023 2075/3411/5024
f 1708/3416/5025 1706/3412/5026 2076/3413/5027 2078/3417/5028
f 1707/3414/5029 1709/3418/5030 2079/3419/5031 2077/3415/5032
f 1710/3420/5033 1708/3416/5034 2078/3417/5035 2080/3421/5036
f 1709/3418/5037 1711/3422/5038 2081/3423/5039 2079/3419/5040
f 1712/3424/5041 1710/3420/5042 2080/3421/5043 2082/3425/5044
f 1711/3422/5045 1713/3426/5046 2083/3427/5047 2081/3423/5048
f 1714/3428/5049 1712/3424/5050 2082/3425/5051 2084/3429/5052
f 1713/3426/5053 1715/3430/5054 2085/3431/5055 2083/3427/5056
f 1716/3432/5057 1714/3428/5058 2084/3429/5059 2086/3433/5060
f 1715/3430/5061 1717/3434/5062 2087/3435/5063 2085/3431/5064
f 1718/3436/5065 1716/3432/5066 2086/3433/5067 2088/3437/5068
f 1717/3434/5069 1719/3438/5070 2089/3439/5071 2087/3435/5072
f 1720/3440/5073 1718/3436/5074 2088/3437/5075 2090/3441/5076
f 1719/3438/5077 1721/3442/5078 2091/3443/5079 2089/3439/5080
f 1722/3444/5081 1720/3440/5082 2090/3441/5083 2092/3445/5084
f 1721/3442/5085 1723/3446/5086 2093/3447/5087 2091/3443/5088
f 1724/3448/5089 1722/3444/5090 2092/3445/5091 2094/3449/5092
f 1723/3446/5093 1725/3450/5094 2095/3451/5095 2093/3447/5096
f 1726/3452/5097 1724/3448/5098 2094/3449/5099 2096/3453/5100
f 1725/3450/5101 1727/3454/5102 2097/3455/5103 2095/3451/5104
f 1728/3456/5105 1726/3452/5106 2096/3453/5107 2098/3457/5108
f 1727/3454/5109 1729/3458/5110 2099/3459/5111 2097/3455/5112
f 1730/3460/5113 1728/3456/5114 2098/3457/5115 2100/3461/5116
f 1729/3458/5117 1731/3462/5118 2101/3463/5119 2099/3459/5120
f 1732/3464/5121 1730/3460/5122 2100/3461/5123 2102/3465/5124
f 1731/3462/5125 1537/3074/5126 1907/3077/5127 2101/3463/5128
f 1540/3079/5129 1732/3464/5130 2102/3465/5131 1910/3080/5132
